[simulation] api_step requested session=save_slot_5412 mode=buyer_seller_negotiation running=False pid=None
[simulation] launching worker module=simulation.step_worker session=save_slot_5412 payload=C:\Users\maxim\Research\simulation\.runtime\save_slots\save_slot_5412\step_payload.json
[simulation] worker launched module=simulation.step_worker session=save_slot_5412 pid=13964
[simulation] api_step launched worker session=save_slot_5412 pid=13964
[simulation] api_step requested session=save_slot_5413 mode=buyer_seller_negotiation running=False pid=None
[simulation] launching worker module=simulation.step_worker session=save_slot_5413 payload=C:\Users\maxim\Research\simulation\.runtime\save_slots\save_slot_5413\step_payload.json
[simulation] worker launched module=simulation.step_worker session=save_slot_5413 pid=11116
[simulation] api_step launched worker session=save_slot_5413 pid=11116
[simulation] api_step requested session=save_slot_5411 mode=buyer_seller_negotiation running=False pid=None
[simulation] launching worker module=simulation.step_worker session=save_slot_5411 payload=C:\Users\maxim\Research\simulation\.runtime\save_slots\save_slot_5411\step_payload.json
[simulation] worker launched module=simulation.step_worker session=save_slot_5411 pid=23488
[simulation] api_step launched worker session=save_slot_5411 pid=23488
[simulation] api_step requested session=save_slot_5414 mode=buyer_seller_negotiation running=False pid=None
[simulation] launching worker module=simulation.step_worker session=save_slot_5414 payload=C:\Users\maxim\Research\simulation\.runtime\save_slots\save_slot_5414\step_payload.json
[simulation] worker launched module=simulation.step_worker session=save_slot_5414 pid=24412
[simulation] api_step launched worker session=save_slot_5414 pid=24412
[simulation] api_step requested session=save_slot_5415 mode=buyer_seller_negotiation running=False pid=None
[simulation] launching worker module=simulation.step_worker session=save_slot_5415 payload=C:\Users\maxim\Research\simulation\.runtime\save_slots\save_slot_5415\step_payload.json
[simulation] worker launched module=simulation.step_worker session=save_slot_5415 pid=30608
[simulation] api_step launched worker session=save_slot_5415 pid=30608
[simulation] api_step requested session=save_slot_5416 mode=buyer_seller_negotiation running=False pid=None
[simulation] launching worker module=simulation.step_worker session=save_slot_5416 payload=C:\Users\maxim\Research\simulation\.runtime\save_slots\save_slot_5416\step_payload.json
[simulation] worker launched module=simulation.step_worker session=save_slot_5416 pid=18712
[simulation] api_step launched worker session=save_slot_5416 pid=18712
[simulation] api_step requested session=save_slot_5417 mode=buyer_seller_negotiation running=False pid=None
[simulation] launching worker module=simulation.step_worker session=save_slot_5417 payload=C:\Users\maxim\Research\simulation\.runtime\save_slots\save_slot_5417\step_payload.json
[simulation] worker launched module=simulation.step_worker session=save_slot_5417 pid=31916
[simulation] api_step launched worker session=save_slot_5417 pid=31916
[simulation] api_step requested session=save_slot_5418 mode=buyer_seller_negotiation running=False pid=None
[simulation] launching worker module=simulation.step_worker session=save_slot_5418 payload=C:\Users\maxim\Research\simulation\.runtime\save_slots\save_slot_5418\step_payload.json
[simulation] worker launched module=simulation.step_worker session=save_slot_5418 pid=30416
[simulation] api_step launched worker session=save_slot_5418 pid=30416
[simulation] api_step requested session=save_slot_5419 mode=buyer_seller_negotiation running=False pid=None
[simulation] launching worker module=simulation.step_worker session=save_slot_5419 payload=C:\Users\maxim\Research\simulation\.runtime\save_slots\save_slot_5419\step_payload.json
[simulation] worker launched module=simulation.step_worker session=save_slot_5419 pid=24548
[simulation] api_step launched worker session=save_slot_5419 pid=24548
[simulation] api_step requested session=save_slot_5420 mode=buyer_seller_negotiation running=False pid=None
[simulation] launching worker module=simulation.step_worker session=save_slot_5420 payload=C:\Users\maxim\Research\simulation\.runtime\save_slots\save_slot_5420\step_payload.json
[simulation] worker launched module=simulation.step_worker session=save_slot_5420 pid=35600
[simulation] api_step launched worker session=save_slot_5420 pid=35600
[simulation] api_step requested session=save_slot_5421 mode=buyer_seller_negotiation running=False pid=None
[simulation] launching worker module=simulation.step_worker session=save_slot_5421 payload=C:\Users\maxim\Research\simulation\.runtime\save_slots\save_slot_5421\step_payload.json
[simulation] worker launched module=simulation.step_worker session=save_slot_5421 pid=24124
[simulation] api_step launched worker session=save_slot_5421 pid=24124
[simulation] api_step requested session=save_slot_5422 mode=buyer_seller_negotiation running=False pid=None
[simulation] launching worker module=simulation.step_worker session=save_slot_5422 payload=C:\Users\maxim\Research\simulation\.runtime\save_slots\save_slot_5422\step_payload.json
[simulation] worker launched module=simulation.step_worker session=save_slot_5422 pid=18284
[simulation] api_step launched worker session=save_slot_5422 pid=18284
[simulation] api_step requested session=save_slot_5423 mode=buyer_seller_negotiation running=False pid=None
[simulation] launching worker module=simulation.step_worker session=save_slot_5423 payload=C:\Users\maxim\Research\simulation\.runtime\save_slots\save_slot_5423\step_payload.json
[simulation] worker launched module=simulation.step_worker session=save_slot_5423 pid=26976
[simulation] api_step launched worker session=save_slot_5423 pid=26976
[simulation] api_step requested session=save_slot_5424 mode=buyer_seller_negotiation running=False pid=None
[simulation] launching worker module=simulation.step_worker session=save_slot_5424 payload=C:\Users\maxim\Research\simulation\.runtime\save_slots\save_slot_5424\step_payload.json
[simulation] worker launched module=simulation.step_worker session=save_slot_5424 pid=15300
[simulation] api_step launched worker session=save_slot_5424 pid=15300
[simulation] api_step requested session=save_slot_5425 mode=buyer_seller_negotiation running=False pid=None
[simulation] launching worker module=simulation.step_worker session=save_slot_5425 payload=C:\Users\maxim\Research\simulation\.runtime\save_slots\save_slot_5425\step_payload.json
[simulation] worker launched module=simulation.step_worker session=save_slot_5425 pid=4768
[simulation] api_step launched worker session=save_slot_5425 pid=4768
[simulation] api_step requested session=save_slot_5426 mode=buyer_seller_negotiation running=False pid=None
[simulation] launching worker module=simulation.step_worker session=save_slot_5426 payload=C:\Users\maxim\Research\simulation\.runtime\save_slots\save_slot_5426\step_payload.json
[simulation] worker launched module=simulation.step_worker session=save_slot_5426 pid=25112
[simulation] api_step launched worker session=save_slot_5426 pid=25112
[simulation] api_step requested session=save_slot_5427 mode=buyer_seller_negotiation running=False pid=None
[simulation] launching worker module=simulation.step_worker session=save_slot_5427 payload=C:\Users\maxim\Research\simulation\.runtime\save_slots\save_slot_5427\step_payload.json
[simulation] worker launched module=simulation.step_worker session=save_slot_5427 pid=23036
[simulation] api_step launched worker session=save_slot_5427 pid=23036
[simulation] api_step requested session=save_slot_5428 mode=buyer_seller_negotiation running=False pid=None
[simulation] launching worker module=simulation.step_worker session=save_slot_5428 payload=C:\Users\maxim\Research\simulation\.runtime\save_slots\save_slot_5428\step_payload.json
[simulation] worker launched module=simulation.step_worker session=save_slot_5428 pid=3700
[simulation] api_step launched worker session=save_slot_5428 pid=3700
[simulation] api_step requested session=save_slot_5429 mode=buyer_seller_negotiation running=False pid=None
[simulation] launching worker module=simulation.step_worker session=save_slot_5429 payload=C:\Users\maxim\Research\simulation\.runtime\save_slots\save_slot_5429\step_payload.json
[simulation] worker launched module=simulation.step_worker session=save_slot_5429 pid=34656
[simulation] api_step launched worker session=save_slot_5429 pid=34656
[simulation] api_step requested session=save_slot_5430 mode=buyer_seller_negotiation running=False pid=None
[simulation] launching worker module=simulation.step_worker session=save_slot_5430 payload=C:\Users\maxim\Research\simulation\.runtime\save_slots\save_slot_5430\step_payload.json
[simulation] worker launched module=simulation.step_worker session=save_slot_5430 pid=6532
[simulation] api_step launched worker session=save_slot_5430 pid=6532
[simulation] api_step requested session=save_slot_5431 mode=buyer_seller_negotiation running=False pid=None
[simulation] launching worker module=simulation.step_worker session=save_slot_5431 payload=C:\Users\maxim\Research\simulation\.runtime\save_slots\save_slot_5431\step_payload.json
[simulation] worker launched module=simulation.step_worker session=save_slot_5431 pid=25372
[simulation] api_step launched worker session=save_slot_5431 pid=25372
[simulation] api_step requested session=save_slot_5432 mode=buyer_seller_negotiation running=False pid=None
[simulation] launching worker module=simulation.step_worker session=save_slot_5432 payload=C:\Users\maxim\Research\simulation\.runtime\save_slots\save_slot_5432\step_payload.json
[simulation] worker launched module=simulation.step_worker session=save_slot_5432 pid=5124
[simulation] api_step launched worker session=save_slot_5432 pid=5124
[simulation] api_step requested session=save_slot_5433 mode=buyer_seller_negotiation running=False pid=None
[simulation] launching worker module=simulation.step_worker session=save_slot_5433 payload=C:\Users\maxim\Research\simulation\.runtime\save_slots\save_slot_5433\step_payload.json
[simulation] worker launched module=simulation.step_worker session=save_slot_5433 pid=31204
[simulation] api_step launched worker session=save_slot_5433 pid=31204
[simulation] api_step requested session=save_slot_5434 mode=buyer_seller_negotiation running=False pid=None
[simulation] launching worker module=simulation.step_worker session=save_slot_5434 payload=C:\Users\maxim\Research\simulation\.runtime\save_slots\save_slot_5434\step_payload.json
[simulation] worker launched module=simulation.step_worker session=save_slot_5434 pid=33292
[simulation] api_step launched worker session=save_slot_5434 pid=33292
[simulation] api_step requested session=save_slot_5435 mode=buyer_seller_negotiation running=False pid=None
[simulation] launching worker module=simulation.step_worker session=save_slot_5435 payload=C:\Users\maxim\Research\simulation\.runtime\save_slots\save_slot_5435\step_payload.json
[simulation] worker launched module=simulation.step_worker session=save_slot_5435 pid=19508
[simulation] api_step launched worker session=save_slot_5435 pid=19508
[simulation] api_step requested session=save_slot_5437 mode=buyer_seller_negotiation running=False pid=None
[simulation] launching worker module=simulation.step_worker session=save_slot_5437 payload=C:\Users\maxim\Research\simulation\.runtime\save_slots\save_slot_5437\step_payload.json
[simulation] worker launched module=simulation.step_worker session=save_slot_5437 pid=1304
[simulation] api_step launched worker session=save_slot_5437 pid=1304
[simulation] api_step requested session=save_slot_5438 mode=buyer_seller_negotiation running=False pid=None
[simulation] launching worker module=simulation.step_worker session=save_slot_5438 payload=C:\Users\maxim\Research\simulation\.runtime\save_slots\save_slot_5438\step_payload.json
[simulation] worker launched module=simulation.step_worker session=save_slot_5438 pid=20080
[simulation] api_step launched worker session=save_slot_5438 pid=20080
[simulation] api_step requested session=save_slot_5436 mode=buyer_seller_negotiation running=False pid=None
[simulation] launching worker module=simulation.step_worker session=save_slot_5436 payload=C:\Users\maxim\Research\simulation\.runtime\save_slots\save_slot_5436\step_payload.json
[simulation] worker launched module=simulation.step_worker session=save_slot_5436 pid=30416
[simulation] api_step launched worker session=save_slot_5436 pid=30416
[simulation] api_step requested session=save_slot_5440 mode=buyer_seller_negotiation running=False pid=None
[simulation] launching worker module=simulation.step_worker session=save_slot_5440 payload=C:\Users\maxim\Research\simulation\.runtime\save_slots\save_slot_5440\step_payload.json
[simulation] worker launched module=simulation.step_worker session=save_slot_5440 pid=25608
[simulation] api_step launched worker session=save_slot_5440 pid=25608
[simulation] api_step requested session=save_slot_5439 mode=buyer_seller_negotiation running=False pid=None
[simulation] launching worker module=simulation.step_worker session=save_slot_5439 payload=C:\Users\maxim\Research\simulation\.runtime\save_slots\save_slot_5439\step_payload.json
[simulation] worker launched module=simulation.step_worker session=save_slot_5439 pid=27660
[simulation] api_step launched worker session=save_slot_5439 pid=27660
[simulation] api_step requested session=save_slot_5441 mode=buyer_seller_negotiation running=False pid=None
[simulation] launching worker module=simulation.step_worker session=save_slot_5441 payload=C:\Users\maxim\Research\simulation\.runtime\save_slots\save_slot_5441\step_payload.json
[simulation] worker launched module=simulation.step_worker session=save_slot_5441 pid=32740
[simulation] api_step launched worker session=save_slot_5441 pid=32740
[simulation] api_step requested session=save_slot_5442 mode=buyer_seller_negotiation running=False pid=None
[simulation] launching worker module=simulation.step_worker session=save_slot_5442 payload=C:\Users\maxim\Research\simulation\.runtime\save_slots\save_slot_5442\step_payload.json
[simulation] worker launched module=simulation.step_worker session=save_slot_5442 pid=11956
[simulation] api_step launched worker session=save_slot_5442 pid=11956
[simulation] api_step requested session=save_slot_5443 mode=buyer_seller_negotiation running=False pid=None
[simulation] launching worker module=simulation.step_worker session=save_slot_5443 payload=C:\Users\maxim\Research\simulation\.runtime\save_slots\save_slot_5443\step_payload.json
[simulation] worker launched module=simulation.step_worker session=save_slot_5443 pid=32632
[simulation] api_step launched worker session=save_slot_5443 pid=32632
[simulation] api_step requested session=save_slot_5444 mode=buyer_seller_negotiation running=False pid=None
[simulation] launching worker module=simulation.step_worker session=save_slot_5444 payload=C:\Users\maxim\Research\simulation\.runtime\save_slots\save_slot_5444\step_payload.json
[simulation] worker launched module=simulation.step_worker session=save_slot_5444 pid=34604
[simulation] api_step launched worker session=save_slot_5444 pid=34604
[simulation] api_step requested session=save_slot_5445 mode=buyer_seller_negotiation running=False pid=None
[simulation] launching worker module=simulation.step_worker session=save_slot_5445 payload=C:\Users\maxim\Research\simulation\.runtime\save_slots\save_slot_5445\step_payload.json
[simulation] worker launched module=simulation.step_worker session=save_slot_5445 pid=26020
[simulation] api_step launched worker session=save_slot_5445 pid=26020
[simulation] api_step requested session=save_slot_5446 mode=buyer_seller_negotiation running=False pid=None
[simulation] launching worker module=simulation.step_worker session=save_slot_5446 payload=C:\Users\maxim\Research\simulation\.runtime\save_slots\save_slot_5446\step_payload.json
[simulation] worker launched module=simulation.step_worker session=save_slot_5446 pid=30820
[simulation] api_step launched worker session=save_slot_5446 pid=30820
[simulation] api_step requested session=save_slot_5447 mode=buyer_seller_negotiation running=False pid=None
[simulation] launching worker module=simulation.step_worker session=save_slot_5447 payload=C:\Users\maxim\Research\simulation\.runtime\save_slots\save_slot_5447\step_payload.json
[simulation] worker launched module=simulation.step_worker session=save_slot_5447 pid=19128
[simulation] api_step launched worker session=save_slot_5447 pid=19128
[simulation] api_step requested session=save_slot_5448 mode=buyer_seller_negotiation running=False pid=None
[simulation] launching worker module=simulation.step_worker session=save_slot_5448 payload=C:\Users\maxim\Research\simulation\.runtime\save_slots\save_slot_5448\step_payload.json
[simulation] worker launched module=simulation.step_worker session=save_slot_5448 pid=3524
[simulation] api_step launched worker session=save_slot_5448 pid=3524
[simulation] api_step requested session=save_slot_5449 mode=buyer_seller_negotiation running=False pid=None
[simulation] launching worker module=simulation.step_worker session=save_slot_5449 payload=C:\Users\maxim\Research\simulation\.runtime\save_slots\save_slot_5449\step_payload.json
[simulation] worker launched module=simulation.step_worker session=save_slot_5449 pid=34828
[simulation] api_step launched worker session=save_slot_5449 pid=34828
[simulation] api_step requested session=save_slot_5450 mode=buyer_seller_negotiation running=False pid=None
[simulation] launching worker module=simulation.step_worker session=save_slot_5450 payload=C:\Users\maxim\Research\simulation\.runtime\save_slots\save_slot_5450\step_payload.json
[simulation] worker launched module=simulation.step_worker session=save_slot_5450 pid=10860
[simulation] api_step launched worker session=save_slot_5450 pid=10860
[simulation] api_step requested session=save_slot_5451 mode=buyer_seller_negotiation running=False pid=None
[simulation] launching worker module=simulation.step_worker session=save_slot_5451 payload=C:\Users\maxim\Research\simulation\.runtime\save_slots\save_slot_5451\step_payload.json
[simulation] worker launched module=simulation.step_worker session=save_slot_5451 pid=19280
[simulation] api_step launched worker session=save_slot_5451 pid=19280
[simulation] api_step requested session=save_slot_5452 mode=buyer_seller_negotiation running=False pid=None
[simulation] launching worker module=simulation.step_worker session=save_slot_5452 payload=C:\Users\maxim\Research\simulation\.runtime\save_slots\save_slot_5452\step_payload.json
[simulation] worker launched module=simulation.step_worker session=save_slot_5452 pid=19492
[simulation] api_step launched worker session=save_slot_5452 pid=19492
[simulation] api_step requested session=save_slot_5453 mode=buyer_seller_negotiation running=False pid=None
[simulation] launching worker module=simulation.step_worker session=save_slot_5453 payload=C:\Users\maxim\Research\simulation\.runtime\save_slots\save_slot_5453\step_payload.json
[simulation] worker launched module=simulation.step_worker session=save_slot_5453 pid=18540
[simulation] api_step launched worker session=save_slot_5453 pid=18540
[simulation] api_step requested session=save_slot_5454 mode=buyer_seller_negotiation running=False pid=None
[simulation] launching worker module=simulation.step_worker session=save_slot_5454 payload=C:\Users\maxim\Research\simulation\.runtime\save_slots\save_slot_5454\step_payload.json
[simulation] worker launched module=simulation.step_worker session=save_slot_5454 pid=2776
[simulation] api_step launched worker session=save_slot_5454 pid=2776
[simulation] api_step requested session=save_slot_5455 mode=buyer_seller_negotiation running=False pid=None
[simulation] launching worker module=simulation.step_worker session=save_slot_5455 payload=C:\Users\maxim\Research\simulation\.runtime\save_slots\save_slot_5455\step_payload.json
[simulation] worker launched module=simulation.step_worker session=save_slot_5455 pid=22684
[simulation] api_step launched worker session=save_slot_5455 pid=22684
[simulation] api_step requested session=save_slot_5456 mode=buyer_seller_negotiation running=False pid=None
[simulation] launching worker module=simulation.step_worker session=save_slot_5456 payload=C:\Users\maxim\Research\simulation\.runtime\save_slots\save_slot_5456\step_payload.json
[simulation] worker launched module=simulation.step_worker session=save_slot_5456 pid=33652
[simulation] api_step launched worker session=save_slot_5456 pid=33652
[simulation] api_step requested session=save_slot_5457 mode=buyer_seller_negotiation running=False pid=None
[simulation] launching worker module=simulation.step_worker session=save_slot_5457 payload=C:\Users\maxim\Research\simulation\.runtime\save_slots\save_slot_5457\step_payload.json
[simulation] worker launched module=simulation.step_worker session=save_slot_5457 pid=28500
[simulation] api_step launched worker session=save_slot_5457 pid=28500
[simulation] api_step requested session=save_slot_5458 mode=buyer_seller_negotiation running=False pid=None
[simulation] launching worker module=simulation.step_worker session=save_slot_5458 payload=C:\Users\maxim\Research\simulation\.runtime\save_slots\save_slot_5458\step_payload.json
[simulation] worker launched module=simulation.step_worker session=save_slot_5458 pid=16356
[simulation] api_step launched worker session=save_slot_5458 pid=16356
[simulation] api_step requested session=save_slot_5459 mode=buyer_seller_negotiation running=False pid=None
[simulation] launching worker module=simulation.step_worker session=save_slot_5459 payload=C:\Users\maxim\Research\simulation\.runtime\save_slots\save_slot_5459\step_payload.json
[simulation] worker launched module=simulation.step_worker session=save_slot_5459 pid=24164
[simulation] api_step launched worker session=save_slot_5459 pid=24164
[simulation] api_step requested session=save_slot_5460 mode=buyer_seller_negotiation running=False pid=None
[simulation] launching worker module=simulation.step_worker session=save_slot_5460 payload=C:\Users\maxim\Research\simulation\.runtime\save_slots\save_slot_5460\step_payload.json
[simulation] worker launched module=simulation.step_worker session=save_slot_5460 pid=28796
[simulation] api_step launched worker session=save_slot_5460 pid=28796
[simulation] api_step requested session=save_slot_5461 mode=buyer_seller_negotiation running=False pid=None
[simulation] launching worker module=simulation.step_worker session=save_slot_5461 payload=C:\Users\maxim\Research\simulation\.runtime\save_slots\save_slot_5461\step_payload.json
[simulation] worker launched module=simulation.step_worker session=save_slot_5461 pid=18720
[simulation] api_step launched worker session=save_slot_5461 pid=18720
[simulation] api_step requested session=save_slot_5462 mode=buyer_seller_negotiation running=False pid=None
[simulation] launching worker module=simulation.step_worker session=save_slot_5462 payload=C:\Users\maxim\Research\simulation\.runtime\save_slots\save_slot_5462\step_payload.json
[simulation] worker launched module=simulation.step_worker session=save_slot_5462 pid=10700
[simulation] api_step launched worker session=save_slot_5462 pid=10700
[simulation] api_step requested session=save_slot_5463 mode=buyer_seller_negotiation running=False pid=None
[simulation] launching worker module=simulation.step_worker session=save_slot_5463 payload=C:\Users\maxim\Research\simulation\.runtime\save_slots\save_slot_5463\step_payload.json
[simulation] worker launched module=simulation.step_worker session=save_slot_5463 pid=32164
[simulation] api_step launched worker session=save_slot_5463 pid=32164
[simulation] api_step requested session=save_slot_5464 mode=buyer_seller_negotiation running=False pid=None
[simulation] launching worker module=simulation.step_worker session=save_slot_5464 payload=C:\Users\maxim\Research\simulation\.runtime\save_slots\save_slot_5464\step_payload.json
[simulation] worker launched module=simulation.step_worker session=save_slot_5464 pid=12836
[simulation] api_step launched worker session=save_slot_5464 pid=12836
[simulation] api_step requested session=save_slot_5465 mode=buyer_seller_negotiation running=False pid=None
[simulation] launching worker module=simulation.step_worker session=save_slot_5465 payload=C:\Users\maxim\Research\simulation\.runtime\save_slots\save_slot_5465\step_payload.json
[simulation] worker launched module=simulation.step_worker session=save_slot_5465 pid=23904
[simulation] api_step launched worker session=save_slot_5465 pid=23904
[simulation] api_step requested session=save_slot_5466 mode=buyer_seller_negotiation running=False pid=None
[simulation] launching worker module=simulation.step_worker session=save_slot_5466 payload=C:\Users\maxim\Research\simulation\.runtime\save_slots\save_slot_5466\step_payload.json
[simulation] worker launched module=simulation.step_worker session=save_slot_5466 pid=23812
[simulation] api_step launched worker session=save_slot_5466 pid=23812
[simulation] api_step requested session=save_slot_5467 mode=buyer_seller_negotiation running=False pid=None
[simulation] launching worker module=simulation.step_worker session=save_slot_5467 payload=C:\Users\maxim\Research\simulation\.runtime\save_slots\save_slot_5467\step_payload.json
[simulation] worker launched module=simulation.step_worker session=save_slot_5467 pid=34200
[simulation] api_step launched worker session=save_slot_5467 pid=34200
[simulation] api_step requested session=save_slot_5468 mode=buyer_seller_negotiation running=False pid=None
[simulation] launching worker module=simulation.step_worker session=save_slot_5468 payload=C:\Users\maxim\Research\simulation\.runtime\save_slots\save_slot_5468\step_payload.json
[simulation] worker launched module=simulation.step_worker session=save_slot_5468 pid=11044
[simulation] api_step launched worker session=save_slot_5468 pid=11044
[simulation] api_step requested session=save_slot_5469 mode=buyer_seller_negotiation running=False pid=None
[simulation] launching worker module=simulation.step_worker session=save_slot_5469 payload=C:\Users\maxim\Research\simulation\.runtime\save_slots\save_slot_5469\step_payload.json
[simulation] worker launched module=simulation.step_worker session=save_slot_5469 pid=20372
[simulation] api_step launched worker session=save_slot_5469 pid=20372
[simulation] api_step requested session=save_slot_5470 mode=buyer_seller_negotiation running=False pid=None
[simulation] launching worker module=simulation.step_worker session=save_slot_5470 payload=C:\Users\maxim\Research\simulation\.runtime\save_slots\save_slot_5470\step_payload.json
[simulation] worker launched module=simulation.step_worker session=save_slot_5470 pid=26644
[simulation] api_step launched worker session=save_slot_5470 pid=26644
[simulation] api_step requested session=save_slot_5471 mode=buyer_seller_negotiation running=False pid=None
[simulation] launching worker module=simulation.step_worker session=save_slot_5471 payload=C:\Users\maxim\Research\simulation\.runtime\save_slots\save_slot_5471\step_payload.json
[simulation] worker launched module=simulation.step_worker session=save_slot_5471 pid=19688
[simulation] api_step launched worker session=save_slot_5471 pid=19688
[simulation] api_step requested session=save_slot_5472 mode=buyer_seller_negotiation running=False pid=None
[simulation] launching worker module=simulation.step_worker session=save_slot_5472 payload=C:\Users\maxim\Research\simulation\.runtime\save_slots\save_slot_5472\step_payload.json
[simulation] worker launched module=simulation.step_worker session=save_slot_5472 pid=32648
[simulation] api_step launched worker session=save_slot_5472 pid=32648
[simulation] api_step requested session=save_slot_5473 mode=buyer_seller_negotiation running=False pid=None
[simulation] launching worker module=simulation.step_worker session=save_slot_5473 payload=C:\Users\maxim\Research\simulation\.runtime\save_slots\save_slot_5473\step_payload.json
[simulation] worker launched module=simulation.step_worker session=save_slot_5473 pid=12440
[simulation] api_step launched worker session=save_slot_5473 pid=12440
[simulation] api_step requested session=save_slot_5474 mode=buyer_seller_negotiation running=False pid=None
[simulation] launching worker module=simulation.step_worker session=save_slot_5474 payload=C:\Users\maxim\Research\simulation\.runtime\save_slots\save_slot_5474\step_payload.json
[simulation] worker launched module=simulation.step_worker session=save_slot_5474 pid=20444
[simulation] api_step launched worker session=save_slot_5474 pid=20444
[simulation] api_step requested session=save_slot_5475 mode=buyer_seller_negotiation running=False pid=None
[simulation] launching worker module=simulation.step_worker session=save_slot_5475 payload=C:\Users\maxim\Research\simulation\.runtime\save_slots\save_slot_5475\step_payload.json
[simulation] worker launched module=simulation.step_worker session=save_slot_5475 pid=15992
[simulation] api_step launched worker session=save_slot_5475 pid=15992
[simulation] api_step requested session=save_slot_5476 mode=buyer_seller_negotiation running=False pid=None
[simulation] launching worker module=simulation.step_worker session=save_slot_5476 payload=C:\Users\maxim\Research\simulation\.runtime\save_slots\save_slot_5476\step_payload.json
[simulation] worker launched module=simulation.step_worker session=save_slot_5476 pid=15880
[simulation] api_step launched worker session=save_slot_5476 pid=15880
[simulation] api_step requested session=save_slot_5477 mode=buyer_seller_negotiation running=False pid=None
[simulation] launching worker module=simulation.step_worker session=save_slot_5477 payload=C:\Users\maxim\Research\simulation\.runtime\save_slots\save_slot_5477\step_payload.json
[simulation] worker launched module=simulation.step_worker session=save_slot_5477 pid=29104
[simulation] api_step launched worker session=save_slot_5477 pid=29104
[simulation] api_step requested session=save_slot_5478 mode=buyer_seller_negotiation running=False pid=None
[simulation] launching worker module=simulation.step_worker session=save_slot_5478 payload=C:\Users\maxim\Research\simulation\.runtime\save_slots\save_slot_5478\step_payload.json
[simulation] worker launched module=simulation.step_worker session=save_slot_5478 pid=33320
[simulation] api_step launched worker session=save_slot_5478 pid=33320
[simulation] api_step requested session=save_slot_5479 mode=buyer_seller_negotiation running=False pid=None
[simulation] launching worker module=simulation.step_worker session=save_slot_5479 payload=C:\Users\maxim\Research\simulation\.runtime\save_slots\save_slot_5479\step_payload.json
[simulation] worker launched module=simulation.step_worker session=save_slot_5479 pid=32808
[simulation] api_step launched worker session=save_slot_5479 pid=32808
[simulation] api_step requested session=save_slot_5480 mode=buyer_seller_negotiation running=False pid=None
[simulation] launching worker module=simulation.step_worker session=save_slot_5480 payload=C:\Users\maxim\Research\simulation\.runtime\save_slots\save_slot_5480\step_payload.json
[simulation] worker launched module=simulation.step_worker session=save_slot_5480 pid=25704
[simulation] api_step launched worker session=save_slot_5480 pid=25704
[simulation] api_step requested session=save_slot_5481 mode=buyer_seller_negotiation running=False pid=None
[simulation] launching worker module=simulation.step_worker session=save_slot_5481 payload=C:\Users\maxim\Research\simulation\.runtime\save_slots\save_slot_5481\step_payload.json
[simulation] worker launched module=simulation.step_worker session=save_slot_5481 pid=19488
[simulation] api_step launched worker session=save_slot_5481 pid=19488
[simulation] api_step requested session=save_slot_5482 mode=buyer_seller_negotiation running=False pid=None
[simulation] launching worker module=simulation.step_worker session=save_slot_5482 payload=C:\Users\maxim\Research\simulation\.runtime\save_slots\save_slot_5482\step_payload.json
[simulation] worker launched module=simulation.step_worker session=save_slot_5482 pid=20556
[simulation] api_step launched worker session=save_slot_5482 pid=20556
[simulation] api_step requested session=save_slot_5483 mode=buyer_seller_negotiation running=False pid=None
[simulation] launching worker module=simulation.step_worker session=save_slot_5483 payload=C:\Users\maxim\Research\simulation\.runtime\save_slots\save_slot_5483\step_payload.json
[simulation] worker launched module=simulation.step_worker session=save_slot_5483 pid=26008
[simulation] api_step launched worker session=save_slot_5483 pid=26008
[simulation] api_step requested session=save_slot_5484 mode=buyer_seller_negotiation running=False pid=None
[simulation] launching worker module=simulation.step_worker session=save_slot_5484 payload=C:\Users\maxim\Research\simulation\.runtime\save_slots\save_slot_5484\step_payload.json
[simulation] worker launched module=simulation.step_worker session=save_slot_5484 pid=4800
[simulation] api_step launched worker session=save_slot_5484 pid=4800
[simulation] api_step requested session=save_slot_5485 mode=buyer_seller_negotiation running=False pid=None
[simulation] launching worker module=simulation.step_worker session=save_slot_5485 payload=C:\Users\maxim\Research\simulation\.runtime\save_slots\save_slot_5485\step_payload.json
[simulation] worker launched module=simulation.step_worker session=save_slot_5485 pid=12624
[simulation] api_step launched worker session=save_slot_5485 pid=12624
[simulation] api_step requested session=save_slot_5486 mode=buyer_seller_negotiation running=False pid=None
[simulation] launching worker module=simulation.step_worker session=save_slot_5486 payload=C:\Users\maxim\Research\simulation\.runtime\save_slots\save_slot_5486\step_payload.json
[simulation] worker launched module=simulation.step_worker session=save_slot_5486 pid=29352
[simulation] api_step launched worker session=save_slot_5486 pid=29352
[simulation] api_step requested session=save_slot_5487 mode=buyer_seller_negotiation running=False pid=None
[simulation] launching worker module=simulation.step_worker session=save_slot_5487 payload=C:\Users\maxim\Research\simulation\.runtime\save_slots\save_slot_5487\step_payload.json
[simulation] worker launched module=simulation.step_worker session=save_slot_5487 pid=1824
[simulation] api_step launched worker session=save_slot_5487 pid=1824
[simulation] api_step requested session=save_slot_5488 mode=buyer_seller_negotiation running=False pid=None
[simulation] launching worker module=simulation.step_worker session=save_slot_5488 payload=C:\Users\maxim\Research\simulation\.runtime\save_slots\save_slot_5488\step_payload.json
[simulation] worker launched module=simulation.step_worker session=save_slot_5488 pid=31036
[simulation] api_step launched worker session=save_slot_5488 pid=31036
[simulation] api_step requested session=save_slot_5489 mode=buyer_seller_negotiation running=False pid=None
[simulation] launching worker module=simulation.step_worker session=save_slot_5489 payload=C:\Users\maxim\Research\simulation\.runtime\save_slots\save_slot_5489\step_payload.json
[simulation] worker launched module=simulation.step_worker session=save_slot_5489 pid=36036
[simulation] api_step launched worker session=save_slot_5489 pid=36036
[simulation] api_step requested session=save_slot_5490 mode=buyer_seller_negotiation running=False pid=None
[simulation] launching worker module=simulation.step_worker session=save_slot_5490 payload=C:\Users\maxim\Research\simulation\.runtime\save_slots\save_slot_5490\step_payload.json
[simulation] worker launched module=simulation.step_worker session=save_slot_5490 pid=16080
[simulation] api_step launched worker session=save_slot_5490 pid=16080
[simulation] api_step requested session=save_slot_5491 mode=buyer_seller_negotiation running=False pid=None
[simulation] launching worker module=simulation.step_worker session=save_slot_5491 payload=C:\Users\maxim\Research\simulation\.runtime\save_slots\save_slot_5491\step_payload.json
[simulation] worker launched module=simulation.step_worker session=save_slot_5491 pid=25672
[simulation] api_step launched worker session=save_slot_5491 pid=25672
[simulation] api_step requested session=save_slot_5492 mode=buyer_seller_negotiation running=False pid=None
[simulation] launching worker module=simulation.step_worker session=save_slot_5492 payload=C:\Users\maxim\Research\simulation\.runtime\save_slots\save_slot_5492\step_payload.json
[simulation] worker launched module=simulation.step_worker session=save_slot_5492 pid=29932
[simulation] api_step launched worker session=save_slot_5492 pid=29932
[simulation] api_step requested session=save_slot_5493 mode=buyer_seller_negotiation running=False pid=None
[simulation] launching worker module=simulation.step_worker session=save_slot_5493 payload=C:\Users\maxim\Research\simulation\.runtime\save_slots\save_slot_5493\step_payload.json
[simulation] worker launched module=simulation.step_worker session=save_slot_5493 pid=3768
[simulation] api_step launched worker session=save_slot_5493 pid=3768
[simulation] api_step requested session=save_slot_5494 mode=buyer_seller_negotiation running=False pid=None
[simulation] launching worker module=simulation.step_worker session=save_slot_5494 payload=C:\Users\maxim\Research\simulation\.runtime\save_slots\save_slot_5494\step_payload.json
[simulation] worker launched module=simulation.step_worker session=save_slot_5494 pid=14176
[simulation] api_step launched worker session=save_slot_5494 pid=14176
[simulation] api_step requested session=save_slot_5495 mode=buyer_seller_negotiation running=False pid=None
[simulation] launching worker module=simulation.step_worker session=save_slot_5495 payload=C:\Users\maxim\Research\simulation\.runtime\save_slots\save_slot_5495\step_payload.json
[simulation] worker launched module=simulation.step_worker session=save_slot_5495 pid=25604
[simulation] api_step launched worker session=save_slot_5495 pid=25604
[simulation] api_step requested session=save_slot_5496 mode=buyer_seller_negotiation running=False pid=None
[simulation] launching worker module=simulation.step_worker session=save_slot_5496 payload=C:\Users\maxim\Research\simulation\.runtime\save_slots\save_slot_5496\step_payload.json
[simulation] worker launched module=simulation.step_worker session=save_slot_5496 pid=31968
[simulation] api_step launched worker session=save_slot_5496 pid=31968
[simulation] api_step requested session=save_slot_5497 mode=buyer_seller_negotiation running=False pid=None
[simulation] launching worker module=simulation.step_worker session=save_slot_5497 payload=C:\Users\maxim\Research\simulation\.runtime\save_slots\save_slot_5497\step_payload.json
[simulation] worker launched module=simulation.step_worker session=save_slot_5497 pid=16204
[simulation] api_step launched worker session=save_slot_5497 pid=16204
[simulation] api_step requested session=save_slot_5498 mode=buyer_seller_negotiation running=False pid=None
[simulation] launching worker module=simulation.step_worker session=save_slot_5498 payload=C:\Users\maxim\Research\simulation\.runtime\save_slots\save_slot_5498\step_payload.json
[simulation] worker launched module=simulation.step_worker session=save_slot_5498 pid=14808
[simulation] api_step launched worker session=save_slot_5498 pid=14808
[simulation] api_step requested session=save_slot_5499 mode=buyer_seller_negotiation running=False pid=None
[simulation] launching worker module=simulation.step_worker session=save_slot_5499 payload=C:\Users\maxim\Research\simulation\.runtime\save_slots\save_slot_5499\step_payload.json
[simulation] worker launched module=simulation.step_worker session=save_slot_5499 pid=29084
[simulation] api_step launched worker session=save_slot_5499 pid=29084
[simulation] api_step requested session=save_slot_5500 mode=buyer_seller_negotiation running=False pid=None
[simulation] launching worker module=simulation.step_worker session=save_slot_5500 payload=C:\Users\maxim\Research\simulation\.runtime\save_slots\save_slot_5500\step_payload.json
[simulation] worker launched module=simulation.step_worker session=save_slot_5500 pid=16356
[simulation] api_step launched worker session=save_slot_5500 pid=16356
[simulation] api_step requested session=save_slot_5501 mode=buyer_seller_negotiation running=False pid=None
[simulation] launching worker module=simulation.step_worker session=save_slot_5501 payload=C:\Users\maxim\Research\simulation\.runtime\save_slots\save_slot_5501\step_payload.json
[simulation] worker launched module=simulation.step_worker session=save_slot_5501 pid=34252
[simulation] api_step launched worker session=save_slot_5501 pid=34252
[simulation] api_step requested session=save_slot_5502 mode=buyer_seller_negotiation running=False pid=None
[simulation] launching worker module=simulation.step_worker session=save_slot_5502 payload=C:\Users\maxim\Research\simulation\.runtime\save_slots\save_slot_5502\step_payload.json
[simulation] worker launched module=simulation.step_worker session=save_slot_5502 pid=28372
[simulation] api_step launched worker session=save_slot_5502 pid=28372
[simulation] api_step requested session=save_slot_5503 mode=buyer_seller_negotiation running=False pid=None
[simulation] launching worker module=simulation.step_worker session=save_slot_5503 payload=C:\Users\maxim\Research\simulation\.runtime\save_slots\save_slot_5503\step_payload.json
[simulation] worker launched module=simulation.step_worker session=save_slot_5503 pid=20708
[simulation] api_step launched worker session=save_slot_5503 pid=20708
[simulation] api_step requested session=save_slot_5504 mode=buyer_seller_negotiation running=False pid=None
[simulation] launching worker module=simulation.step_worker session=save_slot_5504 payload=C:\Users\maxim\Research\simulation\.runtime\save_slots\save_slot_5504\step_payload.json
[simulation] worker launched module=simulation.step_worker session=save_slot_5504 pid=25264
[simulation] api_step launched worker session=save_slot_5504 pid=25264
[simulation] api_step requested session=save_slot_5505 mode=buyer_seller_negotiation running=False pid=None
[simulation] launching worker module=simulation.step_worker session=save_slot_5505 payload=C:\Users\maxim\Research\simulation\.runtime\save_slots\save_slot_5505\step_payload.json
[simulation] worker launched module=simulation.step_worker session=save_slot_5505 pid=23928
[simulation] api_step launched worker session=save_slot_5505 pid=23928
[simulation] api_step requested session=save_slot_5506 mode=buyer_seller_negotiation running=False pid=None
[simulation] launching worker module=simulation.step_worker session=save_slot_5506 payload=C:\Users\maxim\Research\simulation\.runtime\save_slots\save_slot_5506\step_payload.json
[simulation] worker launched module=simulation.step_worker session=save_slot_5506 pid=30372
[simulation] api_step launched worker session=save_slot_5506 pid=30372
[simulation] api_step requested session=save_slot_5507 mode=buyer_seller_negotiation running=False pid=None
[simulation] launching worker module=simulation.step_worker session=save_slot_5507 payload=C:\Users\maxim\Research\simulation\.runtime\save_slots\save_slot_5507\step_payload.json
[simulation] worker launched module=simulation.step_worker session=save_slot_5507 pid=25620
[simulation] api_step launched worker session=save_slot_5507 pid=25620
[simulation] api_step requested session=save_slot_5508 mode=buyer_seller_negotiation running=False pid=None
[simulation] launching worker module=simulation.step_worker session=save_slot_5508 payload=C:\Users\maxim\Research\simulation\.runtime\save_slots\save_slot_5508\step_payload.json
[simulation] worker launched module=simulation.step_worker session=save_slot_5508 pid=8356
[simulation] api_step launched worker session=save_slot_5508 pid=8356
[simulation] api_step requested session=save_slot_5509 mode=buyer_seller_negotiation running=False pid=None
[simulation] launching worker module=simulation.step_worker session=save_slot_5509 payload=C:\Users\maxim\Research\simulation\.runtime\save_slots\save_slot_5509\step_payload.json
[simulation] worker launched module=simulation.step_worker session=save_slot_5509 pid=18960
[simulation] api_step launched worker session=save_slot_5509 pid=18960
[simulation] api_step requested session=save_slot_5510 mode=buyer_seller_negotiation running=False pid=None
[simulation] launching worker module=simulation.step_worker session=save_slot_5510 payload=C:\Users\maxim\Research\simulation\.runtime\save_slots\save_slot_5510\step_payload.json
[simulation] worker launched module=simulation.step_worker session=save_slot_5510 pid=31364
[simulation] api_step launched worker session=save_slot_5510 pid=31364
[simulation] api_step requested session=save_slot_5511 mode=buyer_seller_negotiation running=False pid=None
[simulation] launching worker module=simulation.step_worker session=save_slot_5511 payload=C:\Users\maxim\Research\simulation\.runtime\save_slots\save_slot_5511\step_payload.json
[simulation] worker launched module=simulation.step_worker session=save_slot_5511 pid=10472
[simulation] api_step launched worker session=save_slot_5511 pid=10472
[simulation] api_step requested session=save_slot_5512 mode=buyer_seller_negotiation running=False pid=None
[simulation] launching worker module=simulation.step_worker session=save_slot_5512 payload=C:\Users\maxim\Research\simulation\.runtime\save_slots\save_slot_5512\step_payload.json
[simulation] worker launched module=simulation.step_worker session=save_slot_5512 pid=21832
[simulation] api_step launched worker session=save_slot_5512 pid=21832
[simulation] api_step requested session=save_slot_5513 mode=buyer_seller_negotiation running=False pid=None
[simulation] launching worker module=simulation.step_worker session=save_slot_5513 payload=C:\Users\maxim\Research\simulation\.runtime\save_slots\save_slot_5513\step_payload.json
[simulation] worker launched module=simulation.step_worker session=save_slot_5513 pid=20024
[simulation] api_step launched worker session=save_slot_5513 pid=20024
[simulation] api_step requested session=save_slot_5514 mode=buyer_seller_negotiation running=False pid=None
[simulation] launching worker module=simulation.step_worker session=save_slot_5514 payload=C:\Users\maxim\Research\simulation\.runtime\save_slots\save_slot_5514\step_payload.json
[simulation] worker launched module=simulation.step_worker session=save_slot_5514 pid=20372
[simulation] api_step launched worker session=save_slot_5514 pid=20372
[simulation] api_step requested session=save_slot_5515 mode=buyer_seller_negotiation running=False pid=None
[simulation] launching worker module=simulation.step_worker session=save_slot_5515 payload=C:\Users\maxim\Research\simulation\.runtime\save_slots\save_slot_5515\step_payload.json
[simulation] worker launched module=simulation.step_worker session=save_slot_5515 pid=35896
[simulation] api_step launched worker session=save_slot_5515 pid=35896
[simulation] api_step requested session=save_slot_5516 mode=buyer_seller_negotiation running=False pid=None
[simulation] launching worker module=simulation.step_worker session=save_slot_5516 payload=C:\Users\maxim\Research\simulation\.runtime\save_slots\save_slot_5516\step_payload.json
[simulation] worker launched module=simulation.step_worker session=save_slot_5516 pid=7080
[simulation] api_step launched worker session=save_slot_5516 pid=7080
[simulation] api_step requested session=save_slot_5517 mode=buyer_seller_negotiation running=False pid=None
[simulation] launching worker module=simulation.step_worker session=save_slot_5517 payload=C:\Users\maxim\Research\simulation\.runtime\save_slots\save_slot_5517\step_payload.json
[simulation] worker launched module=simulation.step_worker session=save_slot_5517 pid=1468
[simulation] api_step launched worker session=save_slot_5517 pid=1468
[simulation] api_step requested session=save_slot_5518 mode=buyer_seller_negotiation running=False pid=None
[simulation] launching worker module=simulation.step_worker session=save_slot_5518 payload=C:\Users\maxim\Research\simulation\.runtime\save_slots\save_slot_5518\step_payload.json
[simulation] worker launched module=simulation.step_worker session=save_slot_5518 pid=15028
[simulation] api_step launched worker session=save_slot_5518 pid=15028
[simulation] api_step requested session=save_slot_5519 mode=buyer_seller_negotiation running=False pid=None
[simulation] launching worker module=simulation.step_worker session=save_slot_5519 payload=C:\Users\maxim\Research\simulation\.runtime\save_slots\save_slot_5519\step_payload.json
[simulation] worker launched module=simulation.step_worker session=save_slot_5519 pid=2352
[simulation] api_step launched worker session=save_slot_5519 pid=2352
[simulation] api_step requested session=save_slot_5520 mode=buyer_seller_negotiation running=False pid=None
[simulation] launching worker module=simulation.step_worker session=save_slot_5520 payload=C:\Users\maxim\Research\simulation\.runtime\save_slots\save_slot_5520\step_payload.json
[simulation] worker launched module=simulation.step_worker session=save_slot_5520 pid=20816
[simulation] api_step launched worker session=save_slot_5520 pid=20816
[simulation] api_step requested session=save_slot_5521 mode=buyer_seller_negotiation running=False pid=None
[simulation] launching worker module=simulation.step_worker session=save_slot_5521 payload=C:\Users\maxim\Research\simulation\.runtime\save_slots\save_slot_5521\step_payload.json
[simulation] worker launched module=simulation.step_worker session=save_slot_5521 pid=33556
[simulation] api_step launched worker session=save_slot_5521 pid=33556
[simulation] api_step requested session=save_slot_5522 mode=buyer_seller_negotiation running=False pid=None
[simulation] launching worker module=simulation.step_worker session=save_slot_5522 payload=C:\Users\maxim\Research\simulation\.runtime\save_slots\save_slot_5522\step_payload.json
[simulation] worker launched module=simulation.step_worker session=save_slot_5522 pid=32252
[simulation] api_step launched worker session=save_slot_5522 pid=32252
[simulation] api_step requested session=save_slot_5523 mode=buyer_seller_negotiation running=False pid=None
[simulation] launching worker module=simulation.step_worker session=save_slot_5523 payload=C:\Users\maxim\Research\simulation\.runtime\save_slots\save_slot_5523\step_payload.json
[simulation] worker launched module=simulation.step_worker session=save_slot_5523 pid=7592
[simulation] api_step launched worker session=save_slot_5523 pid=7592
[simulation] api_step requested session=save_slot_5524 mode=buyer_seller_negotiation running=False pid=None
[simulation] launching worker module=simulation.step_worker session=save_slot_5524 payload=C:\Users\maxim\Research\simulation\.runtime\save_slots\save_slot_5524\step_payload.json
[simulation] worker launched module=simulation.step_worker session=save_slot_5524 pid=24368
[simulation] api_step launched worker session=save_slot_5524 pid=24368
[simulation] api_step requested session=save_slot_5525 mode=buyer_seller_negotiation running=False pid=None
[simulation] launching worker module=simulation.step_worker session=save_slot_5525 payload=C:\Users\maxim\Research\simulation\.runtime\save_slots\save_slot_5525\step_payload.json
[simulation] worker launched module=simulation.step_worker session=save_slot_5525 pid=35368
[simulation] api_step launched worker session=save_slot_5525 pid=35368
[simulation] api_step requested session=save_slot_5526 mode=buyer_seller_negotiation running=False pid=None
[simulation] launching worker module=simulation.step_worker session=save_slot_5526 payload=C:\Users\maxim\Research\simulation\.runtime\save_slots\save_slot_5526\step_payload.json
[simulation] worker launched module=simulation.step_worker session=save_slot_5526 pid=24896
[simulation] api_step launched worker session=save_slot_5526 pid=24896
[simulation] api_step requested session=save_slot_5527 mode=buyer_seller_negotiation running=False pid=None
[simulation] launching worker module=simulation.step_worker session=save_slot_5527 payload=C:\Users\maxim\Research\simulation\.runtime\save_slots\save_slot_5527\step_payload.json
[simulation] worker launched module=simulation.step_worker session=save_slot_5527 pid=3672
[simulation] api_step launched worker session=save_slot_5527 pid=3672
[simulation] api_step requested session=save_slot_5528 mode=buyer_seller_negotiation running=False pid=None
[simulation] launching worker module=simulation.step_worker session=save_slot_5528 payload=C:\Users\maxim\Research\simulation\.runtime\save_slots\save_slot_5528\step_payload.json
[simulation] worker launched module=simulation.step_worker session=save_slot_5528 pid=24236
[simulation] api_step launched worker session=save_slot_5528 pid=24236
[simulation] api_step requested session=save_slot_5529 mode=buyer_seller_negotiation running=False pid=None
[simulation] launching worker module=simulation.step_worker session=save_slot_5529 payload=C:\Users\maxim\Research\simulation\.runtime\save_slots\save_slot_5529\step_payload.json
[simulation] worker launched module=simulation.step_worker session=save_slot_5529 pid=3976
[simulation] api_step launched worker session=save_slot_5529 pid=3976
[simulation] api_step requested session=save_slot_5530 mode=buyer_seller_negotiation running=False pid=None
[simulation] launching worker module=simulation.step_worker session=save_slot_5530 payload=C:\Users\maxim\Research\simulation\.runtime\save_slots\save_slot_5530\step_payload.json
[simulation] worker launched module=simulation.step_worker session=save_slot_5530 pid=34420
[simulation] api_step launched worker session=save_slot_5530 pid=34420
[simulation] api_step requested session=save_slot_5531 mode=buyer_seller_negotiation running=False pid=None
[simulation] launching worker module=simulation.step_worker session=save_slot_5531 payload=C:\Users\maxim\Research\simulation\.runtime\save_slots\save_slot_5531\step_payload.json
[simulation] worker launched module=simulation.step_worker session=save_slot_5531 pid=15340
[simulation] api_step launched worker session=save_slot_5531 pid=15340
[simulation] api_step requested session=save_slot_5532 mode=buyer_seller_negotiation running=False pid=None
[simulation] launching worker module=simulation.step_worker session=save_slot_5532 payload=C:\Users\maxim\Research\simulation\.runtime\save_slots\save_slot_5532\step_payload.json
[simulation] worker launched module=simulation.step_worker session=save_slot_5532 pid=32332
[simulation] api_step launched worker session=save_slot_5532 pid=32332
[simulation] api_step requested session=save_slot_5533 mode=buyer_seller_negotiation running=False pid=None
[simulation] launching worker module=simulation.step_worker session=save_slot_5533 payload=C:\Users\maxim\Research\simulation\.runtime\save_slots\save_slot_5533\step_payload.json
[simulation] worker launched module=simulation.step_worker session=save_slot_5533 pid=29280
[simulation] api_step launched worker session=save_slot_5533 pid=29280
[simulation] api_step requested session=save_slot_5534 mode=buyer_seller_negotiation running=False pid=None
[simulation] launching worker module=simulation.step_worker session=save_slot_5534 payload=C:\Users\maxim\Research\simulation\.runtime\save_slots\save_slot_5534\step_payload.json
[simulation] worker launched module=simulation.step_worker session=save_slot_5534 pid=9796
[simulation] api_step launched worker session=save_slot_5534 pid=9796
[simulation] api_step requested session=save_slot_5535 mode=buyer_seller_negotiation running=False pid=None
[simulation] launching worker module=simulation.step_worker session=save_slot_5535 payload=C:\Users\maxim\Research\simulation\.runtime\save_slots\save_slot_5535\step_payload.json
[simulation] worker launched module=simulation.step_worker session=save_slot_5535 pid=34548
[simulation] api_step launched worker session=save_slot_5535 pid=34548
[simulation] api_step requested session=save_slot_5536 mode=buyer_seller_negotiation running=False pid=None
[simulation] launching worker module=simulation.step_worker session=save_slot_5536 payload=C:\Users\maxim\Research\simulation\.runtime\save_slots\save_slot_5536\step_payload.json
[simulation] worker launched module=simulation.step_worker session=save_slot_5536 pid=7176
[simulation] api_step launched worker session=save_slot_5536 pid=7176
[simulation] api_step requested session=save_slot_5537 mode=buyer_seller_negotiation running=False pid=None
[simulation] launching worker module=simulation.step_worker session=save_slot_5537 payload=C:\Users\maxim\Research\simulation\.runtime\save_slots\save_slot_5537\step_payload.json
[simulation] worker launched module=simulation.step_worker session=save_slot_5537 pid=13812
[simulation] api_step launched worker session=save_slot_5537 pid=13812
[simulation] api_step requested session=save_slot_5538 mode=buyer_seller_negotiation running=False pid=None
[simulation] launching worker module=simulation.step_worker session=save_slot_5538 payload=C:\Users\maxim\Research\simulation\.runtime\save_slots\save_slot_5538\step_payload.json
[simulation] worker launched module=simulation.step_worker session=save_slot_5538 pid=36804
[simulation] api_step launched worker session=save_slot_5538 pid=36804
[simulation] api_step requested session=save_slot_5539 mode=buyer_seller_negotiation running=False pid=None
[simulation] launching worker module=simulation.step_worker session=save_slot_5539 payload=C:\Users\maxim\Research\simulation\.runtime\save_slots\save_slot_5539\step_payload.json
[simulation] worker launched module=simulation.step_worker session=save_slot_5539 pid=21176
[simulation] api_step launched worker session=save_slot_5539 pid=21176
[simulation] api_step requested session=save_slot_5540 mode=buyer_seller_negotiation running=False pid=None
[simulation] launching worker module=simulation.step_worker session=save_slot_5540 payload=C:\Users\maxim\Research\simulation\.runtime\save_slots\save_slot_5540\step_payload.json
[simulation] worker launched module=simulation.step_worker session=save_slot_5540 pid=24872
[simulation] api_step launched worker session=save_slot_5540 pid=24872
[simulation] api_step requested session=save_slot_5541 mode=buyer_seller_negotiation running=False pid=None
[simulation] launching worker module=simulation.step_worker session=save_slot_5541 payload=C:\Users\maxim\Research\simulation\.runtime\save_slots\save_slot_5541\step_payload.json
[simulation] worker launched module=simulation.step_worker session=save_slot_5541 pid=10932
[simulation] api_step launched worker session=save_slot_5541 pid=10932
[simulation] api_step requested session=save_slot_5542 mode=buyer_seller_negotiation running=False pid=None
[simulation] launching worker module=simulation.step_worker session=save_slot_5542 payload=C:\Users\maxim\Research\simulation\.runtime\save_slots\save_slot_5542\step_payload.json
[simulation] worker launched module=simulation.step_worker session=save_slot_5542 pid=33572
[simulation] api_step launched worker session=save_slot_5542 pid=33572
[simulation] api_step requested session=save_slot_5543 mode=buyer_seller_negotiation running=False pid=None
[simulation] launching worker module=simulation.step_worker session=save_slot_5543 payload=C:\Users\maxim\Research\simulation\.runtime\save_slots\save_slot_5543\step_payload.json
[simulation] worker launched module=simulation.step_worker session=save_slot_5543 pid=30124
[simulation] api_step launched worker session=save_slot_5543 pid=30124
[simulation] api_step requested session=save_slot_5544 mode=buyer_seller_negotiation running=False pid=None
[simulation] launching worker module=simulation.step_worker session=save_slot_5544 payload=C:\Users\maxim\Research\simulation\.runtime\save_slots\save_slot_5544\step_payload.json
[simulation] worker launched module=simulation.step_worker session=save_slot_5544 pid=34012
[simulation] api_step launched worker session=save_slot_5544 pid=34012
[simulation] api_step requested session=save_slot_5545 mode=buyer_seller_negotiation running=False pid=None
[simulation] launching worker module=simulation.step_worker session=save_slot_5545 payload=C:\Users\maxim\Research\simulation\.runtime\save_slots\save_slot_5545\step_payload.json
[simulation] worker launched module=simulation.step_worker session=save_slot_5545 pid=32712
[simulation] api_step launched worker session=save_slot_5545 pid=32712
[simulation] api_step requested session=save_slot_5546 mode=buyer_seller_negotiation running=False pid=None
[simulation] launching worker module=simulation.step_worker session=save_slot_5546 payload=C:\Users\maxim\Research\simulation\.runtime\save_slots\save_slot_5546\step_payload.json
[simulation] worker launched module=simulation.step_worker session=save_slot_5546 pid=15820
[simulation] api_step launched worker session=save_slot_5546 pid=15820
[simulation] api_step requested session=save_slot_5547 mode=buyer_seller_negotiation running=False pid=None
[simulation] launching worker module=simulation.step_worker session=save_slot_5547 payload=C:\Users\maxim\Research\simulation\.runtime\save_slots\save_slot_5547\step_payload.json
[simulation] worker launched module=simulation.step_worker session=save_slot_5547 pid=6588
[simulation] api_step launched worker session=save_slot_5547 pid=6588
[simulation] api_step requested session=save_slot_5548 mode=buyer_seller_negotiation running=False pid=None
[simulation] launching worker module=simulation.step_worker session=save_slot_5548 payload=C:\Users\maxim\Research\simulation\.runtime\save_slots\save_slot_5548\step_payload.json
[simulation] worker launched module=simulation.step_worker session=save_slot_5548 pid=19120
[simulation] api_step launched worker session=save_slot_5548 pid=19120
[simulation] api_step requested session=save_slot_5549 mode=buyer_seller_negotiation running=False pid=None
[simulation] launching worker module=simulation.step_worker session=save_slot_5549 payload=C:\Users\maxim\Research\simulation\.runtime\save_slots\save_slot_5549\step_payload.json
[simulation] worker launched module=simulation.step_worker session=save_slot_5549 pid=23408
[simulation] api_step launched worker session=save_slot_5549 pid=23408
[simulation] api_step requested session=save_slot_5550 mode=buyer_seller_negotiation running=False pid=None
[simulation] launching worker module=simulation.step_worker session=save_slot_5550 payload=C:\Users\maxim\Research\simulation\.runtime\save_slots\save_slot_5550\step_payload.json
[simulation] worker launched module=simulation.step_worker session=save_slot_5550 pid=9608
[simulation] api_step launched worker session=save_slot_5550 pid=9608
[simulation] api_step requested session=save_slot_5551 mode=buyer_seller_negotiation running=False pid=None
[simulation] launching worker module=simulation.step_worker session=save_slot_5551 payload=C:\Users\maxim\Research\simulation\.runtime\save_slots\save_slot_5551\step_payload.json
[simulation] worker launched module=simulation.step_worker session=save_slot_5551 pid=11608
[simulation] api_step launched worker session=save_slot_5551 pid=11608
[simulation] api_step requested session=save_slot_5552 mode=buyer_seller_negotiation running=False pid=None
[simulation] launching worker module=simulation.step_worker session=save_slot_5552 payload=C:\Users\maxim\Research\simulation\.runtime\save_slots\save_slot_5552\step_payload.json
[simulation] worker launched module=simulation.step_worker session=save_slot_5552 pid=3040
[simulation] api_step launched worker session=save_slot_5552 pid=3040
[simulation] api_step requested session=save_slot_5553 mode=buyer_seller_negotiation running=False pid=None
[simulation] launching worker module=simulation.step_worker session=save_slot_5553 payload=C:\Users\maxim\Research\simulation\.runtime\save_slots\save_slot_5553\step_payload.json
[simulation] worker launched module=simulation.step_worker session=save_slot_5553 pid=23304
[simulation] api_step launched worker session=save_slot_5553 pid=23304
[simulation] api_step requested session=save_slot_5554 mode=buyer_seller_negotiation running=False pid=None
[simulation] launching worker module=simulation.step_worker session=save_slot_5554 payload=C:\Users\maxim\Research\simulation\.runtime\save_slots\save_slot_5554\step_payload.json
[simulation] worker launched module=simulation.step_worker session=save_slot_5554 pid=18748
[simulation] api_step launched worker session=save_slot_5554 pid=18748
[simulation] api_step requested session=save_slot_5555 mode=buyer_seller_negotiation running=False pid=None
[simulation] launching worker module=simulation.step_worker session=save_slot_5555 payload=C:\Users\maxim\Research\simulation\.runtime\save_slots\save_slot_5555\step_payload.json
[simulation] worker launched module=simulation.step_worker session=save_slot_5555 pid=22572
[simulation] api_step launched worker session=save_slot_5555 pid=22572
[simulation] api_step requested session=save_slot_5556 mode=buyer_seller_negotiation running=False pid=None
[simulation] launching worker module=simulation.step_worker session=save_slot_5556 payload=C:\Users\maxim\Research\simulation\.runtime\save_slots\save_slot_5556\step_payload.json
[simulation] worker launched module=simulation.step_worker session=save_slot_5556 pid=15612
[simulation] api_step launched worker session=save_slot_5556 pid=15612
[simulation] api_step requested session=save_slot_5557 mode=buyer_seller_negotiation running=False pid=None
[simulation] launching worker module=simulation.step_worker session=save_slot_5557 payload=C:\Users\maxim\Research\simulation\.runtime\save_slots\save_slot_5557\step_payload.json
[simulation] worker launched module=simulation.step_worker session=save_slot_5557 pid=12228
[simulation] api_step launched worker session=save_slot_5557 pid=12228
[simulation] api_step requested session=save_slot_5558 mode=buyer_seller_negotiation running=False pid=None
[simulation] launching worker module=simulation.step_worker session=save_slot_5558 payload=C:\Users\maxim\Research\simulation\.runtime\save_slots\save_slot_5558\step_payload.json
[simulation] worker launched module=simulation.step_worker session=save_slot_5558 pid=36260
[simulation] api_step launched worker session=save_slot_5558 pid=36260
[simulation] api_step requested session=save_slot_5559 mode=buyer_seller_negotiation running=False pid=None
[simulation] launching worker module=simulation.step_worker session=save_slot_5559 payload=C:\Users\maxim\Research\simulation\.runtime\save_slots\save_slot_5559\step_payload.json
[simulation] worker launched module=simulation.step_worker session=save_slot_5559 pid=30232
[simulation] api_step launched worker session=save_slot_5559 pid=30232
[simulation] api_step requested session=save_slot_5560 mode=buyer_seller_negotiation running=False pid=None
[simulation] launching worker module=simulation.step_worker session=save_slot_5560 payload=C:\Users\maxim\Research\simulation\.runtime\save_slots\save_slot_5560\step_payload.json
[simulation] worker launched module=simulation.step_worker session=save_slot_5560 pid=26700
[simulation] api_step launched worker session=save_slot_5560 pid=26700
[simulation] api_step requested session=save_slot_5561 mode=buyer_seller_negotiation running=False pid=None
[simulation] launching worker module=simulation.step_worker session=save_slot_5561 payload=C:\Users\maxim\Research\simulation\.runtime\save_slots\save_slot_5561\step_payload.json
[simulation] worker launched module=simulation.step_worker session=save_slot_5561 pid=17744
[simulation] api_step launched worker session=save_slot_5561 pid=17744
[simulation] api_step requested session=save_slot_5562 mode=buyer_seller_negotiation running=False pid=None
[simulation] launching worker module=simulation.step_worker session=save_slot_5562 payload=C:\Users\maxim\Research\simulation\.runtime\save_slots\save_slot_5562\step_payload.json
[simulation] worker launched module=simulation.step_worker session=save_slot_5562 pid=8396
[simulation] api_step launched worker session=save_slot_5562 pid=8396
[simulation] api_step requested session=save_slot_5563 mode=buyer_seller_negotiation running=False pid=None
[simulation] launching worker module=simulation.step_worker session=save_slot_5563 payload=C:\Users\maxim\Research\simulation\.runtime\save_slots\save_slot_5563\step_payload.json
[simulation] worker launched module=simulation.step_worker session=save_slot_5563 pid=23260
[simulation] api_step launched worker session=save_slot_5563 pid=23260
[simulation] api_step requested session=save_slot_5564 mode=buyer_seller_negotiation running=False pid=None
[simulation] launching worker module=simulation.step_worker session=save_slot_5564 payload=C:\Users\maxim\Research\simulation\.runtime\save_slots\save_slot_5564\step_payload.json
[simulation] worker launched module=simulation.step_worker session=save_slot_5564 pid=25376
[simulation] api_step launched worker session=save_slot_5564 pid=25376
[simulation] api_step requested session=save_slot_5565 mode=buyer_seller_negotiation running=False pid=None
[simulation] launching worker module=simulation.step_worker session=save_slot_5565 payload=C:\Users\maxim\Research\simulation\.runtime\save_slots\save_slot_5565\step_payload.json
[simulation] worker launched module=simulation.step_worker session=save_slot_5565 pid=15808
[simulation] api_step launched worker session=save_slot_5565 pid=15808
[simulation] api_step requested session=save_slot_5566 mode=buyer_seller_negotiation running=False pid=None
[simulation] launching worker module=simulation.step_worker session=save_slot_5566 payload=C:\Users\maxim\Research\simulation\.runtime\save_slots\save_slot_5566\step_payload.json
[simulation] worker launched module=simulation.step_worker session=save_slot_5566 pid=22872
[simulation] api_step launched worker session=save_slot_5566 pid=22872
[simulation] api_step requested session=save_slot_5567 mode=buyer_seller_negotiation running=False pid=None
[simulation] launching worker module=simulation.step_worker session=save_slot_5567 payload=C:\Users\maxim\Research\simulation\.runtime\save_slots\save_slot_5567\step_payload.json
[simulation] worker launched module=simulation.step_worker session=save_slot_5567 pid=32096
[simulation] api_step launched worker session=save_slot_5567 pid=32096
[simulation] api_step requested session=save_slot_5568 mode=buyer_seller_negotiation running=False pid=None
[simulation] launching worker module=simulation.step_worker session=save_slot_5568 payload=C:\Users\maxim\Research\simulation\.runtime\save_slots\save_slot_5568\step_payload.json
[simulation] worker launched module=simulation.step_worker session=save_slot_5568 pid=25280
[simulation] api_step launched worker session=save_slot_5568 pid=25280
[simulation] api_step requested session=save_slot_5569 mode=buyer_seller_negotiation running=False pid=None
[simulation] launching worker module=simulation.step_worker session=save_slot_5569 payload=C:\Users\maxim\Research\simulation\.runtime\save_slots\save_slot_5569\step_payload.json
[simulation] worker launched module=simulation.step_worker session=save_slot_5569 pid=4768
[simulation] api_step launched worker session=save_slot_5569 pid=4768
[simulation] api_step requested session=save_slot_5570 mode=buyer_seller_negotiation running=False pid=None
[simulation] launching worker module=simulation.step_worker session=save_slot_5570 payload=C:\Users\maxim\Research\simulation\.runtime\save_slots\save_slot_5570\step_payload.json
[simulation] worker launched module=simulation.step_worker session=save_slot_5570 pid=26024
[simulation] api_step launched worker session=save_slot_5570 pid=26024
[simulation] api_step requested session=save_slot_5571 mode=buyer_seller_negotiation running=False pid=None
[simulation] launching worker module=simulation.step_worker session=save_slot_5571 payload=C:\Users\maxim\Research\simulation\.runtime\save_slots\save_slot_5571\step_payload.json
[simulation] worker launched module=simulation.step_worker session=save_slot_5571 pid=27892
[simulation] api_step launched worker session=save_slot_5571 pid=27892
[simulation] api_step requested session=save_slot_5572 mode=buyer_seller_negotiation running=False pid=None
[simulation] launching worker module=simulation.step_worker session=save_slot_5572 payload=C:\Users\maxim\Research\simulation\.runtime\save_slots\save_slot_5572\step_payload.json
[simulation] worker launched module=simulation.step_worker session=save_slot_5572 pid=16472
[simulation] api_step launched worker session=save_slot_5572 pid=16472
[simulation] api_step requested session=save_slot_5573 mode=buyer_seller_negotiation running=False pid=None
[simulation] launching worker module=simulation.step_worker session=save_slot_5573 payload=C:\Users\maxim\Research\simulation\.runtime\save_slots\save_slot_5573\step_payload.json
[simulation] worker launched module=simulation.step_worker session=save_slot_5573 pid=27516
[simulation] api_step launched worker session=save_slot_5573 pid=27516
[simulation] api_step requested session=save_slot_5574 mode=buyer_seller_negotiation running=False pid=None
[simulation] launching worker module=simulation.step_worker session=save_slot_5574 payload=C:\Users\maxim\Research\simulation\.runtime\save_slots\save_slot_5574\step_payload.json
[simulation] worker launched module=simulation.step_worker session=save_slot_5574 pid=16348
[simulation] api_step launched worker session=save_slot_5574 pid=16348
[simulation] api_step requested session=save_slot_5575 mode=buyer_seller_negotiation running=False pid=None
[simulation] launching worker module=simulation.step_worker session=save_slot_5575 payload=C:\Users\maxim\Research\simulation\.runtime\save_slots\save_slot_5575\step_payload.json
[simulation] worker launched module=simulation.step_worker session=save_slot_5575 pid=1916
[simulation] api_step launched worker session=save_slot_5575 pid=1916
[simulation] api_step requested session=save_slot_5576 mode=buyer_seller_negotiation running=False pid=None
[simulation] launching worker module=simulation.step_worker session=save_slot_5576 payload=C:\Users\maxim\Research\simulation\.runtime\save_slots\save_slot_5576\step_payload.json
[simulation] worker launched module=simulation.step_worker session=save_slot_5576 pid=31688
[simulation] api_step launched worker session=save_slot_5576 pid=31688
[simulation] api_step requested session=save_slot_5577 mode=buyer_seller_negotiation running=False pid=None
[simulation] launching worker module=simulation.step_worker session=save_slot_5577 payload=C:\Users\maxim\Research\simulation\.runtime\save_slots\save_slot_5577\step_payload.json
[simulation] worker launched module=simulation.step_worker session=save_slot_5577 pid=20008
[simulation] api_step launched worker session=save_slot_5577 pid=20008
[simulation] api_step requested session=save_slot_5578 mode=buyer_seller_negotiation running=False pid=None
[simulation] launching worker module=simulation.step_worker session=save_slot_5578 payload=C:\Users\maxim\Research\simulation\.runtime\save_slots\save_slot_5578\step_payload.json
[simulation] worker launched module=simulation.step_worker session=save_slot_5578 pid=20612
[simulation] api_step launched worker session=save_slot_5578 pid=20612
[simulation] api_step requested session=save_slot_5579 mode=buyer_seller_negotiation running=False pid=None
[simulation] launching worker module=simulation.step_worker session=save_slot_5579 payload=C:\Users\maxim\Research\simulation\.runtime\save_slots\save_slot_5579\step_payload.json
[simulation] worker launched module=simulation.step_worker session=save_slot_5579 pid=35172
[simulation] api_step launched worker session=save_slot_5579 pid=35172
[simulation] api_step requested session=save_slot_5580 mode=buyer_seller_negotiation running=False pid=None
[simulation] launching worker module=simulation.step_worker session=save_slot_5580 payload=C:\Users\maxim\Research\simulation\.runtime\save_slots\save_slot_5580\step_payload.json
[simulation] worker launched module=simulation.step_worker session=save_slot_5580 pid=28124
[simulation] api_step launched worker session=save_slot_5580 pid=28124
[simulation] api_step requested session=save_slot_5581 mode=buyer_seller_negotiation running=False pid=None
[simulation] launching worker module=simulation.step_worker session=save_slot_5581 payload=C:\Users\maxim\Research\simulation\.runtime\save_slots\save_slot_5581\step_payload.json
[simulation] worker launched module=simulation.step_worker session=save_slot_5581 pid=14216
[simulation] api_step launched worker session=save_slot_5581 pid=14216
[simulation] api_step requested session=save_slot_5582 mode=buyer_seller_negotiation running=False pid=None
[simulation] launching worker module=simulation.step_worker session=save_slot_5582 payload=C:\Users\maxim\Research\simulation\.runtime\save_slots\save_slot_5582\step_payload.json
[simulation] worker launched module=simulation.step_worker session=save_slot_5582 pid=25328
[simulation] api_step launched worker session=save_slot_5582 pid=25328
[simulation] api_step requested session=save_slot_5583 mode=buyer_seller_negotiation running=False pid=None
[simulation] launching worker module=simulation.step_worker session=save_slot_5583 payload=C:\Users\maxim\Research\simulation\.runtime\save_slots\save_slot_5583\step_payload.json
[simulation] worker launched module=simulation.step_worker session=save_slot_5583 pid=36040
[simulation] api_step launched worker session=save_slot_5583 pid=36040
[simulation] api_step requested session=save_slot_5584 mode=buyer_seller_negotiation running=False pid=None
[simulation] launching worker module=simulation.step_worker session=save_slot_5584 payload=C:\Users\maxim\Research\simulation\.runtime\save_slots\save_slot_5584\step_payload.json
[simulation] worker launched module=simulation.step_worker session=save_slot_5584 pid=9756
[simulation] api_step launched worker session=save_slot_5584 pid=9756
[simulation] api_step requested session=save_slot_5585 mode=buyer_seller_negotiation running=False pid=None
[simulation] launching worker module=simulation.step_worker session=save_slot_5585 payload=C:\Users\maxim\Research\simulation\.runtime\save_slots\save_slot_5585\step_payload.json
[simulation] worker launched module=simulation.step_worker session=save_slot_5585 pid=18148
[simulation] api_step launched worker session=save_slot_5585 pid=18148
[simulation] api_step requested session=save_slot_5586 mode=buyer_seller_negotiation running=False pid=None
[simulation] launching worker module=simulation.step_worker session=save_slot_5586 payload=C:\Users\maxim\Research\simulation\.runtime\save_slots\save_slot_5586\step_payload.json
[simulation] worker launched module=simulation.step_worker session=save_slot_5586 pid=35448
[simulation] api_step launched worker session=save_slot_5586 pid=35448
[simulation] api_step requested session=save_slot_5587 mode=buyer_seller_negotiation running=False pid=None
[simulation] launching worker module=simulation.step_worker session=save_slot_5587 payload=C:\Users\maxim\Research\simulation\.runtime\save_slots\save_slot_5587\step_payload.json
[simulation] worker launched module=simulation.step_worker session=save_slot_5587 pid=3436
[simulation] api_step launched worker session=save_slot_5587 pid=3436
[simulation] api_step requested session=save_slot_5588 mode=buyer_seller_negotiation running=False pid=None
[simulation] launching worker module=simulation.step_worker session=save_slot_5588 payload=C:\Users\maxim\Research\simulation\.runtime\save_slots\save_slot_5588\step_payload.json
[simulation] worker launched module=simulation.step_worker session=save_slot_5588 pid=20924
[simulation] api_step launched worker session=save_slot_5588 pid=20924
[simulation] api_step requested session=save_slot_5589 mode=buyer_seller_negotiation running=False pid=None
[simulation] launching worker module=simulation.step_worker session=save_slot_5589 payload=C:\Users\maxim\Research\simulation\.runtime\save_slots\save_slot_5589\step_payload.json
[simulation] worker launched module=simulation.step_worker session=save_slot_5589 pid=34964
[simulation] api_step launched worker session=save_slot_5589 pid=34964
[simulation] api_step requested session=save_slot_5590 mode=buyer_seller_negotiation running=False pid=None
[simulation] launching worker module=simulation.step_worker session=save_slot_5590 payload=C:\Users\maxim\Research\simulation\.runtime\save_slots\save_slot_5590\step_payload.json
[simulation] worker launched module=simulation.step_worker session=save_slot_5590 pid=22128
[simulation] api_step launched worker session=save_slot_5590 pid=22128
[simulation] api_step requested session=save_slot_5591 mode=buyer_seller_negotiation running=False pid=None
[simulation] launching worker module=simulation.step_worker session=save_slot_5591 payload=C:\Users\maxim\Research\simulation\.runtime\save_slots\save_slot_5591\step_payload.json
[simulation] worker launched module=simulation.step_worker session=save_slot_5591 pid=34240
[simulation] api_step launched worker session=save_slot_5591 pid=34240
[simulation] api_step requested session=save_slot_5592 mode=buyer_seller_negotiation running=False pid=None
[simulation] launching worker module=simulation.step_worker session=save_slot_5592 payload=C:\Users\maxim\Research\simulation\.runtime\save_slots\save_slot_5592\step_payload.json
[simulation] worker launched module=simulation.step_worker session=save_slot_5592 pid=17340
[simulation] api_step launched worker session=save_slot_5592 pid=17340
[simulation] api_step requested session=save_slot_5593 mode=buyer_seller_negotiation running=False pid=None
[simulation] launching worker module=simulation.step_worker session=save_slot_5593 payload=C:\Users\maxim\Research\simulation\.runtime\save_slots\save_slot_5593\step_payload.json
[simulation] worker launched module=simulation.step_worker session=save_slot_5593 pid=20160
[simulation] api_step launched worker session=save_slot_5593 pid=20160
[simulation] api_step requested session=save_slot_5594 mode=buyer_seller_negotiation running=False pid=None
[simulation] launching worker module=simulation.step_worker session=save_slot_5594 payload=C:\Users\maxim\Research\simulation\.runtime\save_slots\save_slot_5594\step_payload.json
[simulation] worker launched module=simulation.step_worker session=save_slot_5594 pid=29000
[simulation] api_step launched worker session=save_slot_5594 pid=29000
[simulation] api_step requested session=save_slot_5595 mode=buyer_seller_negotiation running=False pid=None
[simulation] launching worker module=simulation.step_worker session=save_slot_5595 payload=C:\Users\maxim\Research\simulation\.runtime\save_slots\save_slot_5595\step_payload.json
[simulation] worker launched module=simulation.step_worker session=save_slot_5595 pid=25264
[simulation] api_step launched worker session=save_slot_5595 pid=25264
[simulation] api_step requested session=save_slot_5596 mode=buyer_seller_negotiation running=False pid=None
[simulation] launching worker module=simulation.step_worker session=save_slot_5596 payload=C:\Users\maxim\Research\simulation\.runtime\save_slots\save_slot_5596\step_payload.json
[simulation] worker launched module=simulation.step_worker session=save_slot_5596 pid=14328
[simulation] api_step launched worker session=save_slot_5596 pid=14328
[simulation] api_step requested session=save_slot_5597 mode=buyer_seller_negotiation running=False pid=None
[simulation] launching worker module=simulation.step_worker session=save_slot_5597 payload=C:\Users\maxim\Research\simulation\.runtime\save_slots\save_slot_5597\step_payload.json
[simulation] worker launched module=simulation.step_worker session=save_slot_5597 pid=2480
[simulation] api_step launched worker session=save_slot_5597 pid=2480
[simulation] api_step requested session=save_slot_5598 mode=buyer_seller_negotiation running=False pid=None
[simulation] launching worker module=simulation.step_worker session=save_slot_5598 payload=C:\Users\maxim\Research\simulation\.runtime\save_slots\save_slot_5598\step_payload.json
[simulation] worker launched module=simulation.step_worker session=save_slot_5598 pid=27316
[simulation] api_step launched worker session=save_slot_5598 pid=27316
[simulation] api_step requested session=save_slot_5599 mode=buyer_seller_negotiation running=False pid=None
[simulation] launching worker module=simulation.step_worker session=save_slot_5599 payload=C:\Users\maxim\Research\simulation\.runtime\save_slots\save_slot_5599\step_payload.json
[simulation] worker launched module=simulation.step_worker session=save_slot_5599 pid=27124
[simulation] api_step launched worker session=save_slot_5599 pid=27124
[simulation] api_step requested session=save_slot_5600 mode=buyer_seller_negotiation running=False pid=None
[simulation] launching worker module=simulation.step_worker session=save_slot_5600 payload=C:\Users\maxim\Research\simulation\.runtime\save_slots\save_slot_5600\step_payload.json
[simulation] worker launched module=simulation.step_worker session=save_slot_5600 pid=3336
[simulation] api_step launched worker session=save_slot_5600 pid=3336
[simulation] api_step requested session=save_slot_5601 mode=buyer_seller_negotiation running=False pid=None
[simulation] launching worker module=simulation.step_worker session=save_slot_5601 payload=C:\Users\maxim\Research\simulation\.runtime\save_slots\save_slot_5601\step_payload.json
[simulation] worker launched module=simulation.step_worker session=save_slot_5601 pid=15612
[simulation] api_step launched worker session=save_slot_5601 pid=15612
[simulation] api_step requested session=save_slot_5602 mode=buyer_seller_negotiation running=False pid=None
[simulation] launching worker module=simulation.step_worker session=save_slot_5602 payload=C:\Users\maxim\Research\simulation\.runtime\save_slots\save_slot_5602\step_payload.json
[simulation] worker launched module=simulation.step_worker session=save_slot_5602 pid=36640
[simulation] api_step launched worker session=save_slot_5602 pid=36640
[simulation] api_step requested session=save_slot_5603 mode=buyer_seller_negotiation running=False pid=None
[simulation] launching worker module=simulation.step_worker session=save_slot_5603 payload=C:\Users\maxim\Research\simulation\.runtime\save_slots\save_slot_5603\step_payload.json
[simulation] worker launched module=simulation.step_worker session=save_slot_5603 pid=31320
[simulation] api_step launched worker session=save_slot_5603 pid=31320
[simulation] api_step requested session=save_slot_5604 mode=buyer_seller_negotiation running=False pid=None
[simulation] launching worker module=simulation.step_worker session=save_slot_5604 payload=C:\Users\maxim\Research\simulation\.runtime\save_slots\save_slot_5604\step_payload.json
[simulation] worker launched module=simulation.step_worker session=save_slot_5604 pid=13028
[simulation] api_step launched worker session=save_slot_5604 pid=13028
[simulation] api_step requested session=save_slot_5605 mode=buyer_seller_negotiation running=False pid=None
[simulation] launching worker module=simulation.step_worker session=save_slot_5605 payload=C:\Users\maxim\Research\simulation\.runtime\save_slots\save_slot_5605\step_payload.json
[simulation] worker launched module=simulation.step_worker session=save_slot_5605 pid=27860
[simulation] api_step launched worker session=save_slot_5605 pid=27860
[simulation] api_step requested session=save_slot_5606 mode=buyer_seller_negotiation running=False pid=None
[simulation] launching worker module=simulation.step_worker session=save_slot_5606 payload=C:\Users\maxim\Research\simulation\.runtime\save_slots\save_slot_5606\step_payload.json
[simulation] worker launched module=simulation.step_worker session=save_slot_5606 pid=34612
[simulation] api_step launched worker session=save_slot_5606 pid=34612
[simulation] api_step requested session=save_slot_5607 mode=buyer_seller_negotiation running=False pid=None
[simulation] launching worker module=simulation.step_worker session=save_slot_5607 payload=C:\Users\maxim\Research\simulation\.runtime\save_slots\save_slot_5607\step_payload.json
[simulation] worker launched module=simulation.step_worker session=save_slot_5607 pid=24760
[simulation] api_step launched worker session=save_slot_5607 pid=24760
[simulation] api_step requested session=save_slot_5608 mode=buyer_seller_negotiation running=False pid=None
[simulation] launching worker module=simulation.step_worker session=save_slot_5608 payload=C:\Users\maxim\Research\simulation\.runtime\save_slots\save_slot_5608\step_payload.json
[simulation] worker launched module=simulation.step_worker session=save_slot_5608 pid=35124
[simulation] api_step launched worker session=save_slot_5608 pid=35124
[simulation] api_step requested session=save_slot_5609 mode=buyer_seller_negotiation running=False pid=None
[simulation] launching worker module=simulation.step_worker session=save_slot_5609 payload=C:\Users\maxim\Research\simulation\.runtime\save_slots\save_slot_5609\step_payload.json
[simulation] worker launched module=simulation.step_worker session=save_slot_5609 pid=13376
[simulation] api_step launched worker session=save_slot_5609 pid=13376
[simulation] api_step requested session=save_slot_5610 mode=buyer_seller_negotiation running=False pid=None
[simulation] launching worker module=simulation.step_worker session=save_slot_5610 payload=C:\Users\maxim\Research\simulation\.runtime\save_slots\save_slot_5610\step_payload.json
[simulation] worker launched module=simulation.step_worker session=save_slot_5610 pid=21124
[simulation] api_step launched worker session=save_slot_5610 pid=21124
[simulation] api_step requested session=save_slot_5611 mode=buyer_seller_negotiation running=False pid=None
[simulation] launching worker module=simulation.step_worker session=save_slot_5611 payload=C:\Users\maxim\Research\simulation\.runtime\save_slots\save_slot_5611\step_payload.json
[simulation] worker launched module=simulation.step_worker session=save_slot_5611 pid=29864
[simulation] api_step launched worker session=save_slot_5611 pid=29864
[simulation] api_step requested session=save_slot_5612 mode=buyer_seller_negotiation running=False pid=None
[simulation] launching worker module=simulation.step_worker session=save_slot_5612 payload=C:\Users\maxim\Research\simulation\.runtime\save_slots\save_slot_5612\step_payload.json
[simulation] worker launched module=simulation.step_worker session=save_slot_5612 pid=35432
[simulation] api_step launched worker session=save_slot_5612 pid=35432
[simulation] api_step requested session=save_slot_5613 mode=buyer_seller_negotiation running=False pid=None
[simulation] launching worker module=simulation.step_worker session=save_slot_5613 payload=C:\Users\maxim\Research\simulation\.runtime\save_slots\save_slot_5613\step_payload.json
[simulation] worker launched module=simulation.step_worker session=save_slot_5613 pid=10756
[simulation] api_step launched worker session=save_slot_5613 pid=10756
[simulation] api_step requested session=save_slot_5614 mode=buyer_seller_negotiation running=False pid=None
[simulation] launching worker module=simulation.step_worker session=save_slot_5614 payload=C:\Users\maxim\Research\simulation\.runtime\save_slots\save_slot_5614\step_payload.json
[simulation] worker launched module=simulation.step_worker session=save_slot_5614 pid=7860
[simulation] api_step launched worker session=save_slot_5614 pid=7860
[simulation] api_step requested session=save_slot_5615 mode=buyer_seller_negotiation running=False pid=None
[simulation] launching worker module=simulation.step_worker session=save_slot_5615 payload=C:\Users\maxim\Research\simulation\.runtime\save_slots\save_slot_5615\step_payload.json
[simulation] worker launched module=simulation.step_worker session=save_slot_5615 pid=13184
[simulation] api_step launched worker session=save_slot_5615 pid=13184
[simulation] api_step requested session=save_slot_5616 mode=buyer_seller_negotiation running=False pid=None
[simulation] launching worker module=simulation.step_worker session=save_slot_5616 payload=C:\Users\maxim\Research\simulation\.runtime\save_slots\save_slot_5616\step_payload.json
[simulation] worker launched module=simulation.step_worker session=save_slot_5616 pid=27892
[simulation] api_step launched worker session=save_slot_5616 pid=27892
[simulation] api_step requested session=save_slot_5617 mode=buyer_seller_negotiation running=False pid=None
[simulation] launching worker module=simulation.step_worker session=save_slot_5617 payload=C:\Users\maxim\Research\simulation\.runtime\save_slots\save_slot_5617\step_payload.json
[simulation] worker launched module=simulation.step_worker session=save_slot_5617 pid=22672
[simulation] api_step launched worker session=save_slot_5617 pid=22672
[simulation] api_step requested session=save_slot_5618 mode=buyer_seller_negotiation running=False pid=None
[simulation] launching worker module=simulation.step_worker session=save_slot_5618 payload=C:\Users\maxim\Research\simulation\.runtime\save_slots\save_slot_5618\step_payload.json
[simulation] worker launched module=simulation.step_worker session=save_slot_5618 pid=17028
[simulation] api_step launched worker session=save_slot_5618 pid=17028
[simulation] api_step requested session=save_slot_5619 mode=buyer_seller_negotiation running=False pid=None
[simulation] launching worker module=simulation.step_worker session=save_slot_5619 payload=C:\Users\maxim\Research\simulation\.runtime\save_slots\save_slot_5619\step_payload.json
[simulation] worker launched module=simulation.step_worker session=save_slot_5619 pid=15452
[simulation] api_step launched worker session=save_slot_5619 pid=15452
[simulation] api_step requested session=save_slot_5620 mode=buyer_seller_negotiation running=False pid=None
[simulation] launching worker module=simulation.step_worker session=save_slot_5620 payload=C:\Users\maxim\Research\simulation\.runtime\save_slots\save_slot_5620\step_payload.json
[simulation] worker launched module=simulation.step_worker session=save_slot_5620 pid=11532
[simulation] api_step launched worker session=save_slot_5620 pid=11532
[simulation] api_step requested session=save_slot_5621 mode=buyer_seller_negotiation running=False pid=None
[simulation] launching worker module=simulation.step_worker session=save_slot_5621 payload=C:\Users\maxim\Research\simulation\.runtime\save_slots\save_slot_5621\step_payload.json
[simulation] worker launched module=simulation.step_worker session=save_slot_5621 pid=34124
[simulation] api_step launched worker session=save_slot_5621 pid=34124
[simulation] api_step requested session=save_slot_5622 mode=buyer_seller_negotiation running=False pid=None
[simulation] launching worker module=simulation.step_worker session=save_slot_5622 payload=C:\Users\maxim\Research\simulation\.runtime\save_slots\save_slot_5622\step_payload.json
[simulation] worker launched module=simulation.step_worker session=save_slot_5622 pid=19336
[simulation] api_step launched worker session=save_slot_5622 pid=19336
[simulation] api_step requested session=save_slot_5623 mode=buyer_seller_negotiation running=False pid=None
[simulation] launching worker module=simulation.step_worker session=save_slot_5623 payload=C:\Users\maxim\Research\simulation\.runtime\save_slots\save_slot_5623\step_payload.json
[simulation] worker launched module=simulation.step_worker session=save_slot_5623 pid=22428
[simulation] api_step launched worker session=save_slot_5623 pid=22428
[simulation] api_step requested session=save_slot_5624 mode=buyer_seller_negotiation running=False pid=None
[simulation] launching worker module=simulation.step_worker session=save_slot_5624 payload=C:\Users\maxim\Research\simulation\.runtime\save_slots\save_slot_5624\step_payload.json
[simulation] worker launched module=simulation.step_worker session=save_slot_5624 pid=29240
[simulation] api_step launched worker session=save_slot_5624 pid=29240
[simulation] api_step requested session=save_slot_5625 mode=buyer_seller_negotiation running=False pid=None
[simulation] launching worker module=simulation.step_worker session=save_slot_5625 payload=C:\Users\maxim\Research\simulation\.runtime\save_slots\save_slot_5625\step_payload.json
[simulation] worker launched module=simulation.step_worker session=save_slot_5625 pid=20132
[simulation] api_step launched worker session=save_slot_5625 pid=20132
[simulation] api_step requested session=save_slot_5626 mode=buyer_seller_negotiation running=False pid=None
[simulation] launching worker module=simulation.step_worker session=save_slot_5626 payload=C:\Users\maxim\Research\simulation\.runtime\save_slots\save_slot_5626\step_payload.json
[simulation] worker launched module=simulation.step_worker session=save_slot_5626 pid=18908
[simulation] api_step launched worker session=save_slot_5626 pid=18908
[simulation] api_step requested session=save_slot_5627 mode=buyer_seller_negotiation running=False pid=None
[simulation] launching worker module=simulation.step_worker session=save_slot_5627 payload=C:\Users\maxim\Research\simulation\.runtime\save_slots\save_slot_5627\step_payload.json
[simulation] worker launched module=simulation.step_worker session=save_slot_5627 pid=21160
[simulation] api_step launched worker session=save_slot_5627 pid=21160
[simulation] api_step requested session=save_slot_5628 mode=buyer_seller_negotiation running=False pid=None
[simulation] launching worker module=simulation.step_worker session=save_slot_5628 payload=C:\Users\maxim\Research\simulation\.runtime\save_slots\save_slot_5628\step_payload.json
[simulation] worker launched module=simulation.step_worker session=save_slot_5628 pid=20216
[simulation] api_step launched worker session=save_slot_5628 pid=20216
[simulation] api_step requested session=save_slot_5629 mode=buyer_seller_negotiation running=False pid=None
[simulation] launching worker module=simulation.step_worker session=save_slot_5629 payload=C:\Users\maxim\Research\simulation\.runtime\save_slots\save_slot_5629\step_payload.json
[simulation] worker launched module=simulation.step_worker session=save_slot_5629 pid=19784
[simulation] api_step launched worker session=save_slot_5629 pid=19784
[simulation] api_step requested session=save_slot_5630 mode=buyer_seller_negotiation running=False pid=None
[simulation] launching worker module=simulation.step_worker session=save_slot_5630 payload=C:\Users\maxim\Research\simulation\.runtime\save_slots\save_slot_5630\step_payload.json
[simulation] worker launched module=simulation.step_worker session=save_slot_5630 pid=21476
[simulation] api_step launched worker session=save_slot_5630 pid=21476
[simulation] api_step requested session=save_slot_5631 mode=buyer_seller_negotiation running=False pid=None
[simulation] launching worker module=simulation.step_worker session=save_slot_5631 payload=C:\Users\maxim\Research\simulation\.runtime\save_slots\save_slot_5631\step_payload.json
[simulation] worker launched module=simulation.step_worker session=save_slot_5631 pid=21028
[simulation] api_step launched worker session=save_slot_5631 pid=21028
[simulation] api_step requested session=save_slot_5632 mode=buyer_seller_negotiation running=False pid=None
[simulation] launching worker module=simulation.step_worker session=save_slot_5632 payload=C:\Users\maxim\Research\simulation\.runtime\save_slots\save_slot_5632\step_payload.json
[simulation] worker launched module=simulation.step_worker session=save_slot_5632 pid=31372
[simulation] api_step launched worker session=save_slot_5632 pid=31372
[simulation] api_step requested session=save_slot_5633 mode=buyer_seller_negotiation running=False pid=None
[simulation] launching worker module=simulation.step_worker session=save_slot_5633 payload=C:\Users\maxim\Research\simulation\.runtime\save_slots\save_slot_5633\step_payload.json
[simulation] worker launched module=simulation.step_worker session=save_slot_5633 pid=15084
[simulation] api_step launched worker session=save_slot_5633 pid=15084
[simulation] api_step requested session=save_slot_5634 mode=buyer_seller_negotiation running=False pid=None
[simulation] launching worker module=simulation.step_worker session=save_slot_5634 payload=C:\Users\maxim\Research\simulation\.runtime\save_slots\save_slot_5634\step_payload.json
[simulation] worker launched module=simulation.step_worker session=save_slot_5634 pid=29264
[simulation] api_step launched worker session=save_slot_5634 pid=29264
[simulation] api_step requested session=save_slot_5635 mode=buyer_seller_negotiation running=False pid=None
[simulation] launching worker module=simulation.step_worker session=save_slot_5635 payload=C:\Users\maxim\Research\simulation\.runtime\save_slots\save_slot_5635\step_payload.json
[simulation] worker launched module=simulation.step_worker session=save_slot_5635 pid=29980
[simulation] api_step launched worker session=save_slot_5635 pid=29980
[simulation] api_step requested session=save_slot_5636 mode=buyer_seller_negotiation running=False pid=None
[simulation] launching worker module=simulation.step_worker session=save_slot_5636 payload=C:\Users\maxim\Research\simulation\.runtime\save_slots\save_slot_5636\step_payload.json
[simulation] worker launched module=simulation.step_worker session=save_slot_5636 pid=3580
[simulation] api_step launched worker session=save_slot_5636 pid=3580
[simulation] api_step requested session=save_slot_5637 mode=buyer_seller_negotiation running=False pid=None
[simulation] launching worker module=simulation.step_worker session=save_slot_5637 payload=C:\Users\maxim\Research\simulation\.runtime\save_slots\save_slot_5637\step_payload.json
[simulation] worker launched module=simulation.step_worker session=save_slot_5637 pid=31400
[simulation] api_step launched worker session=save_slot_5637 pid=31400
[simulation] api_step requested session=save_slot_5638 mode=buyer_seller_negotiation running=False pid=None
[simulation] launching worker module=simulation.step_worker session=save_slot_5638 payload=C:\Users\maxim\Research\simulation\.runtime\save_slots\save_slot_5638\step_payload.json
[simulation] worker launched module=simulation.step_worker session=save_slot_5638 pid=14776
[simulation] api_step launched worker session=save_slot_5638 pid=14776
[simulation] api_step requested session=save_slot_5639 mode=buyer_seller_negotiation running=False pid=None
[simulation] launching worker module=simulation.step_worker session=save_slot_5639 payload=C:\Users\maxim\Research\simulation\.runtime\save_slots\save_slot_5639\step_payload.json
[simulation] worker launched module=simulation.step_worker session=save_slot_5639 pid=16008
[simulation] api_step launched worker session=save_slot_5639 pid=16008
[simulation] api_step requested session=save_slot_5640 mode=buyer_seller_negotiation running=False pid=None
[simulation] launching worker module=simulation.step_worker session=save_slot_5640 payload=C:\Users\maxim\Research\simulation\.runtime\save_slots\save_slot_5640\step_payload.json
[simulation] worker launched module=simulation.step_worker session=save_slot_5640 pid=23272
[simulation] api_step launched worker session=save_slot_5640 pid=23272
[simulation] api_step requested session=save_slot_5641 mode=buyer_seller_negotiation running=False pid=None
[simulation] launching worker module=simulation.step_worker session=save_slot_5641 payload=C:\Users\maxim\Research\simulation\.runtime\save_slots\save_slot_5641\step_payload.json
[simulation] worker launched module=simulation.step_worker session=save_slot_5641 pid=22192
[simulation] api_step launched worker session=save_slot_5641 pid=22192
[simulation] api_step requested session=save_slot_5642 mode=buyer_seller_negotiation running=False pid=None
[simulation] launching worker module=simulation.step_worker session=save_slot_5642 payload=C:\Users\maxim\Research\simulation\.runtime\save_slots\save_slot_5642\step_payload.json
[simulation] worker launched module=simulation.step_worker session=save_slot_5642 pid=15676
[simulation] api_step launched worker session=save_slot_5642 pid=15676
[simulation] api_step requested session=save_slot_5643 mode=buyer_seller_negotiation running=False pid=None
[simulation] launching worker module=simulation.step_worker session=save_slot_5643 payload=C:\Users\maxim\Research\simulation\.runtime\save_slots\save_slot_5643\step_payload.json
[simulation] worker launched module=simulation.step_worker session=save_slot_5643 pid=11972
[simulation] api_step launched worker session=save_slot_5643 pid=11972
[simulation] api_step requested session=save_slot_5644 mode=buyer_seller_negotiation running=False pid=None
[simulation] launching worker module=simulation.step_worker session=save_slot_5644 payload=C:\Users\maxim\Research\simulation\.runtime\save_slots\save_slot_5644\step_payload.json
[simulation] worker launched module=simulation.step_worker session=save_slot_5644 pid=36048
[simulation] api_step launched worker session=save_slot_5644 pid=36048
[simulation] api_step requested session=save_slot_5645 mode=buyer_seller_negotiation running=False pid=None
[simulation] launching worker module=simulation.step_worker session=save_slot_5645 payload=C:\Users\maxim\Research\simulation\.runtime\save_slots\save_slot_5645\step_payload.json
[simulation] worker launched module=simulation.step_worker session=save_slot_5645 pid=9840
[simulation] api_step launched worker session=save_slot_5645 pid=9840
[simulation] api_step requested session=save_slot_5646 mode=buyer_seller_negotiation running=False pid=None
[simulation] launching worker module=simulation.step_worker session=save_slot_5646 payload=C:\Users\maxim\Research\simulation\.runtime\save_slots\save_slot_5646\step_payload.json
[simulation] worker launched module=simulation.step_worker session=save_slot_5646 pid=18696
[simulation] api_step launched worker session=save_slot_5646 pid=18696
[simulation] api_step requested session=save_slot_5647 mode=buyer_seller_negotiation running=False pid=None
[simulation] launching worker module=simulation.step_worker session=save_slot_5647 payload=C:\Users\maxim\Research\simulation\.runtime\save_slots\save_slot_5647\step_payload.json
[simulation] worker launched module=simulation.step_worker session=save_slot_5647 pid=30008
[simulation] api_step launched worker session=save_slot_5647 pid=30008
[simulation] api_step requested session=save_slot_5648 mode=buyer_seller_negotiation running=False pid=None
[simulation] launching worker module=simulation.step_worker session=save_slot_5648 payload=C:\Users\maxim\Research\simulation\.runtime\save_slots\save_slot_5648\step_payload.json
[simulation] worker launched module=simulation.step_worker session=save_slot_5648 pid=15088
[simulation] api_step launched worker session=save_slot_5648 pid=15088
[simulation] api_step requested session=save_slot_5649 mode=buyer_seller_negotiation running=False pid=None
[simulation] launching worker module=simulation.step_worker session=save_slot_5649 payload=C:\Users\maxim\Research\simulation\.runtime\save_slots\save_slot_5649\step_payload.json
[simulation] worker launched module=simulation.step_worker session=save_slot_5649 pid=13996
[simulation] api_step launched worker session=save_slot_5649 pid=13996
[simulation] api_step requested session=save_slot_5650 mode=buyer_seller_negotiation running=False pid=None
[simulation] launching worker module=simulation.step_worker session=save_slot_5650 payload=C:\Users\maxim\Research\simulation\.runtime\save_slots\save_slot_5650\step_payload.json
[simulation] worker launched module=simulation.step_worker session=save_slot_5650 pid=27288
[simulation] api_step launched worker session=save_slot_5650 pid=27288
[simulation] api_step requested session=save_slot_5651 mode=buyer_seller_negotiation running=False pid=None
[simulation] launching worker module=simulation.step_worker session=save_slot_5651 payload=C:\Users\maxim\Research\simulation\.runtime\save_slots\save_slot_5651\step_payload.json
[simulation] worker launched module=simulation.step_worker session=save_slot_5651 pid=10944
[simulation] api_step launched worker session=save_slot_5651 pid=10944
[simulation] api_step requested session=save_slot_5652 mode=buyer_seller_negotiation running=False pid=None
[simulation] launching worker module=simulation.step_worker session=save_slot_5652 payload=C:\Users\maxim\Research\simulation\.runtime\save_slots\save_slot_5652\step_payload.json
[simulation] worker launched module=simulation.step_worker session=save_slot_5652 pid=25280
[simulation] api_step launched worker session=save_slot_5652 pid=25280
[simulation] api_step requested session=save_slot_5653 mode=buyer_seller_negotiation running=False pid=None
[simulation] launching worker module=simulation.step_worker session=save_slot_5653 payload=C:\Users\maxim\Research\simulation\.runtime\save_slots\save_slot_5653\step_payload.json
[simulation] worker launched module=simulation.step_worker session=save_slot_5653 pid=35108
[simulation] api_step launched worker session=save_slot_5653 pid=35108
[simulation] api_step requested session=save_slot_5654 mode=buyer_seller_negotiation running=False pid=None
[simulation] launching worker module=simulation.step_worker session=save_slot_5654 payload=C:\Users\maxim\Research\simulation\.runtime\save_slots\save_slot_5654\step_payload.json
[simulation] worker launched module=simulation.step_worker session=save_slot_5654 pid=18516
[simulation] api_step launched worker session=save_slot_5654 pid=18516
[simulation] api_step requested session=save_slot_5655 mode=buyer_seller_negotiation running=False pid=None
[simulation] launching worker module=simulation.step_worker session=save_slot_5655 payload=C:\Users\maxim\Research\simulation\.runtime\save_slots\save_slot_5655\step_payload.json
[simulation] worker launched module=simulation.step_worker session=save_slot_5655 pid=19452
[simulation] api_step launched worker session=save_slot_5655 pid=19452
[simulation] api_step requested session=save_slot_5656 mode=buyer_seller_negotiation running=False pid=None
[simulation] launching worker module=simulation.step_worker session=save_slot_5656 payload=C:\Users\maxim\Research\simulation\.runtime\save_slots\save_slot_5656\step_payload.json
[simulation] worker launched module=simulation.step_worker session=save_slot_5656 pid=16976
[simulation] api_step launched worker session=save_slot_5656 pid=16976
[simulation] api_step requested session=save_slot_5657 mode=buyer_seller_negotiation running=False pid=None
[simulation] launching worker module=simulation.step_worker session=save_slot_5657 payload=C:\Users\maxim\Research\simulation\.runtime\save_slots\save_slot_5657\step_payload.json
[simulation] worker launched module=simulation.step_worker session=save_slot_5657 pid=20976
[simulation] api_step launched worker session=save_slot_5657 pid=20976
[simulation] api_step requested session=save_slot_5658 mode=buyer_seller_negotiation running=False pid=None
[simulation] launching worker module=simulation.step_worker session=save_slot_5658 payload=C:\Users\maxim\Research\simulation\.runtime\save_slots\save_slot_5658\step_payload.json
[simulation] worker launched module=simulation.step_worker session=save_slot_5658 pid=9160
[simulation] api_step launched worker session=save_slot_5658 pid=9160
[simulation] api_step requested session=save_slot_5659 mode=buyer_seller_negotiation running=False pid=None
[simulation] launching worker module=simulation.step_worker session=save_slot_5659 payload=C:\Users\maxim\Research\simulation\.runtime\save_slots\save_slot_5659\step_payload.json
[simulation] worker launched module=simulation.step_worker session=save_slot_5659 pid=14068
[simulation] api_step launched worker session=save_slot_5659 pid=14068
[simulation] api_step requested session=save_slot_5660 mode=buyer_seller_negotiation running=False pid=None
[simulation] launching worker module=simulation.step_worker session=save_slot_5660 payload=C:\Users\maxim\Research\simulation\.runtime\save_slots\save_slot_5660\step_payload.json
[simulation] worker launched module=simulation.step_worker session=save_slot_5660 pid=28128
[simulation] api_step launched worker session=save_slot_5660 pid=28128
[simulation] api_step requested session=save_slot_5661 mode=buyer_seller_negotiation running=False pid=None
[simulation] launching worker module=simulation.step_worker session=save_slot_5661 payload=C:\Users\maxim\Research\simulation\.runtime\save_slots\save_slot_5661\step_payload.json
[simulation] worker launched module=simulation.step_worker session=save_slot_5661 pid=27472
[simulation] api_step launched worker session=save_slot_5661 pid=27472
[simulation] api_step requested session=save_slot_5662 mode=buyer_seller_negotiation running=False pid=None
[simulation] launching worker module=simulation.step_worker session=save_slot_5662 payload=C:\Users\maxim\Research\simulation\.runtime\save_slots\save_slot_5662\step_payload.json
[simulation] worker launched module=simulation.step_worker session=save_slot_5662 pid=35424
[simulation] api_step launched worker session=save_slot_5662 pid=35424
[simulation] api_step requested session=save_slot_5663 mode=buyer_seller_negotiation running=False pid=None
[simulation] launching worker module=simulation.step_worker session=save_slot_5663 payload=C:\Users\maxim\Research\simulation\.runtime\save_slots\save_slot_5663\step_payload.json
[simulation] worker launched module=simulation.step_worker session=save_slot_5663 pid=25288
[simulation] api_step launched worker session=save_slot_5663 pid=25288
[simulation] api_step requested session=save_slot_5664 mode=buyer_seller_negotiation running=False pid=None
[simulation] launching worker module=simulation.step_worker session=save_slot_5664 payload=C:\Users\maxim\Research\simulation\.runtime\save_slots\save_slot_5664\step_payload.json
[simulation] worker launched module=simulation.step_worker session=save_slot_5664 pid=30176
[simulation] api_step launched worker session=save_slot_5664 pid=30176
[simulation] api_step requested session=save_slot_5665 mode=buyer_seller_negotiation running=False pid=None
[simulation] launching worker module=simulation.step_worker session=save_slot_5665 payload=C:\Users\maxim\Research\simulation\.runtime\save_slots\save_slot_5665\step_payload.json
[simulation] worker launched module=simulation.step_worker session=save_slot_5665 pid=9132
[simulation] api_step launched worker session=save_slot_5665 pid=9132
[simulation] api_step requested session=save_slot_5666 mode=buyer_seller_negotiation running=False pid=None
[simulation] launching worker module=simulation.step_worker session=save_slot_5666 payload=C:\Users\maxim\Research\simulation\.runtime\save_slots\save_slot_5666\step_payload.json
[simulation] worker launched module=simulation.step_worker session=save_slot_5666 pid=19692
[simulation] api_step launched worker session=save_slot_5666 pid=19692
[simulation] api_step requested session=save_slot_5667 mode=buyer_seller_negotiation running=False pid=None
[simulation] launching worker module=simulation.step_worker session=save_slot_5667 payload=C:\Users\maxim\Research\simulation\.runtime\save_slots\save_slot_5667\step_payload.json
[simulation] worker launched module=simulation.step_worker session=save_slot_5667 pid=20708
[simulation] api_step launched worker session=save_slot_5667 pid=20708
[simulation] api_step requested session=save_slot_5668 mode=buyer_seller_negotiation running=False pid=None
[simulation] launching worker module=simulation.step_worker session=save_slot_5668 payload=C:\Users\maxim\Research\simulation\.runtime\save_slots\save_slot_5668\step_payload.json
[simulation] worker launched module=simulation.step_worker session=save_slot_5668 pid=21568
[simulation] api_step launched worker session=save_slot_5668 pid=21568
[simulation] api_step requested session=save_slot_5669 mode=buyer_seller_negotiation running=False pid=None
[simulation] launching worker module=simulation.step_worker session=save_slot_5669 payload=C:\Users\maxim\Research\simulation\.runtime\save_slots\save_slot_5669\step_payload.json
[simulation] worker launched module=simulation.step_worker session=save_slot_5669 pid=14432
[simulation] api_step launched worker session=save_slot_5669 pid=14432
[simulation] api_step requested session=save_slot_5670 mode=buyer_seller_negotiation running=False pid=None
[simulation] launching worker module=simulation.step_worker session=save_slot_5670 payload=C:\Users\maxim\Research\simulation\.runtime\save_slots\save_slot_5670\step_payload.json
[simulation] worker launched module=simulation.step_worker session=save_slot_5670 pid=32076
[simulation] api_step launched worker session=save_slot_5670 pid=32076
[simulation] api_step requested session=save_slot_5671 mode=buyer_seller_negotiation running=False pid=None
[simulation] launching worker module=simulation.step_worker session=save_slot_5671 payload=C:\Users\maxim\Research\simulation\.runtime\save_slots\save_slot_5671\step_payload.json
[simulation] worker launched module=simulation.step_worker session=save_slot_5671 pid=14720
[simulation] api_step launched worker session=save_slot_5671 pid=14720
[simulation] api_step requested session=save_slot_5672 mode=buyer_seller_negotiation running=False pid=None
[simulation] launching worker module=simulation.step_worker session=save_slot_5672 payload=C:\Users\maxim\Research\simulation\.runtime\save_slots\save_slot_5672\step_payload.json
[simulation] worker launched module=simulation.step_worker session=save_slot_5672 pid=25516
[simulation] api_step launched worker session=save_slot_5672 pid=25516
[simulation] api_step requested session=save_slot_5673 mode=buyer_seller_negotiation running=False pid=None
[simulation] launching worker module=simulation.step_worker session=save_slot_5673 payload=C:\Users\maxim\Research\simulation\.runtime\save_slots\save_slot_5673\step_payload.json
[simulation] worker launched module=simulation.step_worker session=save_slot_5673 pid=30724
[simulation] api_step launched worker session=save_slot_5673 pid=30724
[simulation] api_step requested session=save_slot_5674 mode=buyer_seller_negotiation running=False pid=None
[simulation] launching worker module=simulation.step_worker session=save_slot_5674 payload=C:\Users\maxim\Research\simulation\.runtime\save_slots\save_slot_5674\step_payload.json
[simulation] worker launched module=simulation.step_worker session=save_slot_5674 pid=18260
[simulation] api_step launched worker session=save_slot_5674 pid=18260
[simulation] api_step requested session=save_slot_5675 mode=buyer_seller_negotiation running=False pid=None
[simulation] launching worker module=simulation.step_worker session=save_slot_5675 payload=C:\Users\maxim\Research\simulation\.runtime\save_slots\save_slot_5675\step_payload.json
[simulation] worker launched module=simulation.step_worker session=save_slot_5675 pid=15812
[simulation] api_step launched worker session=save_slot_5675 pid=15812
[simulation] api_step requested session=save_slot_5676 mode=buyer_seller_negotiation running=False pid=None
[simulation] launching worker module=simulation.step_worker session=save_slot_5676 payload=C:\Users\maxim\Research\simulation\.runtime\save_slots\save_slot_5676\step_payload.json
[simulation] worker launched module=simulation.step_worker session=save_slot_5676 pid=500
[simulation] api_step launched worker session=save_slot_5676 pid=500
[simulation] api_step requested session=save_slot_5677 mode=buyer_seller_negotiation running=False pid=None
[simulation] launching worker module=simulation.step_worker session=save_slot_5677 payload=C:\Users\maxim\Research\simulation\.runtime\save_slots\save_slot_5677\step_payload.json
[simulation] worker launched module=simulation.step_worker session=save_slot_5677 pid=16024
[simulation] api_step launched worker session=save_slot_5677 pid=16024
[simulation] api_step requested session=save_slot_5678 mode=buyer_seller_negotiation running=False pid=None
[simulation] launching worker module=simulation.step_worker session=save_slot_5678 payload=C:\Users\maxim\Research\simulation\.runtime\save_slots\save_slot_5678\step_payload.json
[simulation] worker launched module=simulation.step_worker session=save_slot_5678 pid=32984
[simulation] api_step launched worker session=save_slot_5678 pid=32984
[simulation] api_step requested session=save_slot_5679 mode=buyer_seller_negotiation running=False pid=None
[simulation] launching worker module=simulation.step_worker session=save_slot_5679 payload=C:\Users\maxim\Research\simulation\.runtime\save_slots\save_slot_5679\step_payload.json
[simulation] worker launched module=simulation.step_worker session=save_slot_5679 pid=9796
[simulation] api_step launched worker session=save_slot_5679 pid=9796
[simulation] api_step requested session=save_slot_5680 mode=buyer_seller_negotiation running=False pid=None
[simulation] launching worker module=simulation.step_worker session=save_slot_5680 payload=C:\Users\maxim\Research\simulation\.runtime\save_slots\save_slot_5680\step_payload.json
[simulation] worker launched module=simulation.step_worker session=save_slot_5680 pid=34004
[simulation] api_step launched worker session=save_slot_5680 pid=34004
[simulation] api_step requested session=save_slot_5681 mode=buyer_seller_negotiation running=False pid=None
[simulation] launching worker module=simulation.step_worker session=save_slot_5681 payload=C:\Users\maxim\Research\simulation\.runtime\save_slots\save_slot_5681\step_payload.json
[simulation] worker launched module=simulation.step_worker session=save_slot_5681 pid=35076
[simulation] api_step launched worker session=save_slot_5681 pid=35076
[simulation] api_step requested session=save_slot_5682 mode=buyer_seller_negotiation running=False pid=None
[simulation] launching worker module=simulation.step_worker session=save_slot_5682 payload=C:\Users\maxim\Research\simulation\.runtime\save_slots\save_slot_5682\step_payload.json
[simulation] worker launched module=simulation.step_worker session=save_slot_5682 pid=20376
[simulation] api_step launched worker session=save_slot_5682 pid=20376
[simulation] api_step requested session=save_slot_5683 mode=buyer_seller_negotiation running=False pid=None
[simulation] launching worker module=simulation.step_worker session=save_slot_5683 payload=C:\Users\maxim\Research\simulation\.runtime\save_slots\save_slot_5683\step_payload.json
[simulation] worker launched module=simulation.step_worker session=save_slot_5683 pid=28468
[simulation] api_step launched worker session=save_slot_5683 pid=28468
[simulation] api_step requested session=save_slot_5684 mode=buyer_seller_negotiation running=False pid=None
[simulation] launching worker module=simulation.step_worker session=save_slot_5684 payload=C:\Users\maxim\Research\simulation\.runtime\save_slots\save_slot_5684\step_payload.json
[simulation] worker launched module=simulation.step_worker session=save_slot_5684 pid=30108
[simulation] api_step launched worker session=save_slot_5684 pid=30108
[simulation] api_step requested session=save_slot_5685 mode=buyer_seller_negotiation running=False pid=None
[simulation] launching worker module=simulation.step_worker session=save_slot_5685 payload=C:\Users\maxim\Research\simulation\.runtime\save_slots\save_slot_5685\step_payload.json
[simulation] worker launched module=simulation.step_worker session=save_slot_5685 pid=3976
[simulation] api_step launched worker session=save_slot_5685 pid=3976
[simulation] api_step requested session=save_slot_5686 mode=buyer_seller_negotiation running=False pid=None
[simulation] launching worker module=simulation.step_worker session=save_slot_5686 payload=C:\Users\maxim\Research\simulation\.runtime\save_slots\save_slot_5686\step_payload.json
[simulation] worker launched module=simulation.step_worker session=save_slot_5686 pid=16988
[simulation] api_step launched worker session=save_slot_5686 pid=16988
[simulation] api_step requested session=save_slot_5687 mode=buyer_seller_negotiation running=False pid=None
[simulation] launching worker module=simulation.step_worker session=save_slot_5687 payload=C:\Users\maxim\Research\simulation\.runtime\save_slots\save_slot_5687\step_payload.json
[simulation] worker launched module=simulation.step_worker session=save_slot_5687 pid=1376
[simulation] api_step launched worker session=save_slot_5687 pid=1376
[simulation] api_step requested session=save_slot_5688 mode=buyer_seller_negotiation running=False pid=None
[simulation] launching worker module=simulation.step_worker session=save_slot_5688 payload=C:\Users\maxim\Research\simulation\.runtime\save_slots\save_slot_5688\step_payload.json
[simulation] worker launched module=simulation.step_worker session=save_slot_5688 pid=13972
[simulation] api_step launched worker session=save_slot_5688 pid=13972
[simulation] api_step requested session=save_slot_5689 mode=buyer_seller_negotiation running=False pid=None
[simulation] launching worker module=simulation.step_worker session=save_slot_5689 payload=C:\Users\maxim\Research\simulation\.runtime\save_slots\save_slot_5689\step_payload.json
[simulation] worker launched module=simulation.step_worker session=save_slot_5689 pid=9840
[simulation] api_step launched worker session=save_slot_5689 pid=9840
[simulation] api_step requested session=save_slot_5690 mode=buyer_seller_negotiation running=False pid=None
[simulation] launching worker module=simulation.step_worker session=save_slot_5690 payload=C:\Users\maxim\Research\simulation\.runtime\save_slots\save_slot_5690\step_payload.json
[simulation] worker launched module=simulation.step_worker session=save_slot_5690 pid=14572
[simulation] api_step launched worker session=save_slot_5690 pid=14572
[simulation] api_step requested session=save_slot_5691 mode=buyer_seller_negotiation running=False pid=None
[simulation] launching worker module=simulation.step_worker session=save_slot_5691 payload=C:\Users\maxim\Research\simulation\.runtime\save_slots\save_slot_5691\step_payload.json
[simulation] worker launched module=simulation.step_worker session=save_slot_5691 pid=9220
[simulation] api_step launched worker session=save_slot_5691 pid=9220
[simulation] api_step requested session=save_slot_5692 mode=buyer_seller_negotiation running=False pid=None
[simulation] launching worker module=simulation.step_worker session=save_slot_5692 payload=C:\Users\maxim\Research\simulation\.runtime\save_slots\save_slot_5692\step_payload.json
[simulation] worker launched module=simulation.step_worker session=save_slot_5692 pid=2544
[simulation] api_step launched worker session=save_slot_5692 pid=2544
[simulation] api_step requested session=save_slot_5693 mode=buyer_seller_negotiation running=False pid=None
[simulation] launching worker module=simulation.step_worker session=save_slot_5693 payload=C:\Users\maxim\Research\simulation\.runtime\save_slots\save_slot_5693\step_payload.json
[simulation] worker launched module=simulation.step_worker session=save_slot_5693 pid=29936
[simulation] api_step launched worker session=save_slot_5693 pid=29936
[simulation] api_step requested session=save_slot_5694 mode=buyer_seller_negotiation running=False pid=None
[simulation] launching worker module=simulation.step_worker session=save_slot_5694 payload=C:\Users\maxim\Research\simulation\.runtime\save_slots\save_slot_5694\step_payload.json
[simulation] worker launched module=simulation.step_worker session=save_slot_5694 pid=29396
[simulation] api_step launched worker session=save_slot_5694 pid=29396
[simulation] api_step requested session=save_slot_5695 mode=buyer_seller_negotiation running=False pid=None
[simulation] launching worker module=simulation.step_worker session=save_slot_5695 payload=C:\Users\maxim\Research\simulation\.runtime\save_slots\save_slot_5695\step_payload.json
[simulation] worker launched module=simulation.step_worker session=save_slot_5695 pid=28492
[simulation] api_step launched worker session=save_slot_5695 pid=28492
[simulation] api_step requested session=save_slot_5696 mode=buyer_seller_negotiation running=False pid=None
[simulation] launching worker module=simulation.step_worker session=save_slot_5696 payload=C:\Users\maxim\Research\simulation\.runtime\save_slots\save_slot_5696\step_payload.json
[simulation] worker launched module=simulation.step_worker session=save_slot_5696 pid=6700
[simulation] api_step launched worker session=save_slot_5696 pid=6700
[simulation] api_step requested session=save_slot_5697 mode=buyer_seller_negotiation running=False pid=None
[simulation] launching worker module=simulation.step_worker session=save_slot_5697 payload=C:\Users\maxim\Research\simulation\.runtime\save_slots\save_slot_5697\step_payload.json
[simulation] worker launched module=simulation.step_worker session=save_slot_5697 pid=27496
[simulation] api_step launched worker session=save_slot_5697 pid=27496
[simulation] api_step requested session=save_slot_5698 mode=buyer_seller_negotiation running=False pid=None
[simulation] launching worker module=simulation.step_worker session=save_slot_5698 payload=C:\Users\maxim\Research\simulation\.runtime\save_slots\save_slot_5698\step_payload.json
[simulation] worker launched module=simulation.step_worker session=save_slot_5698 pid=16272
[simulation] api_step launched worker session=save_slot_5698 pid=16272
[simulation] api_step requested session=save_slot_5699 mode=buyer_seller_negotiation running=False pid=None
[simulation] launching worker module=simulation.step_worker session=save_slot_5699 payload=C:\Users\maxim\Research\simulation\.runtime\save_slots\save_slot_5699\step_payload.json
[simulation] worker launched module=simulation.step_worker session=save_slot_5699 pid=3572
[simulation] api_step launched worker session=save_slot_5699 pid=3572
[simulation] api_step requested session=save_slot_5700 mode=buyer_seller_negotiation running=False pid=None
[simulation] launching worker module=simulation.step_worker session=save_slot_5700 payload=C:\Users\maxim\Research\simulation\.runtime\save_slots\save_slot_5700\step_payload.json
[simulation] worker launched module=simulation.step_worker session=save_slot_5700 pid=10460
[simulation] api_step launched worker session=save_slot_5700 pid=10460
[simulation] api_step requested session=save_slot_5701 mode=buyer_seller_negotiation running=False pid=None
[simulation] launching worker module=simulation.step_worker session=save_slot_5701 payload=C:\Users\maxim\Research\simulation\.runtime\save_slots\save_slot_5701\step_payload.json
[simulation] worker launched module=simulation.step_worker session=save_slot_5701 pid=25116
[simulation] api_step launched worker session=save_slot_5701 pid=25116
[simulation] api_step requested session=save_slot_5702 mode=buyer_seller_negotiation running=False pid=None
[simulation] launching worker module=simulation.step_worker session=save_slot_5702 payload=C:\Users\maxim\Research\simulation\.runtime\save_slots\save_slot_5702\step_payload.json
[simulation] worker launched module=simulation.step_worker session=save_slot_5702 pid=33736
[simulation] api_step launched worker session=save_slot_5702 pid=33736
[simulation] api_step requested session=save_slot_5703 mode=buyer_seller_negotiation running=False pid=None
[simulation] launching worker module=simulation.step_worker session=save_slot_5703 payload=C:\Users\maxim\Research\simulation\.runtime\save_slots\save_slot_5703\step_payload.json
[simulation] worker launched module=simulation.step_worker session=save_slot_5703 pid=10796
[simulation] api_step launched worker session=save_slot_5703 pid=10796
[simulation] api_step requested session=save_slot_5704 mode=buyer_seller_negotiation running=False pid=None
[simulation] launching worker module=simulation.step_worker session=save_slot_5704 payload=C:\Users\maxim\Research\simulation\.runtime\save_slots\save_slot_5704\step_payload.json
[simulation] worker launched module=simulation.step_worker session=save_slot_5704 pid=29860
[simulation] api_step launched worker session=save_slot_5704 pid=29860
[simulation] api_step requested session=save_slot_5705 mode=buyer_seller_negotiation running=False pid=None
[simulation] launching worker module=simulation.step_worker session=save_slot_5705 payload=C:\Users\maxim\Research\simulation\.runtime\save_slots\save_slot_5705\step_payload.json
[simulation] worker launched module=simulation.step_worker session=save_slot_5705 pid=21208
[simulation] api_step launched worker session=save_slot_5705 pid=21208
[simulation] api_step requested session=save_slot_5706 mode=buyer_seller_negotiation running=False pid=None
[simulation] launching worker module=simulation.step_worker session=save_slot_5706 payload=C:\Users\maxim\Research\simulation\.runtime\save_slots\save_slot_5706\step_payload.json
[simulation] worker launched module=simulation.step_worker session=save_slot_5706 pid=29084
[simulation] api_step launched worker session=save_slot_5706 pid=29084
[simulation] api_step requested session=save_slot_5707 mode=buyer_seller_negotiation running=False pid=None
[simulation] launching worker module=simulation.step_worker session=save_slot_5707 payload=C:\Users\maxim\Research\simulation\.runtime\save_slots\save_slot_5707\step_payload.json
[simulation] worker launched module=simulation.step_worker session=save_slot_5707 pid=3960
[simulation] api_step launched worker session=save_slot_5707 pid=3960
[simulation] api_step requested session=save_slot_5708 mode=buyer_seller_negotiation running=False pid=None
[simulation] launching worker module=simulation.step_worker session=save_slot_5708 payload=C:\Users\maxim\Research\simulation\.runtime\save_slots\save_slot_5708\step_payload.json
[simulation] worker launched module=simulation.step_worker session=save_slot_5708 pid=2776
[simulation] api_step launched worker session=save_slot_5708 pid=2776
[simulation] api_step requested session=save_slot_5709 mode=buyer_seller_negotiation running=False pid=None
[simulation] launching worker module=simulation.step_worker session=save_slot_5709 payload=C:\Users\maxim\Research\simulation\.runtime\save_slots\save_slot_5709\step_payload.json
[simulation] worker launched module=simulation.step_worker session=save_slot_5709 pid=32404
[simulation] api_step launched worker session=save_slot_5709 pid=32404
[simulation] api_step requested session=save_slot_5710 mode=buyer_seller_negotiation running=False pid=None
[simulation] launching worker module=simulation.step_worker session=save_slot_5710 payload=C:\Users\maxim\Research\simulation\.runtime\save_slots\save_slot_5710\step_payload.json
[simulation] worker launched module=simulation.step_worker session=save_slot_5710 pid=30576
[simulation] api_step launched worker session=save_slot_5710 pid=30576
[simulation] api_step requested session=save_slot_5711 mode=buyer_seller_negotiation running=False pid=None
[simulation] launching worker module=simulation.step_worker session=save_slot_5711 payload=C:\Users\maxim\Research\simulation\.runtime\save_slots\save_slot_5711\step_payload.json
[simulation] worker launched module=simulation.step_worker session=save_slot_5711 pid=36596
[simulation] api_step launched worker session=save_slot_5711 pid=36596
[simulation] api_step requested session=save_slot_5712 mode=buyer_seller_negotiation running=False pid=None
[simulation] launching worker module=simulation.step_worker session=save_slot_5712 payload=C:\Users\maxim\Research\simulation\.runtime\save_slots\save_slot_5712\step_payload.json
[simulation] worker launched module=simulation.step_worker session=save_slot_5712 pid=19908
[simulation] api_step launched worker session=save_slot_5712 pid=19908
[simulation] api_step requested session=save_slot_5713 mode=buyer_seller_negotiation running=False pid=None
[simulation] launching worker module=simulation.step_worker session=save_slot_5713 payload=C:\Users\maxim\Research\simulation\.runtime\save_slots\save_slot_5713\step_payload.json
[simulation] worker launched module=simulation.step_worker session=save_slot_5713 pid=24872
[simulation] api_step launched worker session=save_slot_5713 pid=24872
[simulation] api_step requested session=save_slot_5714 mode=buyer_seller_negotiation running=False pid=None
[simulation] launching worker module=simulation.step_worker session=save_slot_5714 payload=C:\Users\maxim\Research\simulation\.runtime\save_slots\save_slot_5714\step_payload.json
[simulation] worker launched module=simulation.step_worker session=save_slot_5714 pid=22240
[simulation] api_step launched worker session=save_slot_5714 pid=22240
[simulation] api_step requested session=save_slot_5715 mode=buyer_seller_negotiation running=False pid=None
[simulation] launching worker module=simulation.step_worker session=save_slot_5715 payload=C:\Users\maxim\Research\simulation\.runtime\save_slots\save_slot_5715\step_payload.json
[simulation] worker launched module=simulation.step_worker session=save_slot_5715 pid=24772
[simulation] api_step launched worker session=save_slot_5715 pid=24772
[simulation] api_step requested session=save_slot_5716 mode=buyer_seller_negotiation running=False pid=None
[simulation] launching worker module=simulation.step_worker session=save_slot_5716 payload=C:\Users\maxim\Research\simulation\.runtime\save_slots\save_slot_5716\step_payload.json
[simulation] worker launched module=simulation.step_worker session=save_slot_5716 pid=22492
[simulation] api_step launched worker session=save_slot_5716 pid=22492
[simulation] api_step requested session=save_slot_5717 mode=buyer_seller_negotiation running=False pid=None
[simulation] launching worker module=simulation.step_worker session=save_slot_5717 payload=C:\Users\maxim\Research\simulation\.runtime\save_slots\save_slot_5717\step_payload.json
[simulation] worker launched module=simulation.step_worker session=save_slot_5717 pid=14160
[simulation] api_step launched worker session=save_slot_5717 pid=14160
[simulation] api_step requested session=save_slot_5718 mode=buyer_seller_negotiation running=False pid=None
[simulation] launching worker module=simulation.step_worker session=save_slot_5718 payload=C:\Users\maxim\Research\simulation\.runtime\save_slots\save_slot_5718\step_payload.json
[simulation] worker launched module=simulation.step_worker session=save_slot_5718 pid=11112
[simulation] api_step launched worker session=save_slot_5718 pid=11112
[simulation] api_step requested session=save_slot_5719 mode=buyer_seller_negotiation running=False pid=None
[simulation] launching worker module=simulation.step_worker session=save_slot_5719 payload=C:\Users\maxim\Research\simulation\.runtime\save_slots\save_slot_5719\step_payload.json
[simulation] worker launched module=simulation.step_worker session=save_slot_5719 pid=28232
[simulation] api_step launched worker session=save_slot_5719 pid=28232
[simulation] api_step requested session=save_slot_5720 mode=buyer_seller_negotiation running=False pid=None
[simulation] launching worker module=simulation.step_worker session=save_slot_5720 payload=C:\Users\maxim\Research\simulation\.runtime\save_slots\save_slot_5720\step_payload.json
[simulation] worker launched module=simulation.step_worker session=save_slot_5720 pid=33216
[simulation] api_step launched worker session=save_slot_5720 pid=33216
[simulation] api_step requested session=save_slot_5721 mode=buyer_seller_negotiation running=False pid=None
[simulation] launching worker module=simulation.step_worker session=save_slot_5721 payload=C:\Users\maxim\Research\simulation\.runtime\save_slots\save_slot_5721\step_payload.json
[simulation] worker launched module=simulation.step_worker session=save_slot_5721 pid=24368
[simulation] api_step launched worker session=save_slot_5721 pid=24368
[simulation] api_step requested session=save_slot_5722 mode=buyer_seller_negotiation running=False pid=None
[simulation] launching worker module=simulation.step_worker session=save_slot_5722 payload=C:\Users\maxim\Research\simulation\.runtime\save_slots\save_slot_5722\step_payload.json
[simulation] worker launched module=simulation.step_worker session=save_slot_5722 pid=36548
[simulation] api_step launched worker session=save_slot_5722 pid=36548
[simulation] api_step requested session=save_slot_5723 mode=buyer_seller_negotiation running=False pid=None
[simulation] launching worker module=simulation.step_worker session=save_slot_5723 payload=C:\Users\maxim\Research\simulation\.runtime\save_slots\save_slot_5723\step_payload.json
[simulation] worker launched module=simulation.step_worker session=save_slot_5723 pid=30108
[simulation] api_step launched worker session=save_slot_5723 pid=30108
[simulation] api_step requested session=save_slot_5724 mode=buyer_seller_negotiation running=False pid=None
[simulation] launching worker module=simulation.step_worker session=save_slot_5724 payload=C:\Users\maxim\Research\simulation\.runtime\save_slots\save_slot_5724\step_payload.json
[simulation] worker launched module=simulation.step_worker session=save_slot_5724 pid=14500
[simulation] api_step launched worker session=save_slot_5724 pid=14500
[simulation] api_step requested session=save_slot_5725 mode=buyer_seller_negotiation running=False pid=None
[simulation] launching worker module=simulation.step_worker session=save_slot_5725 payload=C:\Users\maxim\Research\simulation\.runtime\save_slots\save_slot_5725\step_payload.json
[simulation] worker launched module=simulation.step_worker session=save_slot_5725 pid=36336
[simulation] api_step launched worker session=save_slot_5725 pid=36336
[simulation] api_step requested session=save_slot_5726 mode=buyer_seller_negotiation running=False pid=None
[simulation] launching worker module=simulation.step_worker session=save_slot_5726 payload=C:\Users\maxim\Research\simulation\.runtime\save_slots\save_slot_5726\step_payload.json
[simulation] worker launched module=simulation.step_worker session=save_slot_5726 pid=33132
[simulation] api_step launched worker session=save_slot_5726 pid=33132
[simulation] api_step requested session=save_slot_5727 mode=buyer_seller_negotiation running=False pid=None
[simulation] launching worker module=simulation.step_worker session=save_slot_5727 payload=C:\Users\maxim\Research\simulation\.runtime\save_slots\save_slot_5727\step_payload.json
[simulation] worker launched module=simulation.step_worker session=save_slot_5727 pid=29792
[simulation] api_step launched worker session=save_slot_5727 pid=29792
[simulation] api_step requested session=save_slot_5728 mode=buyer_seller_negotiation running=False pid=None
[simulation] launching worker module=simulation.step_worker session=save_slot_5728 payload=C:\Users\maxim\Research\simulation\.runtime\save_slots\save_slot_5728\step_payload.json
[simulation] worker launched module=simulation.step_worker session=save_slot_5728 pid=30552
[simulation] api_step launched worker session=save_slot_5728 pid=30552
[simulation] api_step requested session=save_slot_5729 mode=buyer_seller_negotiation running=False pid=None
[simulation] launching worker module=simulation.step_worker session=save_slot_5729 payload=C:\Users\maxim\Research\simulation\.runtime\save_slots\save_slot_5729\step_payload.json
[simulation] worker launched module=simulation.step_worker session=save_slot_5729 pid=19592
[simulation] api_step launched worker session=save_slot_5729 pid=19592
[simulation] api_step requested session=save_slot_5730 mode=buyer_seller_negotiation running=False pid=None
[simulation] launching worker module=simulation.step_worker session=save_slot_5730 payload=C:\Users\maxim\Research\simulation\.runtime\save_slots\save_slot_5730\step_payload.json
[simulation] worker launched module=simulation.step_worker session=save_slot_5730 pid=12744
[simulation] api_step launched worker session=save_slot_5730 pid=12744
[simulation] api_step requested session=save_slot_5731 mode=buyer_seller_negotiation running=False pid=None
[simulation] launching worker module=simulation.step_worker session=save_slot_5731 payload=C:\Users\maxim\Research\simulation\.runtime\save_slots\save_slot_5731\step_payload.json
[simulation] worker launched module=simulation.step_worker session=save_slot_5731 pid=16876
[simulation] api_step launched worker session=save_slot_5731 pid=16876
[simulation] api_step requested session=save_slot_5732 mode=buyer_seller_negotiation running=False pid=None
[simulation] launching worker module=simulation.step_worker session=save_slot_5732 payload=C:\Users\maxim\Research\simulation\.runtime\save_slots\save_slot_5732\step_payload.json
[simulation] worker launched module=simulation.step_worker session=save_slot_5732 pid=27916
[simulation] api_step launched worker session=save_slot_5732 pid=27916
[simulation] api_step requested session=save_slot_5733 mode=buyer_seller_negotiation running=False pid=None
[simulation] launching worker module=simulation.step_worker session=save_slot_5733 payload=C:\Users\maxim\Research\simulation\.runtime\save_slots\save_slot_5733\step_payload.json
[simulation] worker launched module=simulation.step_worker session=save_slot_5733 pid=28568
[simulation] api_step launched worker session=save_slot_5733 pid=28568
[simulation] api_step requested session=save_slot_5734 mode=buyer_seller_negotiation running=False pid=None
[simulation] launching worker module=simulation.step_worker session=save_slot_5734 payload=C:\Users\maxim\Research\simulation\.runtime\save_slots\save_slot_5734\step_payload.json
[simulation] worker launched module=simulation.step_worker session=save_slot_5734 pid=4272
[simulation] api_step launched worker session=save_slot_5734 pid=4272
[simulation] api_step requested session=save_slot_5735 mode=buyer_seller_negotiation running=False pid=None
[simulation] launching worker module=simulation.step_worker session=save_slot_5735 payload=C:\Users\maxim\Research\simulation\.runtime\save_slots\save_slot_5735\step_payload.json
[simulation] worker launched module=simulation.step_worker session=save_slot_5735 pid=4224
[simulation] api_step launched worker session=save_slot_5735 pid=4224
[simulation] api_step requested session=save_slot_5736 mode=buyer_seller_negotiation running=False pid=None
[simulation] launching worker module=simulation.step_worker session=save_slot_5736 payload=C:\Users\maxim\Research\simulation\.runtime\save_slots\save_slot_5736\step_payload.json
[simulation] worker launched module=simulation.step_worker session=save_slot_5736 pid=22440
[simulation] api_step launched worker session=save_slot_5736 pid=22440
[simulation] api_step requested session=save_slot_5737 mode=buyer_seller_negotiation running=False pid=None
[simulation] launching worker module=simulation.step_worker session=save_slot_5737 payload=C:\Users\maxim\Research\simulation\.runtime\save_slots\save_slot_5737\step_payload.json
[simulation] worker launched module=simulation.step_worker session=save_slot_5737 pid=6840
[simulation] api_step launched worker session=save_slot_5737 pid=6840
[simulation] api_step requested session=save_slot_5738 mode=buyer_seller_negotiation running=False pid=None
[simulation] launching worker module=simulation.step_worker session=save_slot_5738 payload=C:\Users\maxim\Research\simulation\.runtime\save_slots\save_slot_5738\step_payload.json
[simulation] worker launched module=simulation.step_worker session=save_slot_5738 pid=19364
[simulation] api_step launched worker session=save_slot_5738 pid=19364
[simulation] api_step requested session=save_slot_5739 mode=buyer_seller_negotiation running=False pid=None
[simulation] launching worker module=simulation.step_worker session=save_slot_5739 payload=C:\Users\maxim\Research\simulation\.runtime\save_slots\save_slot_5739\step_payload.json
[simulation] worker launched module=simulation.step_worker session=save_slot_5739 pid=30788
[simulation] api_step launched worker session=save_slot_5739 pid=30788
[simulation] api_step requested session=save_slot_5740 mode=buyer_seller_negotiation running=False pid=None
[simulation] launching worker module=simulation.step_worker session=save_slot_5740 payload=C:\Users\maxim\Research\simulation\.runtime\save_slots\save_slot_5740\step_payload.json
[simulation] worker launched module=simulation.step_worker session=save_slot_5740 pid=24468
[simulation] api_step launched worker session=save_slot_5740 pid=24468
[simulation] api_step requested session=save_slot_5741 mode=buyer_seller_negotiation running=False pid=None
[simulation] launching worker module=simulation.step_worker session=save_slot_5741 payload=C:\Users\maxim\Research\simulation\.runtime\save_slots\save_slot_5741\step_payload.json
[simulation] worker launched module=simulation.step_worker session=save_slot_5741 pid=23624
[simulation] api_step launched worker session=save_slot_5741 pid=23624
[simulation] api_step requested session=save_slot_5742 mode=buyer_seller_negotiation running=False pid=None
[simulation] launching worker module=simulation.step_worker session=save_slot_5742 payload=C:\Users\maxim\Research\simulation\.runtime\save_slots\save_slot_5742\step_payload.json
[simulation] worker launched module=simulation.step_worker session=save_slot_5742 pid=12380
[simulation] api_step launched worker session=save_slot_5742 pid=12380
[simulation] api_step requested session=save_slot_5743 mode=buyer_seller_negotiation running=False pid=None
[simulation] launching worker module=simulation.step_worker session=save_slot_5743 payload=C:\Users\maxim\Research\simulation\.runtime\save_slots\save_slot_5743\step_payload.json
[simulation] worker launched module=simulation.step_worker session=save_slot_5743 pid=29508
[simulation] api_step launched worker session=save_slot_5743 pid=29508
[simulation] api_step requested session=save_slot_5744 mode=buyer_seller_negotiation running=False pid=None
[simulation] launching worker module=simulation.step_worker session=save_slot_5744 payload=C:\Users\maxim\Research\simulation\.runtime\save_slots\save_slot_5744\step_payload.json
[simulation] worker launched module=simulation.step_worker session=save_slot_5744 pid=13036
[simulation] api_step launched worker session=save_slot_5744 pid=13036
[simulation] api_step requested session=save_slot_5745 mode=buyer_seller_negotiation running=False pid=None
[simulation] launching worker module=simulation.step_worker session=save_slot_5745 payload=C:\Users\maxim\Research\simulation\.runtime\save_slots\save_slot_5745\step_payload.json
[simulation] worker launched module=simulation.step_worker session=save_slot_5745 pid=3960
[simulation] api_step launched worker session=save_slot_5745 pid=3960
[simulation] api_step requested session=save_slot_5746 mode=buyer_seller_negotiation running=False pid=None
[simulation] launching worker module=simulation.step_worker session=save_slot_5746 payload=C:\Users\maxim\Research\simulation\.runtime\save_slots\save_slot_5746\step_payload.json
[simulation] worker launched module=simulation.step_worker session=save_slot_5746 pid=29880
[simulation] api_step launched worker session=save_slot_5746 pid=29880
[simulation] api_step requested session=save_slot_5747 mode=buyer_seller_negotiation running=False pid=None
[simulation] launching worker module=simulation.step_worker session=save_slot_5747 payload=C:\Users\maxim\Research\simulation\.runtime\save_slots\save_slot_5747\step_payload.json
[simulation] worker launched module=simulation.step_worker session=save_slot_5747 pid=16440
[simulation] api_step launched worker session=save_slot_5747 pid=16440
[simulation] api_step requested session=save_slot_5748 mode=buyer_seller_negotiation running=False pid=None
[simulation] launching worker module=simulation.step_worker session=save_slot_5748 payload=C:\Users\maxim\Research\simulation\.runtime\save_slots\save_slot_5748\step_payload.json
[simulation] worker launched module=simulation.step_worker session=save_slot_5748 pid=18720
[simulation] api_step launched worker session=save_slot_5748 pid=18720
[simulation] api_step requested session=save_slot_5749 mode=buyer_seller_negotiation running=False pid=None
[simulation] launching worker module=simulation.step_worker session=save_slot_5749 payload=C:\Users\maxim\Research\simulation\.runtime\save_slots\save_slot_5749\step_payload.json
[simulation] worker launched module=simulation.step_worker session=save_slot_5749 pid=34960
[simulation] api_step launched worker session=save_slot_5749 pid=34960
[simulation] api_step requested session=save_slot_5750 mode=buyer_seller_negotiation running=False pid=None
[simulation] launching worker module=simulation.step_worker session=save_slot_5750 payload=C:\Users\maxim\Research\simulation\.runtime\save_slots\save_slot_5750\step_payload.json
[simulation] worker launched module=simulation.step_worker session=save_slot_5750 pid=28320
[simulation] api_step launched worker session=save_slot_5750 pid=28320
[simulation] api_step requested session=save_slot_5751 mode=buyer_seller_negotiation running=False pid=None
[simulation] launching worker module=simulation.step_worker session=save_slot_5751 payload=C:\Users\maxim\Research\simulation\.runtime\save_slots\save_slot_5751\step_payload.json
[simulation] worker launched module=simulation.step_worker session=save_slot_5751 pid=8372
[simulation] api_step launched worker session=save_slot_5751 pid=8372
[simulation] api_step requested session=save_slot_5752 mode=buyer_seller_negotiation running=False pid=None
[simulation] launching worker module=simulation.step_worker session=save_slot_5752 payload=C:\Users\maxim\Research\simulation\.runtime\save_slots\save_slot_5752\step_payload.json
[simulation] worker launched module=simulation.step_worker session=save_slot_5752 pid=18328
[simulation] api_step launched worker session=save_slot_5752 pid=18328
[simulation] api_step requested session=save_slot_5753 mode=buyer_seller_negotiation running=False pid=None
[simulation] launching worker module=simulation.step_worker session=save_slot_5753 payload=C:\Users\maxim\Research\simulation\.runtime\save_slots\save_slot_5753\step_payload.json
[simulation] worker launched module=simulation.step_worker session=save_slot_5753 pid=21480
[simulation] api_step launched worker session=save_slot_5753 pid=21480
[simulation] api_step requested session=save_slot_5754 mode=buyer_seller_negotiation running=False pid=None
[simulation] launching worker module=simulation.step_worker session=save_slot_5754 payload=C:\Users\maxim\Research\simulation\.runtime\save_slots\save_slot_5754\step_payload.json
[simulation] worker launched module=simulation.step_worker session=save_slot_5754 pid=33684
[simulation] api_step launched worker session=save_slot_5754 pid=33684
[simulation] api_step requested session=save_slot_5755 mode=buyer_seller_negotiation running=False pid=None
[simulation] launching worker module=simulation.step_worker session=save_slot_5755 payload=C:\Users\maxim\Research\simulation\.runtime\save_slots\save_slot_5755\step_payload.json
[simulation] worker launched module=simulation.step_worker session=save_slot_5755 pid=20684
[simulation] api_step launched worker session=save_slot_5755 pid=20684
[simulation] api_step requested session=save_slot_5756 mode=buyer_seller_negotiation running=False pid=None
[simulation] launching worker module=simulation.step_worker session=save_slot_5756 payload=C:\Users\maxim\Research\simulation\.runtime\save_slots\save_slot_5756\step_payload.json
[simulation] worker launched module=simulation.step_worker session=save_slot_5756 pid=25420
[simulation] api_step launched worker session=save_slot_5756 pid=25420
[simulation] api_step requested session=save_slot_5757 mode=buyer_seller_negotiation running=False pid=None
[simulation] launching worker module=simulation.step_worker session=save_slot_5757 payload=C:\Users\maxim\Research\simulation\.runtime\save_slots\save_slot_5757\step_payload.json
[simulation] worker launched module=simulation.step_worker session=save_slot_5757 pid=24180
[simulation] api_step launched worker session=save_slot_5757 pid=24180
[simulation] api_step requested session=save_slot_5758 mode=buyer_seller_negotiation running=False pid=None
[simulation] launching worker module=simulation.step_worker session=save_slot_5758 payload=C:\Users\maxim\Research\simulation\.runtime\save_slots\save_slot_5758\step_payload.json
[simulation] worker launched module=simulation.step_worker session=save_slot_5758 pid=33652
[simulation] api_step launched worker session=save_slot_5758 pid=33652
[simulation] api_step requested session=save_slot_5759 mode=buyer_seller_negotiation running=False pid=None
[simulation] launching worker module=simulation.step_worker session=save_slot_5759 payload=C:\Users\maxim\Research\simulation\.runtime\save_slots\save_slot_5759\step_payload.json
[simulation] worker launched module=simulation.step_worker session=save_slot_5759 pid=30468
[simulation] api_step launched worker session=save_slot_5759 pid=30468
[simulation] api_step requested session=save_slot_5760 mode=buyer_seller_negotiation running=False pid=None
[simulation] launching worker module=simulation.step_worker session=save_slot_5760 payload=C:\Users\maxim\Research\simulation\.runtime\save_slots\save_slot_5760\step_payload.json
[simulation] worker launched module=simulation.step_worker session=save_slot_5760 pid=24548
[simulation] api_step launched worker session=save_slot_5760 pid=24548
[simulation] api_step requested session=save_slot_5761 mode=buyer_seller_negotiation running=False pid=None
[simulation] launching worker module=simulation.step_worker session=save_slot_5761 payload=C:\Users\maxim\Research\simulation\.runtime\save_slots\save_slot_5761\step_payload.json
[simulation] worker launched module=simulation.step_worker session=save_slot_5761 pid=5768
[simulation] api_step launched worker session=save_slot_5761 pid=5768
[simulation] api_step requested session=save_slot_5762 mode=buyer_seller_negotiation running=False pid=None
[simulation] launching worker module=simulation.step_worker session=save_slot_5762 payload=C:\Users\maxim\Research\simulation\.runtime\save_slots\save_slot_5762\step_payload.json
[simulation] worker launched module=simulation.step_worker session=save_slot_5762 pid=4316
[simulation] api_step launched worker session=save_slot_5762 pid=4316
[simulation] api_step requested session=save_slot_5763 mode=buyer_seller_negotiation running=False pid=None
[simulation] launching worker module=simulation.step_worker session=save_slot_5763 payload=C:\Users\maxim\Research\simulation\.runtime\save_slots\save_slot_5763\step_payload.json
[simulation] worker launched module=simulation.step_worker session=save_slot_5763 pid=35476
[simulation] api_step launched worker session=save_slot_5763 pid=35476
[simulation] api_step requested session=save_slot_5764 mode=buyer_seller_negotiation running=False pid=None
[simulation] launching worker module=simulation.step_worker session=save_slot_5764 payload=C:\Users\maxim\Research\simulation\.runtime\save_slots\save_slot_5764\step_payload.json
[simulation] worker launched module=simulation.step_worker session=save_slot_5764 pid=15292
[simulation] api_step launched worker session=save_slot_5764 pid=15292
[simulation] api_step requested session=save_slot_5765 mode=buyer_seller_negotiation running=False pid=None
[simulation] launching worker module=simulation.step_worker session=save_slot_5765 payload=C:\Users\maxim\Research\simulation\.runtime\save_slots\save_slot_5765\step_payload.json
[simulation] worker launched module=simulation.step_worker session=save_slot_5765 pid=5948
[simulation] api_step launched worker session=save_slot_5765 pid=5948
[simulation] api_step requested session=save_slot_5766 mode=buyer_seller_negotiation running=False pid=None
[simulation] launching worker module=simulation.step_worker session=save_slot_5766 payload=C:\Users\maxim\Research\simulation\.runtime\save_slots\save_slot_5766\step_payload.json
[simulation] worker launched module=simulation.step_worker session=save_slot_5766 pid=17116
[simulation] api_step launched worker session=save_slot_5766 pid=17116
[simulation] api_step requested session=save_slot_5767 mode=buyer_seller_negotiation running=False pid=None
[simulation] launching worker module=simulation.step_worker session=save_slot_5767 payload=C:\Users\maxim\Research\simulation\.runtime\save_slots\save_slot_5767\step_payload.json
[simulation] worker launched module=simulation.step_worker session=save_slot_5767 pid=25380
[simulation] api_step launched worker session=save_slot_5767 pid=25380
[simulation] api_step requested session=save_slot_5768 mode=buyer_seller_negotiation running=False pid=None
[simulation] launching worker module=simulation.step_worker session=save_slot_5768 payload=C:\Users\maxim\Research\simulation\.runtime\save_slots\save_slot_5768\step_payload.json
[simulation] worker launched module=simulation.step_worker session=save_slot_5768 pid=25440
[simulation] api_step launched worker session=save_slot_5768 pid=25440
[simulation] api_step requested session=save_slot_5769 mode=buyer_seller_negotiation running=False pid=None
[simulation] launching worker module=simulation.step_worker session=save_slot_5769 payload=C:\Users\maxim\Research\simulation\.runtime\save_slots\save_slot_5769\step_payload.json
[simulation] worker launched module=simulation.step_worker session=save_slot_5769 pid=18988
[simulation] api_step launched worker session=save_slot_5769 pid=18988
[simulation] api_step requested session=save_slot_5770 mode=buyer_seller_negotiation running=False pid=None
[simulation] launching worker module=simulation.step_worker session=save_slot_5770 payload=C:\Users\maxim\Research\simulation\.runtime\save_slots\save_slot_5770\step_payload.json
[simulation] worker launched module=simulation.step_worker session=save_slot_5770 pid=28800
[simulation] api_step launched worker session=save_slot_5770 pid=28800
[simulation] api_step requested session=save_slot_5771 mode=buyer_seller_negotiation running=False pid=None
[simulation] launching worker module=simulation.step_worker session=save_slot_5771 payload=C:\Users\maxim\Research\simulation\.runtime\save_slots\save_slot_5771\step_payload.json
[simulation] worker launched module=simulation.step_worker session=save_slot_5771 pid=3292
[simulation] api_step launched worker session=save_slot_5771 pid=3292
[simulation] api_step requested session=save_slot_5772 mode=buyer_seller_negotiation running=False pid=None
[simulation] launching worker module=simulation.step_worker session=save_slot_5772 payload=C:\Users\maxim\Research\simulation\.runtime\save_slots\save_slot_5772\step_payload.json
[simulation] worker launched module=simulation.step_worker session=save_slot_5772 pid=33440
[simulation] api_step launched worker session=save_slot_5772 pid=33440
[simulation] api_step requested session=save_slot_5773 mode=buyer_seller_negotiation running=False pid=None
[simulation] launching worker module=simulation.step_worker session=save_slot_5773 payload=C:\Users\maxim\Research\simulation\.runtime\save_slots\save_slot_5773\step_payload.json
[simulation] worker launched module=simulation.step_worker session=save_slot_5773 pid=4692
[simulation] api_step launched worker session=save_slot_5773 pid=4692
[simulation] api_step requested session=save_slot_5774 mode=buyer_seller_negotiation running=False pid=None
[simulation] launching worker module=simulation.step_worker session=save_slot_5774 payload=C:\Users\maxim\Research\simulation\.runtime\save_slots\save_slot_5774\step_payload.json
[simulation] worker launched module=simulation.step_worker session=save_slot_5774 pid=2716
[simulation] api_step launched worker session=save_slot_5774 pid=2716
[simulation] api_step requested session=save_slot_5775 mode=buyer_seller_negotiation running=False pid=None
[simulation] launching worker module=simulation.step_worker session=save_slot_5775 payload=C:\Users\maxim\Research\simulation\.runtime\save_slots\save_slot_5775\step_payload.json
[simulation] worker launched module=simulation.step_worker session=save_slot_5775 pid=6208
[simulation] api_step launched worker session=save_slot_5775 pid=6208
[simulation] api_step requested session=save_slot_5777 mode=buyer_seller_negotiation running=False pid=None
[simulation] launching worker module=simulation.step_worker session=save_slot_5777 payload=C:\Users\maxim\Research\simulation\.runtime\save_slots\save_slot_5777\step_payload.json
[simulation] worker launched module=simulation.step_worker session=save_slot_5777 pid=17336
[simulation] api_step launched worker session=save_slot_5777 pid=17336
[simulation] api_step requested session=save_slot_5776 mode=buyer_seller_negotiation running=False pid=None
[simulation] launching worker module=simulation.step_worker session=save_slot_5776 payload=C:\Users\maxim\Research\simulation\.runtime\save_slots\save_slot_5776\step_payload.json
[simulation] worker launched module=simulation.step_worker session=save_slot_5776 pid=6416
[simulation] api_step launched worker session=save_slot_5776 pid=6416
[simulation] api_step requested session=save_slot_5778 mode=buyer_seller_negotiation running=False pid=None
[simulation] launching worker module=simulation.step_worker session=save_slot_5778 payload=C:\Users\maxim\Research\simulation\.runtime\save_slots\save_slot_5778\step_payload.json
[simulation] worker launched module=simulation.step_worker session=save_slot_5778 pid=24736
[simulation] api_step launched worker session=save_slot_5778 pid=24736
[simulation] api_step requested session=save_slot_5779 mode=buyer_seller_negotiation running=False pid=None
[simulation] launching worker module=simulation.step_worker session=save_slot_5779 payload=C:\Users\maxim\Research\simulation\.runtime\save_slots\save_slot_5779\step_payload.json
[simulation] worker launched module=simulation.step_worker session=save_slot_5779 pid=36552
[simulation] api_step launched worker session=save_slot_5779 pid=36552
[simulation] api_step requested session=save_slot_5780 mode=buyer_seller_negotiation running=False pid=None
[simulation] launching worker module=simulation.step_worker session=save_slot_5780 payload=C:\Users\maxim\Research\simulation\.runtime\save_slots\save_slot_5780\step_payload.json
[simulation] worker launched module=simulation.step_worker session=save_slot_5780 pid=4132
[simulation] api_step launched worker session=save_slot_5780 pid=4132
[simulation] api_step requested session=save_slot_5781 mode=buyer_seller_negotiation running=False pid=None
[simulation] launching worker module=simulation.step_worker session=save_slot_5781 payload=C:\Users\maxim\Research\simulation\.runtime\save_slots\save_slot_5781\step_payload.json
[simulation] worker launched module=simulation.step_worker session=save_slot_5781 pid=14328
[simulation] api_step launched worker session=save_slot_5781 pid=14328
[simulation] api_step requested session=save_slot_5782 mode=buyer_seller_negotiation running=False pid=None
[simulation] launching worker module=simulation.step_worker session=save_slot_5782 payload=C:\Users\maxim\Research\simulation\.runtime\save_slots\save_slot_5782\step_payload.json
[simulation] worker launched module=simulation.step_worker session=save_slot_5782 pid=28544
[simulation] api_step launched worker session=save_slot_5782 pid=28544
[simulation] api_step requested session=save_slot_5783 mode=buyer_seller_negotiation running=False pid=None
[simulation] launching worker module=simulation.step_worker session=save_slot_5783 payload=C:\Users\maxim\Research\simulation\.runtime\save_slots\save_slot_5783\step_payload.json
[simulation] worker launched module=simulation.step_worker session=save_slot_5783 pid=28320
[simulation] api_step launched worker session=save_slot_5783 pid=28320
[simulation] api_step requested session=save_slot_5784 mode=buyer_seller_negotiation running=False pid=None
[simulation] launching worker module=simulation.step_worker session=save_slot_5784 payload=C:\Users\maxim\Research\simulation\.runtime\save_slots\save_slot_5784\step_payload.json
[simulation] worker launched module=simulation.step_worker session=save_slot_5784 pid=20716
[simulation] api_step launched worker session=save_slot_5784 pid=20716
[simulation] api_step requested session=save_slot_5785 mode=buyer_seller_negotiation running=False pid=None
[simulation] launching worker module=simulation.step_worker session=save_slot_5785 payload=C:\Users\maxim\Research\simulation\.runtime\save_slots\save_slot_5785\step_payload.json
[simulation] worker launched module=simulation.step_worker session=save_slot_5785 pid=23520
[simulation] api_step launched worker session=save_slot_5785 pid=23520
[simulation] api_step requested session=save_slot_5786 mode=buyer_seller_negotiation running=False pid=None
[simulation] launching worker module=simulation.step_worker session=save_slot_5786 payload=C:\Users\maxim\Research\simulation\.runtime\save_slots\save_slot_5786\step_payload.json
[simulation] worker launched module=simulation.step_worker session=save_slot_5786 pid=20504
[simulation] api_step launched worker session=save_slot_5786 pid=20504
[simulation] api_step requested session=save_slot_5787 mode=buyer_seller_negotiation running=False pid=None
[simulation] launching worker module=simulation.step_worker session=save_slot_5787 payload=C:\Users\maxim\Research\simulation\.runtime\save_slots\save_slot_5787\step_payload.json
[simulation] worker launched module=simulation.step_worker session=save_slot_5787 pid=25372
[simulation] api_step launched worker session=save_slot_5787 pid=25372
[simulation] api_step requested session=save_slot_5788 mode=buyer_seller_negotiation running=False pid=None
[simulation] launching worker module=simulation.step_worker session=save_slot_5788 payload=C:\Users\maxim\Research\simulation\.runtime\save_slots\save_slot_5788\step_payload.json
[simulation] worker launched module=simulation.step_worker session=save_slot_5788 pid=35684
[simulation] api_step launched worker session=save_slot_5788 pid=35684
[simulation] api_step requested session=save_slot_5789 mode=buyer_seller_negotiation running=False pid=None
[simulation] launching worker module=simulation.step_worker session=save_slot_5789 payload=C:\Users\maxim\Research\simulation\.runtime\save_slots\save_slot_5789\step_payload.json
[simulation] worker launched module=simulation.step_worker session=save_slot_5789 pid=15640
[simulation] api_step launched worker session=save_slot_5789 pid=15640
[simulation] api_step requested session=save_slot_5790 mode=buyer_seller_negotiation running=False pid=None
[simulation] launching worker module=simulation.step_worker session=save_slot_5790 payload=C:\Users\maxim\Research\simulation\.runtime\save_slots\save_slot_5790\step_payload.json
[simulation] worker launched module=simulation.step_worker session=save_slot_5790 pid=15688
[simulation] api_step launched worker session=save_slot_5790 pid=15688
[simulation] api_step requested session=save_slot_5791 mode=buyer_seller_negotiation running=False pid=None
[simulation] launching worker module=simulation.step_worker session=save_slot_5791 payload=C:\Users\maxim\Research\simulation\.runtime\save_slots\save_slot_5791\step_payload.json
[simulation] worker launched module=simulation.step_worker session=save_slot_5791 pid=14448
[simulation] api_step launched worker session=save_slot_5791 pid=14448
[simulation] api_step requested session=save_slot_5792 mode=buyer_seller_negotiation running=False pid=None
[simulation] launching worker module=simulation.step_worker session=save_slot_5792 payload=C:\Users\maxim\Research\simulation\.runtime\save_slots\save_slot_5792\step_payload.json
[simulation] worker launched module=simulation.step_worker session=save_slot_5792 pid=26468
[simulation] api_step launched worker session=save_slot_5792 pid=26468
[simulation] api_step requested session=save_slot_5793 mode=buyer_seller_negotiation running=False pid=None
[simulation] launching worker module=simulation.step_worker session=save_slot_5793 payload=C:\Users\maxim\Research\simulation\.runtime\save_slots\save_slot_5793\step_payload.json
[simulation] worker launched module=simulation.step_worker session=save_slot_5793 pid=35760
[simulation] api_step launched worker session=save_slot_5793 pid=35760
[simulation] api_step requested session=save_slot_5794 mode=buyer_seller_negotiation running=False pid=None
[simulation] launching worker module=simulation.step_worker session=save_slot_5794 payload=C:\Users\maxim\Research\simulation\.runtime\save_slots\save_slot_5794\step_payload.json
[simulation] worker launched module=simulation.step_worker session=save_slot_5794 pid=3828
[simulation] api_step launched worker session=save_slot_5794 pid=3828
[simulation] api_step requested session=save_slot_5795 mode=buyer_seller_negotiation running=False pid=None
[simulation] launching worker module=simulation.step_worker session=save_slot_5795 payload=C:\Users\maxim\Research\simulation\.runtime\save_slots\save_slot_5795\step_payload.json
[simulation] worker launched module=simulation.step_worker session=save_slot_5795 pid=18380
[simulation] api_step launched worker session=save_slot_5795 pid=18380
[simulation] api_step requested session=save_slot_5796 mode=buyer_seller_negotiation running=False pid=None
[simulation] launching worker module=simulation.step_worker session=save_slot_5796 payload=C:\Users\maxim\Research\simulation\.runtime\save_slots\save_slot_5796\step_payload.json
[simulation] worker launched module=simulation.step_worker session=save_slot_5796 pid=29396
[simulation] api_step launched worker session=save_slot_5796 pid=29396
[simulation] api_step requested session=save_slot_5797 mode=buyer_seller_negotiation running=False pid=None
[simulation] launching worker module=simulation.step_worker session=save_slot_5797 payload=C:\Users\maxim\Research\simulation\.runtime\save_slots\save_slot_5797\step_payload.json
[simulation] worker launched module=simulation.step_worker session=save_slot_5797 pid=2544
[simulation] api_step launched worker session=save_slot_5797 pid=2544
[simulation] api_step requested session=save_slot_5798 mode=buyer_seller_negotiation running=False pid=None
[simulation] launching worker module=simulation.step_worker session=save_slot_5798 payload=C:\Users\maxim\Research\simulation\.runtime\save_slots\save_slot_5798\step_payload.json
[simulation] worker launched module=simulation.step_worker session=save_slot_5798 pid=29844
[simulation] api_step launched worker session=save_slot_5798 pid=29844
[simulation] api_step requested session=save_slot_5799 mode=buyer_seller_negotiation running=False pid=None
[simulation] launching worker module=simulation.step_worker session=save_slot_5799 payload=C:\Users\maxim\Research\simulation\.runtime\save_slots\save_slot_5799\step_payload.json
[simulation] worker launched module=simulation.step_worker session=save_slot_5799 pid=2920
[simulation] api_step launched worker session=save_slot_5799 pid=2920
[simulation] api_step requested session=save_slot_5800 mode=buyer_seller_negotiation running=False pid=None
[simulation] launching worker module=simulation.step_worker session=save_slot_5800 payload=C:\Users\maxim\Research\simulation\.runtime\save_slots\save_slot_5800\step_payload.json
[simulation] worker launched module=simulation.step_worker session=save_slot_5800 pid=31448
[simulation] api_step launched worker session=save_slot_5800 pid=31448
[simulation] api_step requested session=save_slot_5801 mode=buyer_seller_negotiation running=False pid=None
[simulation] launching worker module=simulation.step_worker session=save_slot_5801 payload=C:\Users\maxim\Research\simulation\.runtime\save_slots\save_slot_5801\step_payload.json
[simulation] worker launched module=simulation.step_worker session=save_slot_5801 pid=36776
[simulation] api_step launched worker session=save_slot_5801 pid=36776
[simulation] api_step requested session=save_slot_5802 mode=buyer_seller_negotiation running=False pid=None
[simulation] launching worker module=simulation.step_worker session=save_slot_5802 payload=C:\Users\maxim\Research\simulation\.runtime\save_slots\save_slot_5802\step_payload.json
[simulation] worker launched module=simulation.step_worker session=save_slot_5802 pid=34020
[simulation] api_step launched worker session=save_slot_5802 pid=34020
[simulation] api_step requested session=save_slot_5803 mode=buyer_seller_negotiation running=False pid=None
[simulation] launching worker module=simulation.step_worker session=save_slot_5803 payload=C:\Users\maxim\Research\simulation\.runtime\save_slots\save_slot_5803\step_payload.json
[simulation] worker launched module=simulation.step_worker session=save_slot_5803 pid=19844
[simulation] api_step launched worker session=save_slot_5803 pid=19844
[simulation] api_step requested session=save_slot_5804 mode=buyer_seller_negotiation running=False pid=None
[simulation] launching worker module=simulation.step_worker session=save_slot_5804 payload=C:\Users\maxim\Research\simulation\.runtime\save_slots\save_slot_5804\step_payload.json
[simulation] worker launched module=simulation.step_worker session=save_slot_5804 pid=5848
[simulation] api_step launched worker session=save_slot_5804 pid=5848
[simulation] api_step requested session=save_slot_5806 mode=buyer_seller_negotiation running=False pid=None
[simulation] launching worker module=simulation.step_worker session=save_slot_5806 payload=C:\Users\maxim\Research\simulation\.runtime\save_slots\save_slot_5806\step_payload.json
[simulation] worker launched module=simulation.step_worker session=save_slot_5806 pid=35232
[simulation] api_step launched worker session=save_slot_5806 pid=35232
[simulation] api_step requested session=save_slot_5805 mode=buyer_seller_negotiation running=False pid=None
[simulation] launching worker module=simulation.step_worker session=save_slot_5805 payload=C:\Users\maxim\Research\simulation\.runtime\save_slots\save_slot_5805\step_payload.json
[simulation] worker launched module=simulation.step_worker session=save_slot_5805 pid=22664
[simulation] api_step launched worker session=save_slot_5805 pid=22664
[simulation] api_step requested session=save_slot_5807 mode=buyer_seller_negotiation running=False pid=None
[simulation] launching worker module=simulation.step_worker session=save_slot_5807 payload=C:\Users\maxim\Research\simulation\.runtime\save_slots\save_slot_5807\step_payload.json
[simulation] worker launched module=simulation.step_worker session=save_slot_5807 pid=10348
[simulation] api_step launched worker session=save_slot_5807 pid=10348
[simulation] api_step requested session=save_slot_5808 mode=buyer_seller_negotiation running=False pid=None
[simulation] launching worker module=simulation.step_worker session=save_slot_5808 payload=C:\Users\maxim\Research\simulation\.runtime\save_slots\save_slot_5808\step_payload.json
[simulation] worker launched module=simulation.step_worker session=save_slot_5808 pid=20548
[simulation] api_step launched worker session=save_slot_5808 pid=20548
[simulation] api_step requested session=save_slot_5809 mode=buyer_seller_negotiation running=False pid=None
[simulation] launching worker module=simulation.step_worker session=save_slot_5809 payload=C:\Users\maxim\Research\simulation\.runtime\save_slots\save_slot_5809\step_payload.json
[simulation] worker launched module=simulation.step_worker session=save_slot_5809 pid=24716
[simulation] api_step launched worker session=save_slot_5809 pid=24716
[simulation] api_step requested session=save_slot_5810 mode=buyer_seller_negotiation running=False pid=None
[simulation] launching worker module=simulation.step_worker session=save_slot_5810 payload=C:\Users\maxim\Research\simulation\.runtime\save_slots\save_slot_5810\step_payload.json
[simulation] worker launched module=simulation.step_worker session=save_slot_5810 pid=25264
[simulation] api_step launched worker session=save_slot_5810 pid=25264
[simulation] api_step requested session=save_slot_5811 mode=buyer_seller_negotiation running=False pid=None
[simulation] launching worker module=simulation.step_worker session=save_slot_5811 payload=C:\Users\maxim\Research\simulation\.runtime\save_slots\save_slot_5811\step_payload.json
[simulation] worker launched module=simulation.step_worker session=save_slot_5811 pid=7772
[simulation] api_step launched worker session=save_slot_5811 pid=7772
[simulation] api_step requested session=save_slot_5812 mode=buyer_seller_negotiation running=False pid=None
[simulation] launching worker module=simulation.step_worker session=save_slot_5812 payload=C:\Users\maxim\Research\simulation\.runtime\save_slots\save_slot_5812\step_payload.json
[simulation] worker launched module=simulation.step_worker session=save_slot_5812 pid=16004
[simulation] api_step launched worker session=save_slot_5812 pid=16004
[simulation] api_step requested session=save_slot_5813 mode=buyer_seller_negotiation running=False pid=None
[simulation] launching worker module=simulation.step_worker session=save_slot_5813 payload=C:\Users\maxim\Research\simulation\.runtime\save_slots\save_slot_5813\step_payload.json
[simulation] worker launched module=simulation.step_worker session=save_slot_5813 pid=32780
[simulation] api_step launched worker session=save_slot_5813 pid=32780
[simulation] api_step requested session=save_slot_5814 mode=buyer_seller_negotiation running=False pid=None
[simulation] launching worker module=simulation.step_worker session=save_slot_5814 payload=C:\Users\maxim\Research\simulation\.runtime\save_slots\save_slot_5814\step_payload.json
[simulation] worker launched module=simulation.step_worker session=save_slot_5814 pid=3704
[simulation] api_step launched worker session=save_slot_5814 pid=3704
[simulation] api_step requested session=save_slot_5815 mode=buyer_seller_negotiation running=False pid=None
[simulation] launching worker module=simulation.step_worker session=save_slot_5815 payload=C:\Users\maxim\Research\simulation\.runtime\save_slots\save_slot_5815\step_payload.json
[simulation] worker launched module=simulation.step_worker session=save_slot_5815 pid=23008
[simulation] api_step launched worker session=save_slot_5815 pid=23008
[simulation] api_step requested session=save_slot_5816 mode=buyer_seller_negotiation running=False pid=None
[simulation] launching worker module=simulation.step_worker session=save_slot_5816 payload=C:\Users\maxim\Research\simulation\.runtime\save_slots\save_slot_5816\step_payload.json
[simulation] worker launched module=simulation.step_worker session=save_slot_5816 pid=16632
[simulation] api_step launched worker session=save_slot_5816 pid=16632
[simulation] api_step requested session=save_slot_5817 mode=buyer_seller_negotiation running=False pid=None
[simulation] launching worker module=simulation.step_worker session=save_slot_5817 payload=C:\Users\maxim\Research\simulation\.runtime\save_slots\save_slot_5817\step_payload.json
[simulation] worker launched module=simulation.step_worker session=save_slot_5817 pid=27532
[simulation] api_step launched worker session=save_slot_5817 pid=27532
[simulation] api_step requested session=save_slot_5818 mode=buyer_seller_negotiation running=False pid=None
[simulation] launching worker module=simulation.step_worker session=save_slot_5818 payload=C:\Users\maxim\Research\simulation\.runtime\save_slots\save_slot_5818\step_payload.json
[simulation] worker launched module=simulation.step_worker session=save_slot_5818 pid=6632
[simulation] api_step launched worker session=save_slot_5818 pid=6632
[simulation] api_step requested session=save_slot_5819 mode=buyer_seller_negotiation running=False pid=None
[simulation] launching worker module=simulation.step_worker session=save_slot_5819 payload=C:\Users\maxim\Research\simulation\.runtime\save_slots\save_slot_5819\step_payload.json
[simulation] worker launched module=simulation.step_worker session=save_slot_5819 pid=27112
[simulation] api_step launched worker session=save_slot_5819 pid=27112
[simulation] api_step requested session=save_slot_5820 mode=buyer_seller_negotiation running=False pid=None
[simulation] launching worker module=simulation.step_worker session=save_slot_5820 payload=C:\Users\maxim\Research\simulation\.runtime\save_slots\save_slot_5820\step_payload.json
[simulation] worker launched module=simulation.step_worker session=save_slot_5820 pid=1304
[simulation] api_step launched worker session=save_slot_5820 pid=1304
[simulation] api_step requested session=save_slot_5821 mode=buyer_seller_negotiation running=False pid=None
[simulation] launching worker module=simulation.step_worker session=save_slot_5821 payload=C:\Users\maxim\Research\simulation\.runtime\save_slots\save_slot_5821\step_payload.json
[simulation] worker launched module=simulation.step_worker session=save_slot_5821 pid=29068
[simulation] api_step launched worker session=save_slot_5821 pid=29068
[simulation] api_step requested session=save_slot_5822 mode=buyer_seller_negotiation running=False pid=None
[simulation] launching worker module=simulation.step_worker session=save_slot_5822 payload=C:\Users\maxim\Research\simulation\.runtime\save_slots\save_slot_5822\step_payload.json
[simulation] worker launched module=simulation.step_worker session=save_slot_5822 pid=24388
[simulation] api_step launched worker session=save_slot_5822 pid=24388
[simulation] api_step requested session=save_slot_5823 mode=buyer_seller_negotiation running=False pid=None
[simulation] launching worker module=simulation.step_worker session=save_slot_5823 payload=C:\Users\maxim\Research\simulation\.runtime\save_slots\save_slot_5823\step_payload.json
[simulation] worker launched module=simulation.step_worker session=save_slot_5823 pid=30656
[simulation] api_step launched worker session=save_slot_5823 pid=30656
[simulation] api_step requested session=save_slot_5824 mode=buyer_seller_negotiation running=False pid=None
[simulation] launching worker module=simulation.step_worker session=save_slot_5824 payload=C:\Users\maxim\Research\simulation\.runtime\save_slots\save_slot_5824\step_payload.json
[simulation] worker launched module=simulation.step_worker session=save_slot_5824 pid=36284
[simulation] api_step launched worker session=save_slot_5824 pid=36284
[simulation] api_step requested session=save_slot_5825 mode=buyer_seller_negotiation running=False pid=None
[simulation] launching worker module=simulation.step_worker session=save_slot_5825 payload=C:\Users\maxim\Research\simulation\.runtime\save_slots\save_slot_5825\step_payload.json
[simulation] worker launched module=simulation.step_worker session=save_slot_5825 pid=7060
[simulation] api_step launched worker session=save_slot_5825 pid=7060
[simulation] api_step requested session=save_slot_5826 mode=buyer_seller_negotiation running=False pid=None
[simulation] launching worker module=simulation.step_worker session=save_slot_5826 payload=C:\Users\maxim\Research\simulation\.runtime\save_slots\save_slot_5826\step_payload.json
[simulation] worker launched module=simulation.step_worker session=save_slot_5826 pid=14268
[simulation] api_step launched worker session=save_slot_5826 pid=14268
[simulation] api_step requested session=save_slot_5827 mode=buyer_seller_negotiation running=False pid=None
[simulation] launching worker module=simulation.step_worker session=save_slot_5827 payload=C:\Users\maxim\Research\simulation\.runtime\save_slots\save_slot_5827\step_payload.json
[simulation] worker launched module=simulation.step_worker session=save_slot_5827 pid=27260
[simulation] api_step launched worker session=save_slot_5827 pid=27260
[simulation] api_step requested session=save_slot_5828 mode=buyer_seller_negotiation running=False pid=None
[simulation] launching worker module=simulation.step_worker session=save_slot_5828 payload=C:\Users\maxim\Research\simulation\.runtime\save_slots\save_slot_5828\step_payload.json
[simulation] worker launched module=simulation.step_worker session=save_slot_5828 pid=13184
[simulation] api_step launched worker session=save_slot_5828 pid=13184
[simulation] api_step requested session=save_slot_5829 mode=buyer_seller_negotiation running=False pid=None
[simulation] launching worker module=simulation.step_worker session=save_slot_5829 payload=C:\Users\maxim\Research\simulation\.runtime\save_slots\save_slot_5829\step_payload.json
[simulation] worker launched module=simulation.step_worker session=save_slot_5829 pid=27908
[simulation] api_step launched worker session=save_slot_5829 pid=27908
[simulation] api_step requested session=save_slot_5830 mode=buyer_seller_negotiation running=False pid=None
[simulation] launching worker module=simulation.step_worker session=save_slot_5830 payload=C:\Users\maxim\Research\simulation\.runtime\save_slots\save_slot_5830\step_payload.json
[simulation] worker launched module=simulation.step_worker session=save_slot_5830 pid=31880
[simulation] api_step launched worker session=save_slot_5830 pid=31880
[simulation] api_step requested session=save_slot_5831 mode=buyer_seller_negotiation running=False pid=None
[simulation] launching worker module=simulation.step_worker session=save_slot_5831 payload=C:\Users\maxim\Research\simulation\.runtime\save_slots\save_slot_5831\step_payload.json
[simulation] worker launched module=simulation.step_worker session=save_slot_5831 pid=22212
[simulation] api_step launched worker session=save_slot_5831 pid=22212
[simulation] api_step requested session=save_slot_5832 mode=buyer_seller_negotiation running=False pid=None
[simulation] launching worker module=simulation.step_worker session=save_slot_5832 payload=C:\Users\maxim\Research\simulation\.runtime\save_slots\save_slot_5832\step_payload.json
[simulation] worker launched module=simulation.step_worker session=save_slot_5832 pid=24368
[simulation] api_step launched worker session=save_slot_5832 pid=24368
[simulation] api_step requested session=save_slot_5834 mode=buyer_seller_negotiation running=False pid=None
[simulation] launching worker module=simulation.step_worker session=save_slot_5834 payload=C:\Users\maxim\Research\simulation\.runtime\save_slots\save_slot_5834\step_payload.json
[simulation] worker launched module=simulation.step_worker session=save_slot_5834 pid=2712
[simulation] api_step launched worker session=save_slot_5834 pid=2712
[simulation] api_step requested session=save_slot_5833 mode=buyer_seller_negotiation running=False pid=None
[simulation] launching worker module=simulation.step_worker session=save_slot_5833 payload=C:\Users\maxim\Research\simulation\.runtime\save_slots\save_slot_5833\step_payload.json
[simulation] worker launched module=simulation.step_worker session=save_slot_5833 pid=8212
[simulation] api_step launched worker session=save_slot_5833 pid=8212
[simulation] api_step requested session=save_slot_5835 mode=buyer_seller_negotiation running=False pid=None
[simulation] launching worker module=simulation.step_worker session=save_slot_5835 payload=C:\Users\maxim\Research\simulation\.runtime\save_slots\save_slot_5835\step_payload.json
[simulation] worker launched module=simulation.step_worker session=save_slot_5835 pid=24408
[simulation] api_step launched worker session=save_slot_5835 pid=24408
[simulation] api_step requested session=save_slot_5836 mode=buyer_seller_negotiation running=False pid=None
[simulation] launching worker module=simulation.step_worker session=save_slot_5836 payload=C:\Users\maxim\Research\simulation\.runtime\save_slots\save_slot_5836\step_payload.json
[simulation] worker launched module=simulation.step_worker session=save_slot_5836 pid=16636
[simulation] api_step launched worker session=save_slot_5836 pid=16636
[simulation] api_step requested session=save_slot_5837 mode=buyer_seller_negotiation running=False pid=None
[simulation] launching worker module=simulation.step_worker session=save_slot_5837 payload=C:\Users\maxim\Research\simulation\.runtime\save_slots\save_slot_5837\step_payload.json
[simulation] worker launched module=simulation.step_worker session=save_slot_5837 pid=18920
[simulation] api_step launched worker session=save_slot_5837 pid=18920
[simulation] api_step requested session=save_slot_5838 mode=buyer_seller_negotiation running=False pid=None
[simulation] launching worker module=simulation.step_worker session=save_slot_5838 payload=C:\Users\maxim\Research\simulation\.runtime\save_slots\save_slot_5838\step_payload.json
[simulation] worker launched module=simulation.step_worker session=save_slot_5838 pid=25264
[simulation] api_step launched worker session=save_slot_5838 pid=25264
[simulation] api_step requested session=save_slot_5839 mode=buyer_seller_negotiation running=False pid=None
[simulation] launching worker module=simulation.step_worker session=save_slot_5839 payload=C:\Users\maxim\Research\simulation\.runtime\save_slots\save_slot_5839\step_payload.json
[simulation] worker launched module=simulation.step_worker session=save_slot_5839 pid=21188
[simulation] api_step launched worker session=save_slot_5839 pid=21188
[simulation] api_step requested session=save_slot_5840 mode=buyer_seller_negotiation running=False pid=None
[simulation] launching worker module=simulation.step_worker session=save_slot_5840 payload=C:\Users\maxim\Research\simulation\.runtime\save_slots\save_slot_5840\step_payload.json
[simulation] worker launched module=simulation.step_worker session=save_slot_5840 pid=32008
[simulation] api_step launched worker session=save_slot_5840 pid=32008
[simulation] api_step requested session=save_slot_5841 mode=buyer_seller_negotiation running=False pid=None
[simulation] launching worker module=simulation.step_worker session=save_slot_5841 payload=C:\Users\maxim\Research\simulation\.runtime\save_slots\save_slot_5841\step_payload.json
[simulation] worker launched module=simulation.step_worker session=save_slot_5841 pid=33304
[simulation] api_step launched worker session=save_slot_5841 pid=33304
[simulation] api_step requested session=save_slot_5842 mode=buyer_seller_negotiation running=False pid=None
[simulation] launching worker module=simulation.step_worker session=save_slot_5842 payload=C:\Users\maxim\Research\simulation\.runtime\save_slots\save_slot_5842\step_payload.json
[simulation] worker launched module=simulation.step_worker session=save_slot_5842 pid=23744
[simulation] api_step launched worker session=save_slot_5842 pid=23744
[simulation] api_step requested session=save_slot_5843 mode=buyer_seller_negotiation running=False pid=None
[simulation] launching worker module=simulation.step_worker session=save_slot_5843 payload=C:\Users\maxim\Research\simulation\.runtime\save_slots\save_slot_5843\step_payload.json
[simulation] worker launched module=simulation.step_worker session=save_slot_5843 pid=19732
[simulation] api_step launched worker session=save_slot_5843 pid=19732
[simulation] api_step requested session=save_slot_5844 mode=buyer_seller_negotiation running=False pid=None
[simulation] launching worker module=simulation.step_worker session=save_slot_5844 payload=C:\Users\maxim\Research\simulation\.runtime\save_slots\save_slot_5844\step_payload.json
[simulation] worker launched module=simulation.step_worker session=save_slot_5844 pid=22836
[simulation] api_step launched worker session=save_slot_5844 pid=22836
[simulation] api_step requested session=save_slot_5845 mode=buyer_seller_negotiation running=False pid=None
[simulation] launching worker module=simulation.step_worker session=save_slot_5845 payload=C:\Users\maxim\Research\simulation\.runtime\save_slots\save_slot_5845\step_payload.json
[simulation] worker launched module=simulation.step_worker session=save_slot_5845 pid=33560
[simulation] api_step launched worker session=save_slot_5845 pid=33560
[simulation] api_step requested session=save_slot_5846 mode=buyer_seller_negotiation running=False pid=None
[simulation] launching worker module=simulation.step_worker session=save_slot_5846 payload=C:\Users\maxim\Research\simulation\.runtime\save_slots\save_slot_5846\step_payload.json
[simulation] worker launched module=simulation.step_worker session=save_slot_5846 pid=33756
[simulation] api_step launched worker session=save_slot_5846 pid=33756
[simulation] api_step requested session=save_slot_5847 mode=buyer_seller_negotiation running=False pid=None
[simulation] launching worker module=simulation.step_worker session=save_slot_5847 payload=C:\Users\maxim\Research\simulation\.runtime\save_slots\save_slot_5847\step_payload.json
[simulation] worker launched module=simulation.step_worker session=save_slot_5847 pid=24380
[simulation] api_step launched worker session=save_slot_5847 pid=24380
[simulation] api_step requested session=save_slot_5848 mode=buyer_seller_negotiation running=False pid=None
[simulation] launching worker module=simulation.step_worker session=save_slot_5848 payload=C:\Users\maxim\Research\simulation\.runtime\save_slots\save_slot_5848\step_payload.json
[simulation] worker launched module=simulation.step_worker session=save_slot_5848 pid=9500
[simulation] api_step launched worker session=save_slot_5848 pid=9500
[simulation] api_step requested session=save_slot_5849 mode=buyer_seller_negotiation running=False pid=None
[simulation] launching worker module=simulation.step_worker session=save_slot_5849 payload=C:\Users\maxim\Research\simulation\.runtime\save_slots\save_slot_5849\step_payload.json
[simulation] worker launched module=simulation.step_worker session=save_slot_5849 pid=11196
[simulation] api_step launched worker session=save_slot_5849 pid=11196
[simulation] api_step requested session=save_slot_5850 mode=buyer_seller_negotiation running=False pid=None
[simulation] launching worker module=simulation.step_worker session=save_slot_5850 payload=C:\Users\maxim\Research\simulation\.runtime\save_slots\save_slot_5850\step_payload.json
[simulation] worker launched module=simulation.step_worker session=save_slot_5850 pid=16468
[simulation] api_step launched worker session=save_slot_5850 pid=16468
[simulation] api_step requested session=save_slot_5851 mode=buyer_seller_negotiation running=False pid=None
[simulation] launching worker module=simulation.step_worker session=save_slot_5851 payload=C:\Users\maxim\Research\simulation\.runtime\save_slots\save_slot_5851\step_payload.json
[simulation] worker launched module=simulation.step_worker session=save_slot_5851 pid=25636
[simulation] api_step launched worker session=save_slot_5851 pid=25636
[simulation] api_step requested session=save_slot_5852 mode=buyer_seller_negotiation running=False pid=None
[simulation] launching worker module=simulation.step_worker session=save_slot_5852 payload=C:\Users\maxim\Research\simulation\.runtime\save_slots\save_slot_5852\step_payload.json
[simulation] worker launched module=simulation.step_worker session=save_slot_5852 pid=10720
[simulation] api_step launched worker session=save_slot_5852 pid=10720
[simulation] api_step requested session=save_slot_5853 mode=buyer_seller_negotiation running=False pid=None
[simulation] launching worker module=simulation.step_worker session=save_slot_5853 payload=C:\Users\maxim\Research\simulation\.runtime\save_slots\save_slot_5853\step_payload.json
[simulation] worker launched module=simulation.step_worker session=save_slot_5853 pid=21124
[simulation] api_step launched worker session=save_slot_5853 pid=21124
[simulation] api_step requested session=save_slot_5854 mode=buyer_seller_negotiation running=False pid=None
[simulation] launching worker module=simulation.step_worker session=save_slot_5854 payload=C:\Users\maxim\Research\simulation\.runtime\save_slots\save_slot_5854\step_payload.json
[simulation] worker launched module=simulation.step_worker session=save_slot_5854 pid=7868
[simulation] api_step launched worker session=save_slot_5854 pid=7868
[simulation] api_step requested session=save_slot_5855 mode=buyer_seller_negotiation running=False pid=None
[simulation] launching worker module=simulation.step_worker session=save_slot_5855 payload=C:\Users\maxim\Research\simulation\.runtime\save_slots\save_slot_5855\step_payload.json
[simulation] worker launched module=simulation.step_worker session=save_slot_5855 pid=2716
[simulation] api_step launched worker session=save_slot_5855 pid=2716
[simulation] api_step requested session=save_slot_5856 mode=buyer_seller_negotiation running=False pid=None
[simulation] launching worker module=simulation.step_worker session=save_slot_5856 payload=C:\Users\maxim\Research\simulation\.runtime\save_slots\save_slot_5856\step_payload.json
[simulation] worker launched module=simulation.step_worker session=save_slot_5856 pid=18304
[simulation] api_step launched worker session=save_slot_5856 pid=18304
[simulation] api_step requested session=save_slot_5857 mode=buyer_seller_negotiation running=False pid=None
[simulation] launching worker module=simulation.step_worker session=save_slot_5857 payload=C:\Users\maxim\Research\simulation\.runtime\save_slots\save_slot_5857\step_payload.json
[simulation] worker launched module=simulation.step_worker session=save_slot_5857 pid=35368
[simulation] api_step launched worker session=save_slot_5857 pid=35368
[simulation] api_step requested session=save_slot_5858 mode=buyer_seller_negotiation running=False pid=None
[simulation] launching worker module=simulation.step_worker session=save_slot_5858 payload=C:\Users\maxim\Research\simulation\.runtime\save_slots\save_slot_5858\step_payload.json
[simulation] worker launched module=simulation.step_worker session=save_slot_5858 pid=12256
[simulation] api_step launched worker session=save_slot_5858 pid=12256
[simulation] api_step requested session=save_slot_5859 mode=buyer_seller_negotiation running=False pid=None
[simulation] launching worker module=simulation.step_worker session=save_slot_5859 payload=C:\Users\maxim\Research\simulation\.runtime\save_slots\save_slot_5859\step_payload.json
[simulation] worker launched module=simulation.step_worker session=save_slot_5859 pid=34032
[simulation] api_step launched worker session=save_slot_5859 pid=34032
[simulation] api_step requested session=save_slot_5860 mode=buyer_seller_negotiation running=False pid=None
[simulation] launching worker module=simulation.step_worker session=save_slot_5860 payload=C:\Users\maxim\Research\simulation\.runtime\save_slots\save_slot_5860\step_payload.json
[simulation] worker launched module=simulation.step_worker session=save_slot_5860 pid=6776
[simulation] api_step launched worker session=save_slot_5860 pid=6776
[simulation] api_step requested session=save_slot_5861 mode=buyer_seller_negotiation running=False pid=None
[simulation] launching worker module=simulation.step_worker session=save_slot_5861 payload=C:\Users\maxim\Research\simulation\.runtime\save_slots\save_slot_5861\step_payload.json
[simulation] worker launched module=simulation.step_worker session=save_slot_5861 pid=22244
[simulation] api_step launched worker session=save_slot_5861 pid=22244
[simulation] api_step requested session=save_slot_5862 mode=buyer_seller_negotiation running=False pid=None
[simulation] launching worker module=simulation.step_worker session=save_slot_5862 payload=C:\Users\maxim\Research\simulation\.runtime\save_slots\save_slot_5862\step_payload.json
[simulation] worker launched module=simulation.step_worker session=save_slot_5862 pid=19716
[simulation] api_step launched worker session=save_slot_5862 pid=19716
[simulation] api_step requested session=save_slot_5863 mode=buyer_seller_negotiation running=False pid=None
[simulation] launching worker module=simulation.step_worker session=save_slot_5863 payload=C:\Users\maxim\Research\simulation\.runtime\save_slots\save_slot_5863\step_payload.json
[simulation] worker launched module=simulation.step_worker session=save_slot_5863 pid=3432
[simulation] api_step launched worker session=save_slot_5863 pid=3432
[simulation] api_step requested session=save_slot_5864 mode=buyer_seller_negotiation running=False pid=None
[simulation] launching worker module=simulation.step_worker session=save_slot_5864 payload=C:\Users\maxim\Research\simulation\.runtime\save_slots\save_slot_5864\step_payload.json
[simulation] worker launched module=simulation.step_worker session=save_slot_5864 pid=18252
[simulation] api_step launched worker session=save_slot_5864 pid=18252
[simulation] api_step requested session=save_slot_5865 mode=buyer_seller_negotiation running=False pid=None
[simulation] launching worker module=simulation.step_worker session=save_slot_5865 payload=C:\Users\maxim\Research\simulation\.runtime\save_slots\save_slot_5865\step_payload.json
[simulation] worker launched module=simulation.step_worker session=save_slot_5865 pid=17132
[simulation] api_step launched worker session=save_slot_5865 pid=17132
[simulation] api_step requested session=save_slot_5866 mode=buyer_seller_negotiation running=False pid=None
[simulation] launching worker module=simulation.step_worker session=save_slot_5866 payload=C:\Users\maxim\Research\simulation\.runtime\save_slots\save_slot_5866\step_payload.json
[simulation] worker launched module=simulation.step_worker session=save_slot_5866 pid=33572
[simulation] api_step launched worker session=save_slot_5866 pid=33572
[simulation] api_step requested session=save_slot_5867 mode=buyer_seller_negotiation running=False pid=None
[simulation] launching worker module=simulation.step_worker session=save_slot_5867 payload=C:\Users\maxim\Research\simulation\.runtime\save_slots\save_slot_5867\step_payload.json
[simulation] worker launched module=simulation.step_worker session=save_slot_5867 pid=15600
[simulation] api_step launched worker session=save_slot_5867 pid=15600
[simulation] api_step requested session=save_slot_5868 mode=buyer_seller_negotiation running=False pid=None
[simulation] launching worker module=simulation.step_worker session=save_slot_5868 payload=C:\Users\maxim\Research\simulation\.runtime\save_slots\save_slot_5868\step_payload.json
[simulation] worker launched module=simulation.step_worker session=save_slot_5868 pid=33292
[simulation] api_step launched worker session=save_slot_5868 pid=33292
[simulation] api_step requested session=save_slot_5869 mode=buyer_seller_negotiation running=False pid=None
[simulation] launching worker module=simulation.step_worker session=save_slot_5869 payload=C:\Users\maxim\Research\simulation\.runtime\save_slots\save_slot_5869\step_payload.json
[simulation] worker launched module=simulation.step_worker session=save_slot_5869 pid=34008
[simulation] api_step launched worker session=save_slot_5869 pid=34008
[simulation] api_step requested session=save_slot_5870 mode=buyer_seller_negotiation running=False pid=None
[simulation] launching worker module=simulation.step_worker session=save_slot_5870 payload=C:\Users\maxim\Research\simulation\.runtime\save_slots\save_slot_5870\step_payload.json
[simulation] worker launched module=simulation.step_worker session=save_slot_5870 pid=15976
[simulation] api_step launched worker session=save_slot_5870 pid=15976
[simulation] api_step requested session=save_slot_5871 mode=buyer_seller_negotiation running=False pid=None
[simulation] launching worker module=simulation.step_worker session=save_slot_5871 payload=C:\Users\maxim\Research\simulation\.runtime\save_slots\save_slot_5871\step_payload.json
[simulation] worker launched module=simulation.step_worker session=save_slot_5871 pid=27708
[simulation] api_step launched worker session=save_slot_5871 pid=27708
[simulation] api_step requested session=save_slot_5872 mode=buyer_seller_negotiation running=False pid=None
[simulation] launching worker module=simulation.step_worker session=save_slot_5872 payload=C:\Users\maxim\Research\simulation\.runtime\save_slots\save_slot_5872\step_payload.json
[simulation] worker launched module=simulation.step_worker session=save_slot_5872 pid=7748
[simulation] api_step launched worker session=save_slot_5872 pid=7748
[simulation] api_step requested session=save_slot_5873 mode=buyer_seller_negotiation running=False pid=None
[simulation] launching worker module=simulation.step_worker session=save_slot_5873 payload=C:\Users\maxim\Research\simulation\.runtime\save_slots\save_slot_5873\step_payload.json
[simulation] worker launched module=simulation.step_worker session=save_slot_5873 pid=17528
[simulation] api_step launched worker session=save_slot_5873 pid=17528
[simulation] api_step requested session=save_slot_5874 mode=buyer_seller_negotiation running=False pid=None
[simulation] launching worker module=simulation.step_worker session=save_slot_5874 payload=C:\Users\maxim\Research\simulation\.runtime\save_slots\save_slot_5874\step_payload.json
[simulation] worker launched module=simulation.step_worker session=save_slot_5874 pid=32524
[simulation] api_step launched worker session=save_slot_5874 pid=32524
[simulation] api_step requested session=save_slot_5875 mode=buyer_seller_negotiation running=False pid=None
[simulation] launching worker module=simulation.step_worker session=save_slot_5875 payload=C:\Users\maxim\Research\simulation\.runtime\save_slots\save_slot_5875\step_payload.json
[simulation] worker launched module=simulation.step_worker session=save_slot_5875 pid=17612
[simulation] api_step launched worker session=save_slot_5875 pid=17612
[simulation] api_step requested session=save_slot_5876 mode=buyer_seller_negotiation running=False pid=None
[simulation] launching worker module=simulation.step_worker session=save_slot_5876 payload=C:\Users\maxim\Research\simulation\.runtime\save_slots\save_slot_5876\step_payload.json
[simulation] worker launched module=simulation.step_worker session=save_slot_5876 pid=11176
[simulation] api_step launched worker session=save_slot_5876 pid=11176
[simulation] api_step requested session=save_slot_5877 mode=buyer_seller_negotiation running=False pid=None
[simulation] launching worker module=simulation.step_worker session=save_slot_5877 payload=C:\Users\maxim\Research\simulation\.runtime\save_slots\save_slot_5877\step_payload.json
[simulation] worker launched module=simulation.step_worker session=save_slot_5877 pid=3416
[simulation] api_step launched worker session=save_slot_5877 pid=3416
[simulation] api_step requested session=save_slot_5878 mode=buyer_seller_negotiation running=False pid=None
[simulation] launching worker module=simulation.step_worker session=save_slot_5878 payload=C:\Users\maxim\Research\simulation\.runtime\save_slots\save_slot_5878\step_payload.json
[simulation] worker launched module=simulation.step_worker session=save_slot_5878 pid=28536
[simulation] api_step launched worker session=save_slot_5878 pid=28536
[simulation] api_step requested session=save_slot_5879 mode=buyer_seller_negotiation running=False pid=None
[simulation] launching worker module=simulation.step_worker session=save_slot_5879 payload=C:\Users\maxim\Research\simulation\.runtime\save_slots\save_slot_5879\step_payload.json
[simulation] worker launched module=simulation.step_worker session=save_slot_5879 pid=9004
[simulation] api_step launched worker session=save_slot_5879 pid=9004
[simulation] api_step requested session=save_slot_5880 mode=buyer_seller_negotiation running=False pid=None
[simulation] launching worker module=simulation.step_worker session=save_slot_5880 payload=C:\Users\maxim\Research\simulation\.runtime\save_slots\save_slot_5880\step_payload.json
[simulation] worker launched module=simulation.step_worker session=save_slot_5880 pid=30124
[simulation] api_step launched worker session=save_slot_5880 pid=30124
[simulation] api_step requested session=save_slot_5881 mode=buyer_seller_negotiation running=False pid=None
[simulation] launching worker module=simulation.step_worker session=save_slot_5881 payload=C:\Users\maxim\Research\simulation\.runtime\save_slots\save_slot_5881\step_payload.json
[simulation] worker launched module=simulation.step_worker session=save_slot_5881 pid=24912
[simulation] api_step launched worker session=save_slot_5881 pid=24912
[simulation] api_step requested session=save_slot_5882 mode=buyer_seller_negotiation running=False pid=None
[simulation] launching worker module=simulation.step_worker session=save_slot_5882 payload=C:\Users\maxim\Research\simulation\.runtime\save_slots\save_slot_5882\step_payload.json
[simulation] worker launched module=simulation.step_worker session=save_slot_5882 pid=26568
[simulation] api_step launched worker session=save_slot_5882 pid=26568
[simulation] api_step requested session=save_slot_5883 mode=buyer_seller_negotiation running=False pid=None
[simulation] launching worker module=simulation.step_worker session=save_slot_5883 payload=C:\Users\maxim\Research\simulation\.runtime\save_slots\save_slot_5883\step_payload.json
[simulation] worker launched module=simulation.step_worker session=save_slot_5883 pid=4196
[simulation] api_step launched worker session=save_slot_5883 pid=4196
[simulation] api_step requested session=save_slot_5884 mode=buyer_seller_negotiation running=False pid=None
[simulation] launching worker module=simulation.step_worker session=save_slot_5884 payload=C:\Users\maxim\Research\simulation\.runtime\save_slots\save_slot_5884\step_payload.json
[simulation] worker launched module=simulation.step_worker session=save_slot_5884 pid=25484
[simulation] api_step launched worker session=save_slot_5884 pid=25484
[simulation] api_step requested session=save_slot_5885 mode=buyer_seller_negotiation running=False pid=None
[simulation] launching worker module=simulation.step_worker session=save_slot_5885 payload=C:\Users\maxim\Research\simulation\.runtime\save_slots\save_slot_5885\step_payload.json
[simulation] worker launched module=simulation.step_worker session=save_slot_5885 pid=30540
[simulation] api_step launched worker session=save_slot_5885 pid=30540
[simulation] api_step requested session=save_slot_5886 mode=buyer_seller_negotiation running=False pid=None
[simulation] launching worker module=simulation.step_worker session=save_slot_5886 payload=C:\Users\maxim\Research\simulation\.runtime\save_slots\save_slot_5886\step_payload.json
[simulation] worker launched module=simulation.step_worker session=save_slot_5886 pid=23644
[simulation] api_step launched worker session=save_slot_5886 pid=23644
[simulation] api_step requested session=save_slot_5887 mode=buyer_seller_negotiation running=False pid=None
[simulation] launching worker module=simulation.step_worker session=save_slot_5887 payload=C:\Users\maxim\Research\simulation\.runtime\save_slots\save_slot_5887\step_payload.json
[simulation] worker launched module=simulation.step_worker session=save_slot_5887 pid=15732
[simulation] api_step launched worker session=save_slot_5887 pid=15732
[simulation] api_step requested session=save_slot_5888 mode=buyer_seller_negotiation running=False pid=None
[simulation] launching worker module=simulation.step_worker session=save_slot_5888 payload=C:\Users\maxim\Research\simulation\.runtime\save_slots\save_slot_5888\step_payload.json
[simulation] worker launched module=simulation.step_worker session=save_slot_5888 pid=33652
[simulation] api_step launched worker session=save_slot_5888 pid=33652
[simulation] api_step requested session=save_slot_5889 mode=buyer_seller_negotiation running=False pid=None
[simulation] launching worker module=simulation.step_worker session=save_slot_5889 payload=C:\Users\maxim\Research\simulation\.runtime\save_slots\save_slot_5889\step_payload.json
[simulation] worker launched module=simulation.step_worker session=save_slot_5889 pid=10900
[simulation] api_step launched worker session=save_slot_5889 pid=10900
[simulation] api_step requested session=save_slot_5890 mode=buyer_seller_negotiation running=False pid=None
[simulation] launching worker module=simulation.step_worker session=save_slot_5890 payload=C:\Users\maxim\Research\simulation\.runtime\save_slots\save_slot_5890\step_payload.json
[simulation] worker launched module=simulation.step_worker session=save_slot_5890 pid=6544
[simulation] api_step launched worker session=save_slot_5890 pid=6544
[simulation] api_step requested session=save_slot_5891 mode=buyer_seller_negotiation running=False pid=None
[simulation] launching worker module=simulation.step_worker session=save_slot_5891 payload=C:\Users\maxim\Research\simulation\.runtime\save_slots\save_slot_5891\step_payload.json
[simulation] worker launched module=simulation.step_worker session=save_slot_5891 pid=6328
[simulation] api_step launched worker session=save_slot_5891 pid=6328
[simulation] api_step requested session=save_slot_5892 mode=buyer_seller_negotiation running=False pid=None
[simulation] launching worker module=simulation.step_worker session=save_slot_5892 payload=C:\Users\maxim\Research\simulation\.runtime\save_slots\save_slot_5892\step_payload.json
[simulation] worker launched module=simulation.step_worker session=save_slot_5892 pid=27236
[simulation] api_step launched worker session=save_slot_5892 pid=27236
[simulation] api_step requested session=save_slot_5893 mode=buyer_seller_negotiation running=False pid=None
[simulation] launching worker module=simulation.step_worker session=save_slot_5893 payload=C:\Users\maxim\Research\simulation\.runtime\save_slots\save_slot_5893\step_payload.json
[simulation] worker launched module=simulation.step_worker session=save_slot_5893 pid=1840
[simulation] api_step launched worker session=save_slot_5893 pid=1840
[simulation] api_step requested session=save_slot_5894 mode=buyer_seller_negotiation running=False pid=None
[simulation] launching worker module=simulation.step_worker session=save_slot_5894 payload=C:\Users\maxim\Research\simulation\.runtime\save_slots\save_slot_5894\step_payload.json
[simulation] worker launched module=simulation.step_worker session=save_slot_5894 pid=2184
[simulation] api_step launched worker session=save_slot_5894 pid=2184
[simulation] api_step requested session=save_slot_5895 mode=buyer_seller_negotiation running=False pid=None
[simulation] launching worker module=simulation.step_worker session=save_slot_5895 payload=C:\Users\maxim\Research\simulation\.runtime\save_slots\save_slot_5895\step_payload.json
[simulation] worker launched module=simulation.step_worker session=save_slot_5895 pid=25020
[simulation] api_step launched worker session=save_slot_5895 pid=25020
[simulation] api_step requested session=save_slot_5896 mode=buyer_seller_negotiation running=False pid=None
[simulation] launching worker module=simulation.step_worker session=save_slot_5896 payload=C:\Users\maxim\Research\simulation\.runtime\save_slots\save_slot_5896\step_payload.json
[simulation] worker launched module=simulation.step_worker session=save_slot_5896 pid=31400
[simulation] api_step launched worker session=save_slot_5896 pid=31400
[simulation] api_step requested session=save_slot_5897 mode=buyer_seller_negotiation running=False pid=None
[simulation] launching worker module=simulation.step_worker session=save_slot_5897 payload=C:\Users\maxim\Research\simulation\.runtime\save_slots\save_slot_5897\step_payload.json
[simulation] worker launched module=simulation.step_worker session=save_slot_5897 pid=2148
[simulation] api_step launched worker session=save_slot_5897 pid=2148
[simulation] api_step requested session=save_slot_5898 mode=buyer_seller_negotiation running=False pid=None
[simulation] launching worker module=simulation.step_worker session=save_slot_5898 payload=C:\Users\maxim\Research\simulation\.runtime\save_slots\save_slot_5898\step_payload.json
[simulation] worker launched module=simulation.step_worker session=save_slot_5898 pid=35704
[simulation] api_step launched worker session=save_slot_5898 pid=35704
[simulation] api_step requested session=save_slot_5899 mode=buyer_seller_negotiation running=False pid=None
[simulation] launching worker module=simulation.step_worker session=save_slot_5899 payload=C:\Users\maxim\Research\simulation\.runtime\save_slots\save_slot_5899\step_payload.json
[simulation] worker launched module=simulation.step_worker session=save_slot_5899 pid=28248
[simulation] api_step launched worker session=save_slot_5899 pid=28248
[simulation] api_step requested session=save_slot_5900 mode=buyer_seller_negotiation running=False pid=None
[simulation] launching worker module=simulation.step_worker session=save_slot_5900 payload=C:\Users\maxim\Research\simulation\.runtime\save_slots\save_slot_5900\step_payload.json
[simulation] worker launched module=simulation.step_worker session=save_slot_5900 pid=28804
[simulation] api_step launched worker session=save_slot_5900 pid=28804
[simulation] api_step requested session=save_slot_5901 mode=buyer_seller_negotiation running=False pid=None
[simulation] launching worker module=simulation.step_worker session=save_slot_5901 payload=C:\Users\maxim\Research\simulation\.runtime\save_slots\save_slot_5901\step_payload.json
[simulation] worker launched module=simulation.step_worker session=save_slot_5901 pid=2936
[simulation] api_step launched worker session=save_slot_5901 pid=2936
[simulation] api_step requested session=save_slot_5902 mode=buyer_seller_negotiation running=False pid=None
[simulation] launching worker module=simulation.step_worker session=save_slot_5902 payload=C:\Users\maxim\Research\simulation\.runtime\save_slots\save_slot_5902\step_payload.json
[simulation] worker launched module=simulation.step_worker session=save_slot_5902 pid=14632
[simulation] api_step launched worker session=save_slot_5902 pid=14632
[simulation] api_step requested session=save_slot_5903 mode=buyer_seller_negotiation running=False pid=None
[simulation] launching worker module=simulation.step_worker session=save_slot_5903 payload=C:\Users\maxim\Research\simulation\.runtime\save_slots\save_slot_5903\step_payload.json
[simulation] worker launched module=simulation.step_worker session=save_slot_5903 pid=17376
[simulation] api_step launched worker session=save_slot_5903 pid=17376
[simulation] api_step requested session=save_slot_5904 mode=buyer_seller_negotiation running=False pid=None
[simulation] launching worker module=simulation.step_worker session=save_slot_5904 payload=C:\Users\maxim\Research\simulation\.runtime\save_slots\save_slot_5904\step_payload.json
[simulation] worker launched module=simulation.step_worker session=save_slot_5904 pid=14624
[simulation] api_step launched worker session=save_slot_5904 pid=14624
[simulation] api_step requested session=save_slot_5905 mode=buyer_seller_negotiation running=False pid=None
[simulation] launching worker module=simulation.step_worker session=save_slot_5905 payload=C:\Users\maxim\Research\simulation\.runtime\save_slots\save_slot_5905\step_payload.json
[simulation] worker launched module=simulation.step_worker session=save_slot_5905 pid=24736
[simulation] api_step launched worker session=save_slot_5905 pid=24736
[simulation] api_step requested session=save_slot_5906 mode=buyer_seller_negotiation running=False pid=None
[simulation] launching worker module=simulation.step_worker session=save_slot_5906 payload=C:\Users\maxim\Research\simulation\.runtime\save_slots\save_slot_5906\step_payload.json
[simulation] worker launched module=simulation.step_worker session=save_slot_5906 pid=6060
[simulation] api_step launched worker session=save_slot_5906 pid=6060
[simulation] api_step requested session=save_slot_5907 mode=buyer_seller_negotiation running=False pid=None
[simulation] launching worker module=simulation.step_worker session=save_slot_5907 payload=C:\Users\maxim\Research\simulation\.runtime\save_slots\save_slot_5907\step_payload.json
[simulation] worker launched module=simulation.step_worker session=save_slot_5907 pid=16308
[simulation] api_step launched worker session=save_slot_5907 pid=16308
[simulation] api_step requested session=save_slot_5908 mode=buyer_seller_negotiation running=False pid=None
[simulation] launching worker module=simulation.step_worker session=save_slot_5908 payload=C:\Users\maxim\Research\simulation\.runtime\save_slots\save_slot_5908\step_payload.json
[simulation] worker launched module=simulation.step_worker session=save_slot_5908 pid=18652
[simulation] api_step launched worker session=save_slot_5908 pid=18652
[simulation] api_step requested session=save_slot_5909 mode=buyer_seller_negotiation running=False pid=None
[simulation] launching worker module=simulation.step_worker session=save_slot_5909 payload=C:\Users\maxim\Research\simulation\.runtime\save_slots\save_slot_5909\step_payload.json
[simulation] worker launched module=simulation.step_worker session=save_slot_5909 pid=25756
[simulation] api_step launched worker session=save_slot_5909 pid=25756
[simulation] api_step requested session=save_slot_5910 mode=buyer_seller_negotiation running=False pid=None
[simulation] launching worker module=simulation.step_worker session=save_slot_5910 payload=C:\Users\maxim\Research\simulation\.runtime\save_slots\save_slot_5910\step_payload.json
[simulation] worker launched module=simulation.step_worker session=save_slot_5910 pid=18428
[simulation] api_step launched worker session=save_slot_5910 pid=18428
