[simulation] api_step requested session=save_slot_5979 mode=buyer_seller_negotiation running=False pid=None
[simulation] launching worker module=simulation.step_worker session=save_slot_5979 payload=C:\Users\maxim\Research\simulation\.runtime\save_slots\save_slot_5979\step_payload.json
[simulation] worker launched module=simulation.step_worker session=save_slot_5979 pid=22916
[simulation] api_step launched worker session=save_slot_5979 pid=22916
[simulation] api_step requested session=save_slot_5980 mode=buyer_seller_negotiation running=False pid=None
[simulation] launching worker module=simulation.step_worker session=save_slot_5980 payload=C:\Users\maxim\Research\simulation\.runtime\save_slots\save_slot_5980\step_payload.json
[simulation] worker launched module=simulation.step_worker session=save_slot_5980 pid=24600
[simulation] api_step launched worker session=save_slot_5980 pid=24600
[simulation] api_step requested session=save_slot_5981 mode=buyer_seller_negotiation running=False pid=None
[simulation] launching worker module=simulation.step_worker session=save_slot_5981 payload=C:\Users\maxim\Research\simulation\.runtime\save_slots\save_slot_5981\step_payload.json
[simulation] worker launched module=simulation.step_worker session=save_slot_5981 pid=26608
[simulation] api_step launched worker session=save_slot_5981 pid=26608
[simulation] api_step requested session=save_slot_5982 mode=buyer_seller_negotiation running=False pid=None
[simulation] launching worker module=simulation.step_worker session=save_slot_5982 payload=C:\Users\maxim\Research\simulation\.runtime\save_slots\save_slot_5982\step_payload.json
[simulation] worker launched module=simulation.step_worker session=save_slot_5982 pid=10860
[simulation] api_step launched worker session=save_slot_5982 pid=10860
[simulation] api_step requested session=save_slot_5983 mode=buyer_seller_negotiation running=False pid=None
[simulation] launching worker module=simulation.step_worker session=save_slot_5983 payload=C:\Users\maxim\Research\simulation\.runtime\save_slots\save_slot_5983\step_payload.json
[simulation] worker launched module=simulation.step_worker session=save_slot_5983 pid=19132
[simulation] api_step launched worker session=save_slot_5983 pid=19132
[simulation] api_step requested session=save_slot_5984 mode=buyer_seller_negotiation running=False pid=None
[simulation] launching worker module=simulation.step_worker session=save_slot_5984 payload=C:\Users\maxim\Research\simulation\.runtime\save_slots\save_slot_5984\step_payload.json
[simulation] worker launched module=simulation.step_worker session=save_slot_5984 pid=24592
[simulation] api_step launched worker session=save_slot_5984 pid=24592
[simulation] api_step requested session=save_slot_5985 mode=buyer_seller_negotiation running=False pid=None
[simulation] launching worker module=simulation.step_worker session=save_slot_5985 payload=C:\Users\maxim\Research\simulation\.runtime\save_slots\save_slot_5985\step_payload.json
[simulation] worker launched module=simulation.step_worker session=save_slot_5985 pid=15200
[simulation] api_step launched worker session=save_slot_5985 pid=15200
[simulation] api_step requested session=save_slot_5986 mode=buyer_seller_negotiation running=False pid=None
[simulation] launching worker module=simulation.step_worker session=save_slot_5986 payload=C:\Users\maxim\Research\simulation\.runtime\save_slots\save_slot_5986\step_payload.json
[simulation] worker launched module=simulation.step_worker session=save_slot_5986 pid=26788
[simulation] api_step launched worker session=save_slot_5986 pid=26788
[simulation] api_step requested session=save_slot_5987 mode=buyer_seller_negotiation running=False pid=None
[simulation] launching worker module=simulation.step_worker session=save_slot_5987 payload=C:\Users\maxim\Research\simulation\.runtime\save_slots\save_slot_5987\step_payload.json
[simulation] worker launched module=simulation.step_worker session=save_slot_5987 pid=4636
[simulation] api_step launched worker session=save_slot_5987 pid=4636
[simulation] api_step requested session=save_slot_5988 mode=buyer_seller_negotiation running=False pid=None
[simulation] launching worker module=simulation.step_worker session=save_slot_5988 payload=C:\Users\maxim\Research\simulation\.runtime\save_slots\save_slot_5988\step_payload.json
[simulation] worker launched module=simulation.step_worker session=save_slot_5988 pid=17696
[simulation] api_step launched worker session=save_slot_5988 pid=17696
[simulation] api_step requested session=save_slot_5989 mode=buyer_seller_negotiation running=False pid=None
[simulation] launching worker module=simulation.step_worker session=save_slot_5989 payload=C:\Users\maxim\Research\simulation\.runtime\save_slots\save_slot_5989\step_payload.json
[simulation] worker launched module=simulation.step_worker session=save_slot_5989 pid=11312
[simulation] api_step launched worker session=save_slot_5989 pid=11312
[simulation] api_step requested session=save_slot_5990 mode=buyer_seller_negotiation running=False pid=None
[simulation] launching worker module=simulation.step_worker session=save_slot_5990 payload=C:\Users\maxim\Research\simulation\.runtime\save_slots\save_slot_5990\step_payload.json
[simulation] worker launched module=simulation.step_worker session=save_slot_5990 pid=11244
[simulation] api_step launched worker session=save_slot_5990 pid=11244
[simulation] api_step requested session=save_slot_5991 mode=buyer_seller_negotiation running=False pid=None
[simulation] launching worker module=simulation.step_worker session=save_slot_5991 payload=C:\Users\maxim\Research\simulation\.runtime\save_slots\save_slot_5991\step_payload.json
[simulation] worker launched module=simulation.step_worker session=save_slot_5991 pid=17820
[simulation] api_step launched worker session=save_slot_5991 pid=17820
[simulation] api_step requested session=save_slot_5992 mode=buyer_seller_negotiation running=False pid=None
[simulation] launching worker module=simulation.step_worker session=save_slot_5992 payload=C:\Users\maxim\Research\simulation\.runtime\save_slots\save_slot_5992\step_payload.json
[simulation] worker launched module=simulation.step_worker session=save_slot_5992 pid=32336
[simulation] api_step launched worker session=save_slot_5992 pid=32336
[simulation] api_step requested session=save_slot_5993 mode=buyer_seller_negotiation running=False pid=None
[simulation] launching worker module=simulation.step_worker session=save_slot_5993 payload=C:\Users\maxim\Research\simulation\.runtime\save_slots\save_slot_5993\step_payload.json
[simulation] worker launched module=simulation.step_worker session=save_slot_5993 pid=14176
[simulation] api_step launched worker session=save_slot_5993 pid=14176
[simulation] api_step requested session=save_slot_5994 mode=buyer_seller_negotiation running=False pid=None
[simulation] launching worker module=simulation.step_worker session=save_slot_5994 payload=C:\Users\maxim\Research\simulation\.runtime\save_slots\save_slot_5994\step_payload.json
[simulation] worker launched module=simulation.step_worker session=save_slot_5994 pid=16620
[simulation] api_step launched worker session=save_slot_5994 pid=16620
[simulation] api_step requested session=save_slot_5995 mode=buyer_seller_negotiation running=False pid=None
[simulation] launching worker module=simulation.step_worker session=save_slot_5995 payload=C:\Users\maxim\Research\simulation\.runtime\save_slots\save_slot_5995\step_payload.json
[simulation] worker launched module=simulation.step_worker session=save_slot_5995 pid=28464
[simulation] api_step launched worker session=save_slot_5995 pid=28464
[simulation] api_step requested session=save_slot_5996 mode=buyer_seller_negotiation running=False pid=None
[simulation] launching worker module=simulation.step_worker session=save_slot_5996 payload=C:\Users\maxim\Research\simulation\.runtime\save_slots\save_slot_5996\step_payload.json
[simulation] worker launched module=simulation.step_worker session=save_slot_5996 pid=20076
[simulation] api_step launched worker session=save_slot_5996 pid=20076
[simulation] api_step requested session=save_slot_5997 mode=buyer_seller_negotiation running=False pid=None
[simulation] launching worker module=simulation.step_worker session=save_slot_5997 payload=C:\Users\maxim\Research\simulation\.runtime\save_slots\save_slot_5997\step_payload.json
[simulation] worker launched module=simulation.step_worker session=save_slot_5997 pid=15732
[simulation] api_step launched worker session=save_slot_5997 pid=15732
[simulation] api_step requested session=save_slot_5998 mode=buyer_seller_negotiation running=False pid=None
[simulation] launching worker module=simulation.step_worker session=save_slot_5998 payload=C:\Users\maxim\Research\simulation\.runtime\save_slots\save_slot_5998\step_payload.json
[simulation] worker launched module=simulation.step_worker session=save_slot_5998 pid=19040
[simulation] api_step launched worker session=save_slot_5998 pid=19040
[simulation] api_step requested session=save_slot_5999 mode=buyer_seller_negotiation running=False pid=None
[simulation] launching worker module=simulation.step_worker session=save_slot_5999 payload=C:\Users\maxim\Research\simulation\.runtime\save_slots\save_slot_5999\step_payload.json
[simulation] worker launched module=simulation.step_worker session=save_slot_5999 pid=11644
[simulation] api_step launched worker session=save_slot_5999 pid=11644
[simulation] api_step requested session=save_slot_6000 mode=buyer_seller_negotiation running=False pid=None
[simulation] launching worker module=simulation.step_worker session=save_slot_6000 payload=C:\Users\maxim\Research\simulation\.runtime\save_slots\save_slot_6000\step_payload.json
[simulation] worker launched module=simulation.step_worker session=save_slot_6000 pid=18644
[simulation] api_step launched worker session=save_slot_6000 pid=18644
[simulation] api_step requested session=save_slot_6001 mode=buyer_seller_negotiation running=False pid=None
[simulation] launching worker module=simulation.step_worker session=save_slot_6001 payload=C:\Users\maxim\Research\simulation\.runtime\save_slots\save_slot_6001\step_payload.json
[simulation] worker launched module=simulation.step_worker session=save_slot_6001 pid=28768
[simulation] api_step launched worker session=save_slot_6001 pid=28768
[simulation] api_step requested session=save_slot_6002 mode=buyer_seller_negotiation running=False pid=None
[simulation] launching worker module=simulation.step_worker session=save_slot_6002 payload=C:\Users\maxim\Research\simulation\.runtime\save_slots\save_slot_6002\step_payload.json
[simulation] worker launched module=simulation.step_worker session=save_slot_6002 pid=19104
[simulation] api_step launched worker session=save_slot_6002 pid=19104
[simulation] api_step requested session=save_slot_6003 mode=buyer_seller_negotiation running=False pid=None
[simulation] launching worker module=simulation.step_worker session=save_slot_6003 payload=C:\Users\maxim\Research\simulation\.runtime\save_slots\save_slot_6003\step_payload.json
[simulation] worker launched module=simulation.step_worker session=save_slot_6003 pid=28576
[simulation] api_step launched worker session=save_slot_6003 pid=28576
[simulation] api_step requested session=save_slot_6004 mode=buyer_seller_negotiation running=False pid=None
[simulation] launching worker module=simulation.step_worker session=save_slot_6004 payload=C:\Users\maxim\Research\simulation\.runtime\save_slots\save_slot_6004\step_payload.json
[simulation] worker launched module=simulation.step_worker session=save_slot_6004 pid=17516
[simulation] api_step launched worker session=save_slot_6004 pid=17516
[simulation] api_step requested session=save_slot_6005 mode=buyer_seller_negotiation running=False pid=None
[simulation] launching worker module=simulation.step_worker session=save_slot_6005 payload=C:\Users\maxim\Research\simulation\.runtime\save_slots\save_slot_6005\step_payload.json
[simulation] worker launched module=simulation.step_worker session=save_slot_6005 pid=30496
[simulation] api_step launched worker session=save_slot_6005 pid=30496
[simulation] api_step requested session=save_slot_6006 mode=buyer_seller_negotiation running=False pid=None
[simulation] launching worker module=simulation.step_worker session=save_slot_6006 payload=C:\Users\maxim\Research\simulation\.runtime\save_slots\save_slot_6006\step_payload.json
[simulation] worker launched module=simulation.step_worker session=save_slot_6006 pid=35784
[simulation] api_step launched worker session=save_slot_6006 pid=35784
[simulation] api_step requested session=save_slot_6007 mode=buyer_seller_negotiation running=False pid=None
[simulation] launching worker module=simulation.step_worker session=save_slot_6007 payload=C:\Users\maxim\Research\simulation\.runtime\save_slots\save_slot_6007\step_payload.json
[simulation] worker launched module=simulation.step_worker session=save_slot_6007 pid=34408
[simulation] api_step launched worker session=save_slot_6007 pid=34408
[simulation] api_step requested session=save_slot_6008 mode=buyer_seller_negotiation running=False pid=None
[simulation] launching worker module=simulation.step_worker session=save_slot_6008 payload=C:\Users\maxim\Research\simulation\.runtime\save_slots\save_slot_6008\step_payload.json
[simulation] worker launched module=simulation.step_worker session=save_slot_6008 pid=29524
[simulation] api_step launched worker session=save_slot_6008 pid=29524
[simulation] api_step requested session=save_slot_6009 mode=buyer_seller_negotiation running=False pid=None
[simulation] launching worker module=simulation.step_worker session=save_slot_6009 payload=C:\Users\maxim\Research\simulation\.runtime\save_slots\save_slot_6009\step_payload.json
[simulation] worker launched module=simulation.step_worker session=save_slot_6009 pid=34412
[simulation] api_step launched worker session=save_slot_6009 pid=34412
[simulation] api_step requested session=save_slot_6010 mode=buyer_seller_negotiation running=False pid=None
[simulation] launching worker module=simulation.step_worker session=save_slot_6010 payload=C:\Users\maxim\Research\simulation\.runtime\save_slots\save_slot_6010\step_payload.json
[simulation] worker launched module=simulation.step_worker session=save_slot_6010 pid=22864
[simulation] api_step launched worker session=save_slot_6010 pid=22864
[simulation] api_step requested session=save_slot_6011 mode=buyer_seller_negotiation running=False pid=None
[simulation] launching worker module=simulation.step_worker session=save_slot_6011 payload=C:\Users\maxim\Research\simulation\.runtime\save_slots\save_slot_6011\step_payload.json
[simulation] worker launched module=simulation.step_worker session=save_slot_6011 pid=23164
[simulation] api_step launched worker session=save_slot_6011 pid=23164
[simulation] api_step requested session=save_slot_6012 mode=buyer_seller_negotiation running=False pid=None
[simulation] launching worker module=simulation.step_worker session=save_slot_6012 payload=C:\Users\maxim\Research\simulation\.runtime\save_slots\save_slot_6012\step_payload.json
[simulation] worker launched module=simulation.step_worker session=save_slot_6012 pid=23432
[simulation] api_step launched worker session=save_slot_6012 pid=23432
[simulation] api_step requested session=save_slot_6013 mode=buyer_seller_negotiation running=False pid=None
[simulation] launching worker module=simulation.step_worker session=save_slot_6013 payload=C:\Users\maxim\Research\simulation\.runtime\save_slots\save_slot_6013\step_payload.json
[simulation] worker launched module=simulation.step_worker session=save_slot_6013 pid=33496
[simulation] api_step launched worker session=save_slot_6013 pid=33496
[simulation] api_step requested session=save_slot_6014 mode=buyer_seller_negotiation running=False pid=None
[simulation] launching worker module=simulation.step_worker session=save_slot_6014 payload=C:\Users\maxim\Research\simulation\.runtime\save_slots\save_slot_6014\step_payload.json
[simulation] worker launched module=simulation.step_worker session=save_slot_6014 pid=32044
[simulation] api_step launched worker session=save_slot_6014 pid=32044
[simulation] api_step requested session=save_slot_6015 mode=buyer_seller_negotiation running=False pid=None
[simulation] launching worker module=simulation.step_worker session=save_slot_6015 payload=C:\Users\maxim\Research\simulation\.runtime\save_slots\save_slot_6015\step_payload.json
[simulation] worker launched module=simulation.step_worker session=save_slot_6015 pid=34188
[simulation] api_step launched worker session=save_slot_6015 pid=34188
[simulation] api_step requested session=save_slot_6016 mode=buyer_seller_negotiation running=False pid=None
[simulation] launching worker module=simulation.step_worker session=save_slot_6016 payload=C:\Users\maxim\Research\simulation\.runtime\save_slots\save_slot_6016\step_payload.json
[simulation] worker launched module=simulation.step_worker session=save_slot_6016 pid=25324
[simulation] api_step launched worker session=save_slot_6016 pid=25324
[simulation] api_step requested session=save_slot_6018 mode=buyer_seller_negotiation running=False pid=None
[simulation] launching worker module=simulation.step_worker session=save_slot_6018 payload=C:\Users\maxim\Research\simulation\.runtime\save_slots\save_slot_6018\step_payload.json
[simulation] worker launched module=simulation.step_worker session=save_slot_6018 pid=18524
[simulation] api_step launched worker session=save_slot_6018 pid=18524
[simulation] api_step requested session=save_slot_6017 mode=buyer_seller_negotiation running=False pid=None
[simulation] launching worker module=simulation.step_worker session=save_slot_6017 payload=C:\Users\maxim\Research\simulation\.runtime\save_slots\save_slot_6017\step_payload.json
[simulation] worker launched module=simulation.step_worker session=save_slot_6017 pid=26292
[simulation] api_step launched worker session=save_slot_6017 pid=26292
[simulation] api_step requested session=save_slot_6019 mode=buyer_seller_negotiation running=False pid=None
[simulation] launching worker module=simulation.step_worker session=save_slot_6019 payload=C:\Users\maxim\Research\simulation\.runtime\save_slots\save_slot_6019\step_payload.json
[simulation] worker launched module=simulation.step_worker session=save_slot_6019 pid=32020
[simulation] api_step launched worker session=save_slot_6019 pid=32020
[simulation] api_step requested session=save_slot_6020 mode=buyer_seller_negotiation running=False pid=None
[simulation] launching worker module=simulation.step_worker session=save_slot_6020 payload=C:\Users\maxim\Research\simulation\.runtime\save_slots\save_slot_6020\step_payload.json
[simulation] worker launched module=simulation.step_worker session=save_slot_6020 pid=21832
[simulation] api_step launched worker session=save_slot_6020 pid=21832
[simulation] api_step requested session=save_slot_6021 mode=buyer_seller_negotiation running=False pid=None
[simulation] launching worker module=simulation.step_worker session=save_slot_6021 payload=C:\Users\maxim\Research\simulation\.runtime\save_slots\save_slot_6021\step_payload.json
[simulation] worker launched module=simulation.step_worker session=save_slot_6021 pid=25604
[simulation] api_step launched worker session=save_slot_6021 pid=25604
[simulation] api_step requested session=save_slot_6022 mode=buyer_seller_negotiation running=False pid=None
[simulation] launching worker module=simulation.step_worker session=save_slot_6022 payload=C:\Users\maxim\Research\simulation\.runtime\save_slots\save_slot_6022\step_payload.json
[simulation] worker launched module=simulation.step_worker session=save_slot_6022 pid=26288
[simulation] api_step launched worker session=save_slot_6022 pid=26288
[simulation] api_step requested session=save_slot_6023 mode=buyer_seller_negotiation running=False pid=None
[simulation] launching worker module=simulation.step_worker session=save_slot_6023 payload=C:\Users\maxim\Research\simulation\.runtime\save_slots\save_slot_6023\step_payload.json
[simulation] worker launched module=simulation.step_worker session=save_slot_6023 pid=27280
[simulation] api_step launched worker session=save_slot_6023 pid=27280
[simulation] api_step requested session=save_slot_6024 mode=buyer_seller_negotiation running=False pid=None
[simulation] launching worker module=simulation.step_worker session=save_slot_6024 payload=C:\Users\maxim\Research\simulation\.runtime\save_slots\save_slot_6024\step_payload.json
[simulation] worker launched module=simulation.step_worker session=save_slot_6024 pid=29700
[simulation] api_step launched worker session=save_slot_6024 pid=29700
[simulation] api_step requested session=save_slot_6025 mode=buyer_seller_negotiation running=False pid=None
[simulation] launching worker module=simulation.step_worker session=save_slot_6025 payload=C:\Users\maxim\Research\simulation\.runtime\save_slots\save_slot_6025\step_payload.json
[simulation] worker launched module=simulation.step_worker session=save_slot_6025 pid=26428
[simulation] api_step launched worker session=save_slot_6025 pid=26428
worker marked stopped pid=26288 reason=Step worker stopped unexpectedly.
[simulation] worker marked stopped pid=26288 reason=Step worker stopped unexpectedly.
[simulation] api_step requested session=save_slot_6026 mode=buyer_seller_negotiation running=False pid=None
[simulation] launching worker module=simulation.step_worker session=save_slot_6026 payload=C:\Users\maxim\Research\simulation\.runtime\save_slots\save_slot_6026\step_payload.json
[simulation] worker launched module=simulation.step_worker session=save_slot_6026 pid=16168
[simulation] api_step launched worker session=save_slot_6026 pid=16168
[simulation] api_step requested session=save_slot_6027 mode=buyer_seller_negotiation running=False pid=None
[simulation] launching worker module=simulation.step_worker session=save_slot_6027 payload=C:\Users\maxim\Research\simulation\.runtime\save_slots\save_slot_6027\step_payload.json
[simulation] worker launched module=simulation.step_worker session=save_slot_6027 pid=36296
[simulation] api_step launched worker session=save_slot_6027 pid=36296
[simulation] api_step requested session=save_slot_6028 mode=buyer_seller_negotiation running=False pid=None
[simulation] launching worker module=simulation.step_worker session=save_slot_6028 payload=C:\Users\maxim\Research\simulation\.runtime\save_slots\save_slot_6028\step_payload.json
[simulation] worker launched module=simulation.step_worker session=save_slot_6028 pid=20688
[simulation] api_step launched worker session=save_slot_6028 pid=20688
[simulation] api_step requested session=save_slot_6029 mode=buyer_seller_negotiation running=False pid=None
[simulation] launching worker module=simulation.step_worker session=save_slot_6029 payload=C:\Users\maxim\Research\simulation\.runtime\save_slots\save_slot_6029\step_payload.json
[simulation] worker launched module=simulation.step_worker session=save_slot_6029 pid=11388
[simulation] api_step launched worker session=save_slot_6029 pid=11388
[simulation] api_step requested session=save_slot_6030 mode=buyer_seller_negotiation running=False pid=None
[simulation] launching worker module=simulation.step_worker session=save_slot_6030 payload=C:\Users\maxim\Research\simulation\.runtime\save_slots\save_slot_6030\step_payload.json
[simulation] worker launched module=simulation.step_worker session=save_slot_6030 pid=25116
[simulation] api_step launched worker session=save_slot_6030 pid=25116
[simulation] api_step requested session=save_slot_6031 mode=buyer_seller_negotiation running=False pid=None
[simulation] launching worker module=simulation.step_worker session=save_slot_6031 payload=C:\Users\maxim\Research\simulation\.runtime\save_slots\save_slot_6031\step_payload.json
[simulation] worker launched module=simulation.step_worker session=save_slot_6031 pid=23348
[simulation] api_step launched worker session=save_slot_6031 pid=23348
[simulation] api_step requested session=save_slot_6032 mode=buyer_seller_negotiation running=False pid=None
[simulation] launching worker module=simulation.step_worker session=save_slot_6032 payload=C:\Users\maxim\Research\simulation\.runtime\save_slots\save_slot_6032\step_payload.json
[simulation] worker launched module=simulation.step_worker session=save_slot_6032 pid=15580
[simulation] api_step launched worker session=save_slot_6032 pid=15580
[simulation] api_step requested session=save_slot_6033 mode=buyer_seller_negotiation running=False pid=None
[simulation] launching worker module=simulation.step_worker session=save_slot_6033 payload=C:\Users\maxim\Research\simulation\.runtime\save_slots\save_slot_6033\step_payload.json
[simulation] worker launched module=simulation.step_worker session=save_slot_6033 pid=17672
[simulation] api_step launched worker session=save_slot_6033 pid=17672
[simulation] api_step requested session=save_slot_6034 mode=buyer_seller_negotiation running=False pid=None
[simulation] launching worker module=simulation.step_worker session=save_slot_6034 payload=C:\Users\maxim\Research\simulation\.runtime\save_slots\save_slot_6034\step_payload.json
[simulation] worker launched module=simulation.step_worker session=save_slot_6034 pid=36852
[simulation] api_step launched worker session=save_slot_6034 pid=36852
[simulation] api_step requested session=save_slot_6035 mode=buyer_seller_negotiation running=False pid=None
[simulation] launching worker module=simulation.step_worker session=save_slot_6035 payload=C:\Users\maxim\Research\simulation\.runtime\save_slots\save_slot_6035\step_payload.json
[simulation] worker launched module=simulation.step_worker session=save_slot_6035 pid=12112
[simulation] api_step launched worker session=save_slot_6035 pid=12112
[simulation] api_step requested session=save_slot_6036 mode=buyer_seller_negotiation running=False pid=None
[simulation] launching worker module=simulation.step_worker session=save_slot_6036 payload=C:\Users\maxim\Research\simulation\.runtime\save_slots\save_slot_6036\step_payload.json
[simulation] worker launched module=simulation.step_worker session=save_slot_6036 pid=2680
[simulation] api_step launched worker session=save_slot_6036 pid=2680
[simulation] api_step requested session=save_slot_6037 mode=buyer_seller_negotiation running=False pid=None
[simulation] launching worker module=simulation.step_worker session=save_slot_6037 payload=C:\Users\maxim\Research\simulation\.runtime\save_slots\save_slot_6037\step_payload.json
[simulation] worker launched module=simulation.step_worker session=save_slot_6037 pid=12692
[simulation] api_step launched worker session=save_slot_6037 pid=12692
[simulation] api_step requested session=save_slot_6038 mode=buyer_seller_negotiation running=False pid=None
[simulation] launching worker module=simulation.step_worker session=save_slot_6038 payload=C:\Users\maxim\Research\simulation\.runtime\save_slots\save_slot_6038\step_payload.json
[simulation] worker launched module=simulation.step_worker session=save_slot_6038 pid=24084
[simulation] api_step launched worker session=save_slot_6038 pid=24084
[simulation] api_step requested session=save_slot_6039 mode=buyer_seller_negotiation running=False pid=None
[simulation] launching worker module=simulation.step_worker session=save_slot_6039 payload=C:\Users\maxim\Research\simulation\.runtime\save_slots\save_slot_6039\step_payload.json
[simulation] worker launched module=simulation.step_worker session=save_slot_6039 pid=27712
[simulation] api_step launched worker session=save_slot_6039 pid=27712
[simulation] api_step requested session=save_slot_6040 mode=buyer_seller_negotiation running=False pid=None
[simulation] launching worker module=simulation.step_worker session=save_slot_6040 payload=C:\Users\maxim\Research\simulation\.runtime\save_slots\save_slot_6040\step_payload.json
[simulation] worker launched module=simulation.step_worker session=save_slot_6040 pid=11712
[simulation] api_step launched worker session=save_slot_6040 pid=11712
[simulation] api_step requested session=save_slot_6041 mode=buyer_seller_negotiation running=False pid=None
[simulation] launching worker module=simulation.step_worker session=save_slot_6041 payload=C:\Users\maxim\Research\simulation\.runtime\save_slots\save_slot_6041\step_payload.json
[simulation] worker launched module=simulation.step_worker session=save_slot_6041 pid=8948
[simulation] api_step launched worker session=save_slot_6041 pid=8948
[simulation] api_step requested session=save_slot_6042 mode=buyer_seller_negotiation running=False pid=None
[simulation] launching worker module=simulation.step_worker session=save_slot_6042 payload=C:\Users\maxim\Research\simulation\.runtime\save_slots\save_slot_6042\step_payload.json
[simulation] worker launched module=simulation.step_worker session=save_slot_6042 pid=4448
[simulation] api_step launched worker session=save_slot_6042 pid=4448
[simulation] api_step requested session=save_slot_6043 mode=buyer_seller_negotiation running=False pid=None
[simulation] launching worker module=simulation.step_worker session=save_slot_6043 payload=C:\Users\maxim\Research\simulation\.runtime\save_slots\save_slot_6043\step_payload.json
[simulation] worker launched module=simulation.step_worker session=save_slot_6043 pid=33420
[simulation] api_step launched worker session=save_slot_6043 pid=33420
[simulation] api_step requested session=save_slot_6044 mode=buyer_seller_negotiation running=False pid=None
[simulation] launching worker module=simulation.step_worker session=save_slot_6044 payload=C:\Users\maxim\Research\simulation\.runtime\save_slots\save_slot_6044\step_payload.json
[simulation] worker launched module=simulation.step_worker session=save_slot_6044 pid=4052
[simulation] api_step launched worker session=save_slot_6044 pid=4052
[simulation] api_step requested session=save_slot_6045 mode=buyer_seller_negotiation running=False pid=None
[simulation] launching worker module=simulation.step_worker session=save_slot_6045 payload=C:\Users\maxim\Research\simulation\.runtime\save_slots\save_slot_6045\step_payload.json
[simulation] worker launched module=simulation.step_worker session=save_slot_6045 pid=11244
[simulation] api_step launched worker session=save_slot_6045 pid=11244
[simulation] api_step requested session=save_slot_6046 mode=buyer_seller_negotiation running=False pid=None
[simulation] launching worker module=simulation.step_worker session=save_slot_6046 payload=C:\Users\maxim\Research\simulation\.runtime\save_slots\save_slot_6046\step_payload.json
[simulation] worker launched module=simulation.step_worker session=save_slot_6046 pid=16904
[simulation] api_step launched worker session=save_slot_6046 pid=16904
[simulation] api_step requested session=save_slot_6047 mode=buyer_seller_negotiation running=False pid=None
[simulation] launching worker module=simulation.step_worker session=save_slot_6047 payload=C:\Users\maxim\Research\simulation\.runtime\save_slots\save_slot_6047\step_payload.json
[simulation] worker launched module=simulation.step_worker session=save_slot_6047 pid=11044
[simulation] api_step launched worker session=save_slot_6047 pid=11044
[simulation] api_step requested session=save_slot_6048 mode=buyer_seller_negotiation running=False pid=None
[simulation] launching worker module=simulation.step_worker session=save_slot_6048 payload=C:\Users\maxim\Research\simulation\.runtime\save_slots\save_slot_6048\step_payload.json
[simulation] worker launched module=simulation.step_worker session=save_slot_6048 pid=22984
[simulation] api_step launched worker session=save_slot_6048 pid=22984
[simulation] api_step requested session=save_slot_6049 mode=buyer_seller_negotiation running=False pid=None
[simulation] launching worker module=simulation.step_worker session=save_slot_6049 payload=C:\Users\maxim\Research\simulation\.runtime\save_slots\save_slot_6049\step_payload.json
[simulation] worker launched module=simulation.step_worker session=save_slot_6049 pid=36820
[simulation] api_step launched worker session=save_slot_6049 pid=36820
[simulation] api_step requested session=save_slot_6050 mode=buyer_seller_negotiation running=False pid=None
[simulation] launching worker module=simulation.step_worker session=save_slot_6050 payload=C:\Users\maxim\Research\simulation\.runtime\save_slots\save_slot_6050\step_payload.json
[simulation] worker launched module=simulation.step_worker session=save_slot_6050 pid=28860
[simulation] api_step launched worker session=save_slot_6050 pid=28860
[simulation] api_step requested session=save_slot_6051 mode=buyer_seller_negotiation running=False pid=None
[simulation] launching worker module=simulation.step_worker session=save_slot_6051 payload=C:\Users\maxim\Research\simulation\.runtime\save_slots\save_slot_6051\step_payload.json
[simulation] worker launched module=simulation.step_worker session=save_slot_6051 pid=19992
[simulation] api_step launched worker session=save_slot_6051 pid=19992
[simulation] api_step requested session=save_slot_6052 mode=buyer_seller_negotiation running=False pid=None
[simulation] launching worker module=simulation.step_worker session=save_slot_6052 payload=C:\Users\maxim\Research\simulation\.runtime\save_slots\save_slot_6052\step_payload.json
[simulation] worker launched module=simulation.step_worker session=save_slot_6052 pid=32648
[simulation] api_step launched worker session=save_slot_6052 pid=32648
[simulation] api_step requested session=save_slot_6053 mode=buyer_seller_negotiation running=False pid=None
[simulation] launching worker module=simulation.step_worker session=save_slot_6053 payload=C:\Users\maxim\Research\simulation\.runtime\save_slots\save_slot_6053\step_payload.json
[simulation] worker launched module=simulation.step_worker session=save_slot_6053 pid=25872
[simulation] api_step launched worker session=save_slot_6053 pid=25872
[simulation] api_step requested session=save_slot_6054 mode=buyer_seller_negotiation running=False pid=None
[simulation] launching worker module=simulation.step_worker session=save_slot_6054 payload=C:\Users\maxim\Research\simulation\.runtime\save_slots\save_slot_6054\step_payload.json
[simulation] worker launched module=simulation.step_worker session=save_slot_6054 pid=25132
[simulation] api_step launched worker session=save_slot_6054 pid=25132
[simulation] api_step requested session=save_slot_6055 mode=buyer_seller_negotiation running=False pid=None
[simulation] launching worker module=simulation.step_worker session=save_slot_6055 payload=C:\Users\maxim\Research\simulation\.runtime\save_slots\save_slot_6055\step_payload.json
[simulation] worker launched module=simulation.step_worker session=save_slot_6055 pid=33800
[simulation] api_step launched worker session=save_slot_6055 pid=33800
[simulation] api_step requested session=save_slot_6056 mode=buyer_seller_negotiation running=False pid=None
[simulation] launching worker module=simulation.step_worker session=save_slot_6056 payload=C:\Users\maxim\Research\simulation\.runtime\save_slots\save_slot_6056\step_payload.json
[simulation] worker launched module=simulation.step_worker session=save_slot_6056 pid=14252
[simulation] api_step launched worker session=save_slot_6056 pid=14252
[simulation] api_step requested session=save_slot_6057 mode=buyer_seller_negotiation running=False pid=None
[simulation] launching worker module=simulation.step_worker session=save_slot_6057 payload=C:\Users\maxim\Research\simulation\.runtime\save_slots\save_slot_6057\step_payload.json
[simulation] worker launched module=simulation.step_worker session=save_slot_6057 pid=30236
[simulation] api_step launched worker session=save_slot_6057 pid=30236
[simulation] api_step requested session=save_slot_6058 mode=buyer_seller_negotiation running=False pid=None
[simulation] launching worker module=simulation.step_worker session=save_slot_6058 payload=C:\Users\maxim\Research\simulation\.runtime\save_slots\save_slot_6058\step_payload.json
[simulation] worker launched module=simulation.step_worker session=save_slot_6058 pid=30292
[simulation] api_step launched worker session=save_slot_6058 pid=30292
[simulation] api_step requested session=save_slot_6059 mode=buyer_seller_negotiation running=False pid=None
[simulation] launching worker module=simulation.step_worker session=save_slot_6059 payload=C:\Users\maxim\Research\simulation\.runtime\save_slots\save_slot_6059\step_payload.json
[simulation] worker launched module=simulation.step_worker session=save_slot_6059 pid=29144
[simulation] api_step launched worker session=save_slot_6059 pid=29144
[simulation] api_step requested session=save_slot_6060 mode=buyer_seller_negotiation running=False pid=None
[simulation] launching worker module=simulation.step_worker session=save_slot_6060 payload=C:\Users\maxim\Research\simulation\.runtime\save_slots\save_slot_6060\step_payload.json
[simulation] worker launched module=simulation.step_worker session=save_slot_6060 pid=34952
[simulation] api_step launched worker session=save_slot_6060 pid=34952
[simulation] api_step requested session=save_slot_6061 mode=buyer_seller_negotiation running=False pid=None
[simulation] launching worker module=simulation.step_worker session=save_slot_6061 payload=C:\Users\maxim\Research\simulation\.runtime\save_slots\save_slot_6061\step_payload.json
[simulation] worker launched module=simulation.step_worker session=save_slot_6061 pid=33868
[simulation] api_step launched worker session=save_slot_6061 pid=33868
[simulation] api_step requested session=save_slot_6062 mode=buyer_seller_negotiation running=False pid=None
[simulation] launching worker module=simulation.step_worker session=save_slot_6062 payload=C:\Users\maxim\Research\simulation\.runtime\save_slots\save_slot_6062\step_payload.json
[simulation] worker launched module=simulation.step_worker session=save_slot_6062 pid=16092
[simulation] api_step launched worker session=save_slot_6062 pid=16092
[simulation] api_step requested session=save_slot_6063 mode=buyer_seller_negotiation running=False pid=None
[simulation] launching worker module=simulation.step_worker session=save_slot_6063 payload=C:\Users\maxim\Research\simulation\.runtime\save_slots\save_slot_6063\step_payload.json
[simulation] worker launched module=simulation.step_worker session=save_slot_6063 pid=25004
[simulation] api_step launched worker session=save_slot_6063 pid=25004
[simulation] api_step requested session=save_slot_6064 mode=buyer_seller_negotiation running=False pid=None
[simulation] launching worker module=simulation.step_worker session=save_slot_6064 payload=C:\Users\maxim\Research\simulation\.runtime\save_slots\save_slot_6064\step_payload.json
[simulation] worker launched module=simulation.step_worker session=save_slot_6064 pid=29728
[simulation] api_step launched worker session=save_slot_6064 pid=29728
[simulation] api_step requested session=save_slot_6065 mode=buyer_seller_negotiation running=False pid=None
[simulation] launching worker module=simulation.step_worker session=save_slot_6065 payload=C:\Users\maxim\Research\simulation\.runtime\save_slots\save_slot_6065\step_payload.json
[simulation] worker launched module=simulation.step_worker session=save_slot_6065 pid=35056
[simulation] api_step launched worker session=save_slot_6065 pid=35056
[simulation] api_step requested session=save_slot_6066 mode=buyer_seller_negotiation running=False pid=None
[simulation] launching worker module=simulation.step_worker session=save_slot_6066 payload=C:\Users\maxim\Research\simulation\.runtime\save_slots\save_slot_6066\step_payload.json
[simulation] worker launched module=simulation.step_worker session=save_slot_6066 pid=22672
[simulation] api_step launched worker session=save_slot_6066 pid=22672
[simulation] api_step requested session=save_slot_6067 mode=buyer_seller_negotiation running=False pid=None
[simulation] launching worker module=simulation.step_worker session=save_slot_6067 payload=C:\Users\maxim\Research\simulation\.runtime\save_slots\save_slot_6067\step_payload.json
[simulation] worker launched module=simulation.step_worker session=save_slot_6067 pid=31960
[simulation] api_step launched worker session=save_slot_6067 pid=31960
[simulation] api_step requested session=save_slot_6068 mode=buyer_seller_negotiation running=False pid=None
[simulation] launching worker module=simulation.step_worker session=save_slot_6068 payload=C:\Users\maxim\Research\simulation\.runtime\save_slots\save_slot_6068\step_payload.json
[simulation] worker launched module=simulation.step_worker session=save_slot_6068 pid=32412
[simulation] api_step launched worker session=save_slot_6068 pid=32412
[simulation] api_step requested session=save_slot_6069 mode=buyer_seller_negotiation running=False pid=None
[simulation] launching worker module=simulation.step_worker session=save_slot_6069 payload=C:\Users\maxim\Research\simulation\.runtime\save_slots\save_slot_6069\step_payload.json
[simulation] worker launched module=simulation.step_worker session=save_slot_6069 pid=26912
[simulation] api_step launched worker session=save_slot_6069 pid=26912
[simulation] api_step requested session=save_slot_6070 mode=buyer_seller_negotiation running=False pid=None
[simulation] launching worker module=simulation.step_worker session=save_slot_6070 payload=C:\Users\maxim\Research\simulation\.runtime\save_slots\save_slot_6070\step_payload.json
[simulation] worker launched module=simulation.step_worker session=save_slot_6070 pid=10704
[simulation] api_step launched worker session=save_slot_6070 pid=10704
[simulation] api_step requested session=save_slot_6071 mode=buyer_seller_negotiation running=False pid=None
[simulation] launching worker module=simulation.step_worker session=save_slot_6071 payload=C:\Users\maxim\Research\simulation\.runtime\save_slots\save_slot_6071\step_payload.json
[simulation] worker launched module=simulation.step_worker session=save_slot_6071 pid=30436
[simulation] api_step launched worker session=save_slot_6071 pid=30436
[simulation] api_step requested session=save_slot_6072 mode=buyer_seller_negotiation running=False pid=None
[simulation] launching worker module=simulation.step_worker session=save_slot_6072 payload=C:\Users\maxim\Research\simulation\.runtime\save_slots\save_slot_6072\step_payload.json
[simulation] worker launched module=simulation.step_worker session=save_slot_6072 pid=26780
[simulation] api_step launched worker session=save_slot_6072 pid=26780
[simulation] api_step requested session=save_slot_6073 mode=buyer_seller_negotiation running=False pid=None
[simulation] launching worker module=simulation.step_worker session=save_slot_6073 payload=C:\Users\maxim\Research\simulation\.runtime\save_slots\save_slot_6073\step_payload.json
[simulation] worker launched module=simulation.step_worker session=save_slot_6073 pid=2200
[simulation] api_step launched worker session=save_slot_6073 pid=2200
[simulation] api_step requested session=save_slot_6074 mode=buyer_seller_negotiation running=False pid=None
[simulation] launching worker module=simulation.step_worker session=save_slot_6074 payload=C:\Users\maxim\Research\simulation\.runtime\save_slots\save_slot_6074\step_payload.json
[simulation] worker launched module=simulation.step_worker session=save_slot_6074 pid=21996
[simulation] api_step launched worker session=save_slot_6074 pid=21996
[simulation] api_step requested session=save_slot_6075 mode=buyer_seller_negotiation running=False pid=None
[simulation] launching worker module=simulation.step_worker session=save_slot_6075 payload=C:\Users\maxim\Research\simulation\.runtime\save_slots\save_slot_6075\step_payload.json
[simulation] worker launched module=simulation.step_worker session=save_slot_6075 pid=32828
[simulation] api_step launched worker session=save_slot_6075 pid=32828
[simulation] api_step requested session=save_slot_6076 mode=buyer_seller_negotiation running=False pid=None
[simulation] launching worker module=simulation.step_worker session=save_slot_6076 payload=C:\Users\maxim\Research\simulation\.runtime\save_slots\save_slot_6076\step_payload.json
[simulation] worker launched module=simulation.step_worker session=save_slot_6076 pid=11244
[simulation] api_step launched worker session=save_slot_6076 pid=11244
[simulation] api_step requested session=save_slot_6077 mode=buyer_seller_negotiation running=False pid=None
[simulation] launching worker module=simulation.step_worker session=save_slot_6077 payload=C:\Users\maxim\Research\simulation\.runtime\save_slots\save_slot_6077\step_payload.json
[simulation] worker launched module=simulation.step_worker session=save_slot_6077 pid=33440
[simulation] api_step launched worker session=save_slot_6077 pid=33440
[simulation] api_step requested session=save_slot_6078 mode=buyer_seller_negotiation running=False pid=None
[simulation] launching worker module=simulation.step_worker session=save_slot_6078 payload=C:\Users\maxim\Research\simulation\.runtime\save_slots\save_slot_6078\step_payload.json
[simulation] worker launched module=simulation.step_worker session=save_slot_6078 pid=18720
[simulation] api_step launched worker session=save_slot_6078 pid=18720
[simulation] api_step requested session=save_slot_6079 mode=buyer_seller_negotiation running=False pid=None
[simulation] launching worker module=simulation.step_worker session=save_slot_6079 payload=C:\Users\maxim\Research\simulation\.runtime\save_slots\save_slot_6079\step_payload.json
[simulation] worker launched module=simulation.step_worker session=save_slot_6079 pid=21672
[simulation] api_step launched worker session=save_slot_6079 pid=21672
[simulation] api_step requested session=save_slot_6080 mode=buyer_seller_negotiation running=False pid=None
[simulation] launching worker module=simulation.step_worker session=save_slot_6080 payload=C:\Users\maxim\Research\simulation\.runtime\save_slots\save_slot_6080\step_payload.json
[simulation] worker launched module=simulation.step_worker session=save_slot_6080 pid=30916
[simulation] api_step launched worker session=save_slot_6080 pid=30916
[simulation] api_step requested session=save_slot_6081 mode=buyer_seller_negotiation running=False pid=None
[simulation] launching worker module=simulation.step_worker session=save_slot_6081 payload=C:\Users\maxim\Research\simulation\.runtime\save_slots\save_slot_6081\step_payload.json
[simulation] worker launched module=simulation.step_worker session=save_slot_6081 pid=35620
[simulation] api_step launched worker session=save_slot_6081 pid=35620
[simulation] api_step requested session=save_slot_6082 mode=buyer_seller_negotiation running=False pid=None
[simulation] launching worker module=simulation.step_worker session=save_slot_6082 payload=C:\Users\maxim\Research\simulation\.runtime\save_slots\save_slot_6082\step_payload.json
[simulation] worker launched module=simulation.step_worker session=save_slot_6082 pid=36548
[simulation] api_step launched worker session=save_slot_6082 pid=36548
[simulation] api_step requested session=save_slot_6083 mode=buyer_seller_negotiation running=False pid=None
[simulation] launching worker module=simulation.step_worker session=save_slot_6083 payload=C:\Users\maxim\Research\simulation\.runtime\save_slots\save_slot_6083\step_payload.json
[simulation] worker launched module=simulation.step_worker session=save_slot_6083 pid=26976
[simulation] api_step launched worker session=save_slot_6083 pid=26976
[simulation] api_step requested session=save_slot_6084 mode=buyer_seller_negotiation running=False pid=None
[simulation] launching worker module=simulation.step_worker session=save_slot_6084 payload=C:\Users\maxim\Research\simulation\.runtime\save_slots\save_slot_6084\step_payload.json
[simulation] worker launched module=simulation.step_worker session=save_slot_6084 pid=26048
[simulation] api_step launched worker session=save_slot_6084 pid=26048
[simulation] api_step requested session=save_slot_6085 mode=buyer_seller_negotiation running=False pid=None
[simulation] launching worker module=simulation.step_worker session=save_slot_6085 payload=C:\Users\maxim\Research\simulation\.runtime\save_slots\save_slot_6085\step_payload.json
[simulation] worker launched module=simulation.step_worker session=save_slot_6085 pid=32868
[simulation] api_step launched worker session=save_slot_6085 pid=32868
[simulation] api_step requested session=save_slot_6086 mode=buyer_seller_negotiation running=False pid=None
[simulation] launching worker module=simulation.step_worker session=save_slot_6086 payload=C:\Users\maxim\Research\simulation\.runtime\save_slots\save_slot_6086\step_payload.json
[simulation] worker launched module=simulation.step_worker session=save_slot_6086 pid=6600
[simulation] api_step launched worker session=save_slot_6086 pid=6600
[simulation] api_step requested session=save_slot_6087 mode=buyer_seller_negotiation running=False pid=None
[simulation] launching worker module=simulation.step_worker session=save_slot_6087 payload=C:\Users\maxim\Research\simulation\.runtime\save_slots\save_slot_6087\step_payload.json
[simulation] worker launched module=simulation.step_worker session=save_slot_6087 pid=21556
[simulation] api_step launched worker session=save_slot_6087 pid=21556
[simulation] api_step requested session=save_slot_6088 mode=buyer_seller_negotiation running=False pid=None
[simulation] launching worker module=simulation.step_worker session=save_slot_6088 payload=C:\Users\maxim\Research\simulation\.runtime\save_slots\save_slot_6088\step_payload.json
[simulation] worker launched module=simulation.step_worker session=save_slot_6088 pid=32148
[simulation] api_step launched worker session=save_slot_6088 pid=32148
[simulation] api_step requested session=save_slot_6089 mode=buyer_seller_negotiation running=False pid=None
[simulation] launching worker module=simulation.step_worker session=save_slot_6089 payload=C:\Users\maxim\Research\simulation\.runtime\save_slots\save_slot_6089\step_payload.json
[simulation] worker launched module=simulation.step_worker session=save_slot_6089 pid=35748
[simulation] api_step launched worker session=save_slot_6089 pid=35748
[simulation] api_step requested session=save_slot_6090 mode=buyer_seller_negotiation running=False pid=None
[simulation] launching worker module=simulation.step_worker session=save_slot_6090 payload=C:\Users\maxim\Research\simulation\.runtime\save_slots\save_slot_6090\step_payload.json
[simulation] worker launched module=simulation.step_worker session=save_slot_6090 pid=26956
[simulation] api_step launched worker session=save_slot_6090 pid=26956
worker marked stopped pid=6600 reason=Step worker stopped unexpectedly.
[simulation] worker marked stopped pid=6600 reason=Step worker stopped unexpectedly.
[simulation] api_step requested session=save_slot_6091 mode=buyer_seller_negotiation running=False pid=None
[simulation] launching worker module=simulation.step_worker session=save_slot_6091 payload=C:\Users\maxim\Research\simulation\.runtime\save_slots\save_slot_6091\step_payload.json
[simulation] worker launched module=simulation.step_worker session=save_slot_6091 pid=9472
[simulation] api_step launched worker session=save_slot_6091 pid=9472
[simulation] api_step requested session=save_slot_6092 mode=buyer_seller_negotiation running=False pid=None
[simulation] launching worker module=simulation.step_worker session=save_slot_6092 payload=C:\Users\maxim\Research\simulation\.runtime\save_slots\save_slot_6092\step_payload.json
[simulation] worker launched module=simulation.step_worker session=save_slot_6092 pid=17008
[simulation] api_step launched worker session=save_slot_6092 pid=17008
[simulation] api_step requested session=save_slot_6093 mode=buyer_seller_negotiation running=False pid=None
[simulation] launching worker module=simulation.step_worker session=save_slot_6093 payload=C:\Users\maxim\Research\simulation\.runtime\save_slots\save_slot_6093\step_payload.json
[simulation] worker launched module=simulation.step_worker session=save_slot_6093 pid=16300
[simulation] api_step launched worker session=save_slot_6093 pid=16300
[simulation] api_step requested session=save_slot_6094 mode=buyer_seller_negotiation running=False pid=None
[simulation] launching worker module=simulation.step_worker session=save_slot_6094 payload=C:\Users\maxim\Research\simulation\.runtime\save_slots\save_slot_6094\step_payload.json
[simulation] worker launched module=simulation.step_worker session=save_slot_6094 pid=11092
[simulation] api_step launched worker session=save_slot_6094 pid=11092
[simulation] api_step requested session=save_slot_6095 mode=buyer_seller_negotiation running=False pid=None
[simulation] launching worker module=simulation.step_worker session=save_slot_6095 payload=C:\Users\maxim\Research\simulation\.runtime\save_slots\save_slot_6095\step_payload.json
[simulation] worker launched module=simulation.step_worker session=save_slot_6095 pid=20784
[simulation] api_step launched worker session=save_slot_6095 pid=20784
[simulation] api_step requested session=save_slot_6096 mode=buyer_seller_negotiation running=False pid=None
[simulation] launching worker module=simulation.step_worker session=save_slot_6096 payload=C:\Users\maxim\Research\simulation\.runtime\save_slots\save_slot_6096\step_payload.json
[simulation] worker launched module=simulation.step_worker session=save_slot_6096 pid=11456
[simulation] api_step launched worker session=save_slot_6096 pid=11456
[simulation] api_step requested session=save_slot_6097 mode=buyer_seller_negotiation running=False pid=None
[simulation] launching worker module=simulation.step_worker session=save_slot_6097 payload=C:\Users\maxim\Research\simulation\.runtime\save_slots\save_slot_6097\step_payload.json
[simulation] worker launched module=simulation.step_worker session=save_slot_6097 pid=16104
[simulation] api_step launched worker session=save_slot_6097 pid=16104
[simulation] api_step requested session=save_slot_6098 mode=buyer_seller_negotiation running=False pid=None
[simulation] launching worker module=simulation.step_worker session=save_slot_6098 payload=C:\Users\maxim\Research\simulation\.runtime\save_slots\save_slot_6098\step_payload.json
[simulation] worker launched module=simulation.step_worker session=save_slot_6098 pid=14048
[simulation] api_step launched worker session=save_slot_6098 pid=14048
[simulation] api_step requested session=save_slot_6099 mode=buyer_seller_negotiation running=False pid=None
[simulation] launching worker module=simulation.step_worker session=save_slot_6099 payload=C:\Users\maxim\Research\simulation\.runtime\save_slots\save_slot_6099\step_payload.json
[simulation] worker launched module=simulation.step_worker session=save_slot_6099 pid=36468
[simulation] api_step launched worker session=save_slot_6099 pid=36468
[simulation] api_step requested session=save_slot_6100 mode=buyer_seller_negotiation running=False pid=None
[simulation] launching worker module=simulation.step_worker session=save_slot_6100 payload=C:\Users\maxim\Research\simulation\.runtime\save_slots\save_slot_6100\step_payload.json
[simulation] worker launched module=simulation.step_worker session=save_slot_6100 pid=23168
[simulation] api_step launched worker session=save_slot_6100 pid=23168
[simulation] api_step requested session=save_slot_6101 mode=buyer_seller_negotiation running=False pid=None
[simulation] launching worker module=simulation.step_worker session=save_slot_6101 payload=C:\Users\maxim\Research\simulation\.runtime\save_slots\save_slot_6101\step_payload.json
[simulation] worker launched module=simulation.step_worker session=save_slot_6101 pid=18856
[simulation] api_step launched worker session=save_slot_6101 pid=18856
[simulation] api_step requested session=save_slot_6102 mode=buyer_seller_negotiation running=False pid=None
[simulation] launching worker module=simulation.step_worker session=save_slot_6102 payload=C:\Users\maxim\Research\simulation\.runtime\save_slots\save_slot_6102\step_payload.json
[simulation] worker launched module=simulation.step_worker session=save_slot_6102 pid=25116
[simulation] api_step launched worker session=save_slot_6102 pid=25116
[simulation] api_step requested session=save_slot_6103 mode=buyer_seller_negotiation running=False pid=None
[simulation] launching worker module=simulation.step_worker session=save_slot_6103 payload=C:\Users\maxim\Research\simulation\.runtime\save_slots\save_slot_6103\step_payload.json
[simulation] worker launched module=simulation.step_worker session=save_slot_6103 pid=14212
[simulation] api_step launched worker session=save_slot_6103 pid=14212
[simulation] api_step requested session=save_slot_6104 mode=buyer_seller_negotiation running=False pid=None
[simulation] launching worker module=simulation.step_worker session=save_slot_6104 payload=C:\Users\maxim\Research\simulation\.runtime\save_slots\save_slot_6104\step_payload.json
[simulation] worker launched module=simulation.step_worker session=save_slot_6104 pid=36156
[simulation] api_step launched worker session=save_slot_6104 pid=36156
[simulation] api_step requested session=save_slot_6105 mode=buyer_seller_negotiation running=False pid=None
[simulation] launching worker module=simulation.step_worker session=save_slot_6105 payload=C:\Users\maxim\Research\simulation\.runtime\save_slots\save_slot_6105\step_payload.json
[simulation] worker launched module=simulation.step_worker session=save_slot_6105 pid=24124
[simulation] api_step launched worker session=save_slot_6105 pid=24124
[simulation] api_step requested session=save_slot_6106 mode=buyer_seller_negotiation running=False pid=None
[simulation] launching worker module=simulation.step_worker session=save_slot_6106 payload=C:\Users\maxim\Research\simulation\.runtime\save_slots\save_slot_6106\step_payload.json
[simulation] worker launched module=simulation.step_worker session=save_slot_6106 pid=7980
[simulation] api_step launched worker session=save_slot_6106 pid=7980
[simulation] api_step requested session=save_slot_6107 mode=buyer_seller_negotiation running=False pid=None
[simulation] launching worker module=simulation.step_worker session=save_slot_6107 payload=C:\Users\maxim\Research\simulation\.runtime\save_slots\save_slot_6107\step_payload.json
[simulation] worker launched module=simulation.step_worker session=save_slot_6107 pid=30228
[simulation] api_step launched worker session=save_slot_6107 pid=30228
[simulation] api_step requested session=save_slot_6108 mode=buyer_seller_negotiation running=False pid=None
[simulation] launching worker module=simulation.step_worker session=save_slot_6108 payload=C:\Users\maxim\Research\simulation\.runtime\save_slots\save_slot_6108\step_payload.json
[simulation] worker launched module=simulation.step_worker session=save_slot_6108 pid=18816
[simulation] api_step launched worker session=save_slot_6108 pid=18816
[simulation] api_step requested session=save_slot_6109 mode=buyer_seller_negotiation running=False pid=None
[simulation] launching worker module=simulation.step_worker session=save_slot_6109 payload=C:\Users\maxim\Research\simulation\.runtime\save_slots\save_slot_6109\step_payload.json
[simulation] worker launched module=simulation.step_worker session=save_slot_6109 pid=11744
[simulation] api_step launched worker session=save_slot_6109 pid=11744
[simulation] api_step requested session=save_slot_6110 mode=buyer_seller_negotiation running=False pid=None
[simulation] launching worker module=simulation.step_worker session=save_slot_6110 payload=C:\Users\maxim\Research\simulation\.runtime\save_slots\save_slot_6110\step_payload.json
[simulation] worker launched module=simulation.step_worker session=save_slot_6110 pid=32280
[simulation] api_step launched worker session=save_slot_6110 pid=32280
[simulation] api_step requested session=save_slot_6111 mode=buyer_seller_negotiation running=False pid=None
[simulation] launching worker module=simulation.step_worker session=save_slot_6111 payload=C:\Users\maxim\Research\simulation\.runtime\save_slots\save_slot_6111\step_payload.json
[simulation] worker launched module=simulation.step_worker session=save_slot_6111 pid=3856
[simulation] api_step launched worker session=save_slot_6111 pid=3856
[simulation] api_step requested session=save_slot_6112 mode=buyer_seller_negotiation running=False pid=None
[simulation] launching worker module=simulation.step_worker session=save_slot_6112 payload=C:\Users\maxim\Research\simulation\.runtime\save_slots\save_slot_6112\step_payload.json
[simulation] worker launched module=simulation.step_worker session=save_slot_6112 pid=4604
[simulation] api_step launched worker session=save_slot_6112 pid=4604
[simulation] api_step requested session=save_slot_6113 mode=buyer_seller_negotiation running=False pid=None
[simulation] launching worker module=simulation.step_worker session=save_slot_6113 payload=C:\Users\maxim\Research\simulation\.runtime\save_slots\save_slot_6113\step_payload.json
[simulation] worker launched module=simulation.step_worker session=save_slot_6113 pid=31088
[simulation] api_step launched worker session=save_slot_6113 pid=31088
[simulation] api_step requested session=save_slot_6114 mode=buyer_seller_negotiation running=False pid=None
[simulation] launching worker module=simulation.step_worker session=save_slot_6114 payload=C:\Users\maxim\Research\simulation\.runtime\save_slots\save_slot_6114\step_payload.json
[simulation] worker launched module=simulation.step_worker session=save_slot_6114 pid=35956
[simulation] api_step launched worker session=save_slot_6114 pid=35956
[simulation] api_step requested session=save_slot_6115 mode=buyer_seller_negotiation running=False pid=None
[simulation] launching worker module=simulation.step_worker session=save_slot_6115 payload=C:\Users\maxim\Research\simulation\.runtime\save_slots\save_slot_6115\step_payload.json
[simulation] worker launched module=simulation.step_worker session=save_slot_6115 pid=11176
[simulation] api_step launched worker session=save_slot_6115 pid=11176
[simulation] api_step requested session=save_slot_6116 mode=buyer_seller_negotiation running=False pid=None
[simulation] launching worker module=simulation.step_worker session=save_slot_6116 payload=C:\Users\maxim\Research\simulation\.runtime\save_slots\save_slot_6116\step_payload.json
[simulation] worker launched module=simulation.step_worker session=save_slot_6116 pid=15028
[simulation] api_step launched worker session=save_slot_6116 pid=15028
[simulation] api_step requested session=save_slot_6117 mode=buyer_seller_negotiation running=False pid=None
[simulation] launching worker module=simulation.step_worker session=save_slot_6117 payload=C:\Users\maxim\Research\simulation\.runtime\save_slots\save_slot_6117\step_payload.json
[simulation] worker launched module=simulation.step_worker session=save_slot_6117 pid=27016
[simulation] api_step launched worker session=save_slot_6117 pid=27016
[simulation] api_step requested session=save_slot_6118 mode=buyer_seller_negotiation running=False pid=None
[simulation] launching worker module=simulation.step_worker session=save_slot_6118 payload=C:\Users\maxim\Research\simulation\.runtime\save_slots\save_slot_6118\step_payload.json
[simulation] worker launched module=simulation.step_worker session=save_slot_6118 pid=29212
[simulation] api_step launched worker session=save_slot_6118 pid=29212
[simulation] api_step requested session=save_slot_6119 mode=buyer_seller_negotiation running=False pid=None
[simulation] launching worker module=simulation.step_worker session=save_slot_6119 payload=C:\Users\maxim\Research\simulation\.runtime\save_slots\save_slot_6119\step_payload.json
[simulation] worker launched module=simulation.step_worker session=save_slot_6119 pid=36524
[simulation] api_step launched worker session=save_slot_6119 pid=36524
[simulation] api_step requested session=save_slot_6120 mode=buyer_seller_negotiation running=False pid=None
[simulation] launching worker module=simulation.step_worker session=save_slot_6120 payload=C:\Users\maxim\Research\simulation\.runtime\save_slots\save_slot_6120\step_payload.json
[simulation] worker launched module=simulation.step_worker session=save_slot_6120 pid=12000
[simulation] api_step launched worker session=save_slot_6120 pid=12000
[simulation] api_step requested session=save_slot_6121 mode=buyer_seller_negotiation running=False pid=None
[simulation] launching worker module=simulation.step_worker session=save_slot_6121 payload=C:\Users\maxim\Research\simulation\.runtime\save_slots\save_slot_6121\step_payload.json
[simulation] worker launched module=simulation.step_worker session=save_slot_6121 pid=21028
[simulation] api_step launched worker session=save_slot_6121 pid=21028
[simulation] api_step requested session=save_slot_6122 mode=buyer_seller_negotiation running=False pid=None
[simulation] launching worker module=simulation.step_worker session=save_slot_6122 payload=C:\Users\maxim\Research\simulation\.runtime\save_slots\save_slot_6122\step_payload.json
[simulation] worker launched module=simulation.step_worker session=save_slot_6122 pid=19712
[simulation] api_step launched worker session=save_slot_6122 pid=19712
[simulation] api_step requested session=save_slot_6123 mode=buyer_seller_negotiation running=False pid=None
[simulation] launching worker module=simulation.step_worker session=save_slot_6123 payload=C:\Users\maxim\Research\simulation\.runtime\save_slots\save_slot_6123\step_payload.json
[simulation] worker launched module=simulation.step_worker session=save_slot_6123 pid=33220
[simulation] api_step launched worker session=save_slot_6123 pid=33220
[simulation] api_step requested session=save_slot_6124 mode=buyer_seller_negotiation running=False pid=None
[simulation] launching worker module=simulation.step_worker session=save_slot_6124 payload=C:\Users\maxim\Research\simulation\.runtime\save_slots\save_slot_6124\step_payload.json
[simulation] worker launched module=simulation.step_worker session=save_slot_6124 pid=23664
[simulation] api_step launched worker session=save_slot_6124 pid=23664
[simulation] api_step requested session=save_slot_6125 mode=buyer_seller_negotiation running=False pid=None
[simulation] launching worker module=simulation.step_worker session=save_slot_6125 payload=C:\Users\maxim\Research\simulation\.runtime\save_slots\save_slot_6125\step_payload.json
[simulation] worker launched module=simulation.step_worker session=save_slot_6125 pid=27976
[simulation] api_step launched worker session=save_slot_6125 pid=27976
[simulation] api_step requested session=save_slot_6126 mode=buyer_seller_negotiation running=False pid=None
[simulation] launching worker module=simulation.step_worker session=save_slot_6126 payload=C:\Users\maxim\Research\simulation\.runtime\save_slots\save_slot_6126\step_payload.json
[simulation] worker launched module=simulation.step_worker session=save_slot_6126 pid=29960
[simulation] api_step launched worker session=save_slot_6126 pid=29960
[simulation] api_step requested session=save_slot_6127 mode=buyer_seller_negotiation running=False pid=None
[simulation] launching worker module=simulation.step_worker session=save_slot_6127 payload=C:\Users\maxim\Research\simulation\.runtime\save_slots\save_slot_6127\step_payload.json
[simulation] worker launched module=simulation.step_worker session=save_slot_6127 pid=31904
[simulation] api_step launched worker session=save_slot_6127 pid=31904
[simulation] api_step requested session=save_slot_6128 mode=buyer_seller_negotiation running=False pid=None
[simulation] launching worker module=simulation.step_worker session=save_slot_6128 payload=C:\Users\maxim\Research\simulation\.runtime\save_slots\save_slot_6128\step_payload.json
[simulation] worker launched module=simulation.step_worker session=save_slot_6128 pid=31648
[simulation] api_step launched worker session=save_slot_6128 pid=31648
[simulation] api_step requested session=save_slot_6129 mode=buyer_seller_negotiation running=False pid=None
[simulation] launching worker module=simulation.step_worker session=save_slot_6129 payload=C:\Users\maxim\Research\simulation\.runtime\save_slots\save_slot_6129\step_payload.json
[simulation] worker launched module=simulation.step_worker session=save_slot_6129 pid=5960
[simulation] api_step launched worker session=save_slot_6129 pid=5960
[simulation] api_step requested session=save_slot_6130 mode=buyer_seller_negotiation running=False pid=None
[simulation] launching worker module=simulation.step_worker session=save_slot_6130 payload=C:\Users\maxim\Research\simulation\.runtime\save_slots\save_slot_6130\step_payload.json
[simulation] worker launched module=simulation.step_worker session=save_slot_6130 pid=16544
[simulation] api_step launched worker session=save_slot_6130 pid=16544
[simulation] api_step requested session=save_slot_6131 mode=buyer_seller_negotiation running=False pid=None
[simulation] launching worker module=simulation.step_worker session=save_slot_6131 payload=C:\Users\maxim\Research\simulation\.runtime\save_slots\save_slot_6131\step_payload.json
[simulation] worker launched module=simulation.step_worker session=save_slot_6131 pid=20208
[simulation] api_step launched worker session=save_slot_6131 pid=20208
[simulation] api_step requested session=save_slot_6132 mode=buyer_seller_negotiation running=False pid=None
[simulation] launching worker module=simulation.step_worker session=save_slot_6132 payload=C:\Users\maxim\Research\simulation\.runtime\save_slots\save_slot_6132\step_payload.json
[simulation] worker launched module=simulation.step_worker session=save_slot_6132 pid=31860
[simulation] api_step launched worker session=save_slot_6132 pid=31860
[simulation] api_step requested session=save_slot_6133 mode=buyer_seller_negotiation running=False pid=None
[simulation] launching worker module=simulation.step_worker session=save_slot_6133 payload=C:\Users\maxim\Research\simulation\.runtime\save_slots\save_slot_6133\step_payload.json
[simulation] worker launched module=simulation.step_worker session=save_slot_6133 pid=33204
[simulation] api_step launched worker session=save_slot_6133 pid=33204
[simulation] api_step requested session=save_slot_6134 mode=buyer_seller_negotiation running=False pid=None
[simulation] launching worker module=simulation.step_worker session=save_slot_6134 payload=C:\Users\maxim\Research\simulation\.runtime\save_slots\save_slot_6134\step_payload.json
[simulation] worker launched module=simulation.step_worker session=save_slot_6134 pid=22916
[simulation] api_step launched worker session=save_slot_6134 pid=22916
[simulation] api_step requested session=save_slot_6135 mode=buyer_seller_negotiation running=False pid=None
[simulation] launching worker module=simulation.step_worker session=save_slot_6135 payload=C:\Users\maxim\Research\simulation\.runtime\save_slots\save_slot_6135\step_payload.json
[simulation] worker launched module=simulation.step_worker session=save_slot_6135 pid=12364
[simulation] api_step launched worker session=save_slot_6135 pid=12364
[simulation] api_step requested session=save_slot_6136 mode=buyer_seller_negotiation running=False pid=None
[simulation] launching worker module=simulation.step_worker session=save_slot_6136 payload=C:\Users\maxim\Research\simulation\.runtime\save_slots\save_slot_6136\step_payload.json
[simulation] worker launched module=simulation.step_worker session=save_slot_6136 pid=26872
[simulation] api_step launched worker session=save_slot_6136 pid=26872
[simulation] api_step requested session=save_slot_6137 mode=buyer_seller_negotiation running=False pid=None
[simulation] launching worker module=simulation.step_worker session=save_slot_6137 payload=C:\Users\maxim\Research\simulation\.runtime\save_slots\save_slot_6137\step_payload.json
[simulation] worker launched module=simulation.step_worker session=save_slot_6137 pid=29124
[simulation] api_step launched worker session=save_slot_6137 pid=29124
[simulation] api_step requested session=save_slot_6138 mode=buyer_seller_negotiation running=False pid=None
[simulation] launching worker module=simulation.step_worker session=save_slot_6138 payload=C:\Users\maxim\Research\simulation\.runtime\save_slots\save_slot_6138\step_payload.json
[simulation] worker launched module=simulation.step_worker session=save_slot_6138 pid=2456
[simulation] api_step launched worker session=save_slot_6138 pid=2456
[simulation] api_step requested session=save_slot_6139 mode=buyer_seller_negotiation running=False pid=None
[simulation] launching worker module=simulation.step_worker session=save_slot_6139 payload=C:\Users\maxim\Research\simulation\.runtime\save_slots\save_slot_6139\step_payload.json
[simulation] worker launched module=simulation.step_worker session=save_slot_6139 pid=20436
[simulation] api_step launched worker session=save_slot_6139 pid=20436
[simulation] api_step requested session=save_slot_6140 mode=buyer_seller_negotiation running=False pid=None
[simulation] launching worker module=simulation.step_worker session=save_slot_6140 payload=C:\Users\maxim\Research\simulation\.runtime\save_slots\save_slot_6140\step_payload.json
[simulation] worker launched module=simulation.step_worker session=save_slot_6140 pid=8368
[simulation] api_step launched worker session=save_slot_6140 pid=8368
[simulation] api_step requested session=save_slot_6141 mode=buyer_seller_negotiation running=False pid=None
[simulation] launching worker module=simulation.step_worker session=save_slot_6141 payload=C:\Users\maxim\Research\simulation\.runtime\save_slots\save_slot_6141\step_payload.json
[simulation] worker launched module=simulation.step_worker session=save_slot_6141 pid=27212
[simulation] api_step launched worker session=save_slot_6141 pid=27212
[simulation] api_step requested session=save_slot_6142 mode=buyer_seller_negotiation running=False pid=None
[simulation] launching worker module=simulation.step_worker session=save_slot_6142 payload=C:\Users\maxim\Research\simulation\.runtime\save_slots\save_slot_6142\step_payload.json
[simulation] worker launched module=simulation.step_worker session=save_slot_6142 pid=22676
[simulation] api_step launched worker session=save_slot_6142 pid=22676
[simulation] api_step requested session=save_slot_6143 mode=buyer_seller_negotiation running=False pid=None
[simulation] launching worker module=simulation.step_worker session=save_slot_6143 payload=C:\Users\maxim\Research\simulation\.runtime\save_slots\save_slot_6143\step_payload.json
[simulation] worker launched module=simulation.step_worker session=save_slot_6143 pid=24128
[simulation] api_step launched worker session=save_slot_6143 pid=24128
[simulation] api_step requested session=save_slot_6144 mode=buyer_seller_negotiation running=False pid=None
[simulation] launching worker module=simulation.step_worker session=save_slot_6144 payload=C:\Users\maxim\Research\simulation\.runtime\save_slots\save_slot_6144\step_payload.json
[simulation] worker launched module=simulation.step_worker session=save_slot_6144 pid=15880
[simulation] api_step launched worker session=save_slot_6144 pid=15880
[simulation] api_step requested session=save_slot_6145 mode=buyer_seller_negotiation running=False pid=None
[simulation] launching worker module=simulation.step_worker session=save_slot_6145 payload=C:\Users\maxim\Research\simulation\.runtime\save_slots\save_slot_6145\step_payload.json
[simulation] worker launched module=simulation.step_worker session=save_slot_6145 pid=35048
[simulation] api_step launched worker session=save_slot_6145 pid=35048
[simulation] api_step requested session=save_slot_6146 mode=buyer_seller_negotiation running=False pid=None
[simulation] launching worker module=simulation.step_worker session=save_slot_6146 payload=C:\Users\maxim\Research\simulation\.runtime\save_slots\save_slot_6146\step_payload.json
[simulation] worker launched module=simulation.step_worker session=save_slot_6146 pid=34348
[simulation] api_step launched worker session=save_slot_6146 pid=34348
[simulation] api_step requested session=save_slot_6147 mode=buyer_seller_negotiation running=False pid=None
[simulation] launching worker module=simulation.step_worker session=save_slot_6147 payload=C:\Users\maxim\Research\simulation\.runtime\save_slots\save_slot_6147\step_payload.json
[simulation] worker launched module=simulation.step_worker session=save_slot_6147 pid=15108
[simulation] api_step launched worker session=save_slot_6147 pid=15108
[simulation] api_step requested session=save_slot_6148 mode=buyer_seller_negotiation running=False pid=None
[simulation] launching worker module=simulation.step_worker session=save_slot_6148 payload=C:\Users\maxim\Research\simulation\.runtime\save_slots\save_slot_6148\step_payload.json
[simulation] worker launched module=simulation.step_worker session=save_slot_6148 pid=2844
[simulation] api_step launched worker session=save_slot_6148 pid=2844
[simulation] api_step requested session=save_slot_6149 mode=buyer_seller_negotiation running=False pid=None
[simulation] launching worker module=simulation.step_worker session=save_slot_6149 payload=C:\Users\maxim\Research\simulation\.runtime\save_slots\save_slot_6149\step_payload.json
[simulation] worker launched module=simulation.step_worker session=save_slot_6149 pid=30816
[simulation] api_step launched worker session=save_slot_6149 pid=30816
[simulation] api_step requested session=save_slot_6150 mode=buyer_seller_negotiation running=False pid=None
[simulation] launching worker module=simulation.step_worker session=save_slot_6150 payload=C:\Users\maxim\Research\simulation\.runtime\save_slots\save_slot_6150\step_payload.json
[simulation] worker launched module=simulation.step_worker session=save_slot_6150 pid=31096
[simulation] api_step launched worker session=save_slot_6150 pid=31096
[simulation] api_step requested session=save_slot_6151 mode=buyer_seller_negotiation running=False pid=None
[simulation] launching worker module=simulation.step_worker session=save_slot_6151 payload=C:\Users\maxim\Research\simulation\.runtime\save_slots\save_slot_6151\step_payload.json
[simulation] worker launched module=simulation.step_worker session=save_slot_6151 pid=16976
[simulation] api_step launched worker session=save_slot_6151 pid=16976
[simulation] api_step requested session=save_slot_6152 mode=buyer_seller_negotiation running=False pid=None
[simulation] launching worker module=simulation.step_worker session=save_slot_6152 payload=C:\Users\maxim\Research\simulation\.runtime\save_slots\save_slot_6152\step_payload.json
[simulation] worker launched module=simulation.step_worker session=save_slot_6152 pid=28960
[simulation] api_step launched worker session=save_slot_6152 pid=28960
[simulation] api_step requested session=save_slot_6153 mode=buyer_seller_negotiation running=False pid=None
[simulation] launching worker module=simulation.step_worker session=save_slot_6153 payload=C:\Users\maxim\Research\simulation\.runtime\save_slots\save_slot_6153\step_payload.json
[simulation] worker launched module=simulation.step_worker session=save_slot_6153 pid=21032
[simulation] api_step launched worker session=save_slot_6153 pid=21032
[simulation] api_step requested session=save_slot_6154 mode=buyer_seller_negotiation running=False pid=None
[simulation] launching worker module=simulation.step_worker session=save_slot_6154 payload=C:\Users\maxim\Research\simulation\.runtime\save_slots\save_slot_6154\step_payload.json
[simulation] worker launched module=simulation.step_worker session=save_slot_6154 pid=14852
[simulation] api_step launched worker session=save_slot_6154 pid=14852
[simulation] api_step requested session=save_slot_6155 mode=buyer_seller_negotiation running=False pid=None
[simulation] launching worker module=simulation.step_worker session=save_slot_6155 payload=C:\Users\maxim\Research\simulation\.runtime\save_slots\save_slot_6155\step_payload.json
[simulation] worker launched module=simulation.step_worker session=save_slot_6155 pid=5684
[simulation] api_step launched worker session=save_slot_6155 pid=5684
[simulation] api_step requested session=save_slot_6156 mode=buyer_seller_negotiation running=False pid=None
[simulation] launching worker module=simulation.step_worker session=save_slot_6156 payload=C:\Users\maxim\Research\simulation\.runtime\save_slots\save_slot_6156\step_payload.json
[simulation] worker launched module=simulation.step_worker session=save_slot_6156 pid=35016
[simulation] api_step launched worker session=save_slot_6156 pid=35016
[simulation] api_step requested session=save_slot_6157 mode=buyer_seller_negotiation running=False pid=None
[simulation] launching worker module=simulation.step_worker session=save_slot_6157 payload=C:\Users\maxim\Research\simulation\.runtime\save_slots\save_slot_6157\step_payload.json
[simulation] worker launched module=simulation.step_worker session=save_slot_6157 pid=14176
[simulation] api_step launched worker session=save_slot_6157 pid=14176
[simulation] api_step requested session=save_slot_6158 mode=buyer_seller_negotiation running=False pid=None
[simulation] launching worker module=simulation.step_worker session=save_slot_6158 payload=C:\Users\maxim\Research\simulation\.runtime\save_slots\save_slot_6158\step_payload.json
[simulation] worker launched module=simulation.step_worker session=save_slot_6158 pid=16440
[simulation] api_step launched worker session=save_slot_6158 pid=16440
[simulation] api_step requested session=save_slot_6159 mode=buyer_seller_negotiation running=False pid=None
[simulation] launching worker module=simulation.step_worker session=save_slot_6159 payload=C:\Users\maxim\Research\simulation\.runtime\save_slots\save_slot_6159\step_payload.json
[simulation] worker launched module=simulation.step_worker session=save_slot_6159 pid=2892
[simulation] api_step launched worker session=save_slot_6159 pid=2892
[simulation] api_step requested session=save_slot_6160 mode=buyer_seller_negotiation running=False pid=None
[simulation] launching worker module=simulation.step_worker session=save_slot_6160 payload=C:\Users\maxim\Research\simulation\.runtime\save_slots\save_slot_6160\step_payload.json
[simulation] worker launched module=simulation.step_worker session=save_slot_6160 pid=16744
[simulation] api_step launched worker session=save_slot_6160 pid=16744
[simulation] api_step requested session=save_slot_6161 mode=buyer_seller_negotiation running=False pid=None
[simulation] launching worker module=simulation.step_worker session=save_slot_6161 payload=C:\Users\maxim\Research\simulation\.runtime\save_slots\save_slot_6161\step_payload.json
[simulation] worker launched module=simulation.step_worker session=save_slot_6161 pid=21208
[simulation] api_step launched worker session=save_slot_6161 pid=21208
[simulation] api_step requested session=save_slot_6162 mode=buyer_seller_negotiation running=False pid=None
[simulation] launching worker module=simulation.step_worker session=save_slot_6162 payload=C:\Users\maxim\Research\simulation\.runtime\save_slots\save_slot_6162\step_payload.json
[simulation] worker launched module=simulation.step_worker session=save_slot_6162 pid=23664
[simulation] api_step launched worker session=save_slot_6162 pid=23664
[simulation] api_step requested session=save_slot_6163 mode=buyer_seller_negotiation running=False pid=None
[simulation] launching worker module=simulation.step_worker session=save_slot_6163 payload=C:\Users\maxim\Research\simulation\.runtime\save_slots\save_slot_6163\step_payload.json
[simulation] worker launched module=simulation.step_worker session=save_slot_6163 pid=18856
[simulation] api_step launched worker session=save_slot_6163 pid=18856
[simulation] api_step requested session=save_slot_6164 mode=buyer_seller_negotiation running=False pid=None
[simulation] launching worker module=simulation.step_worker session=save_slot_6164 payload=C:\Users\maxim\Research\simulation\.runtime\save_slots\save_slot_6164\step_payload.json
[simulation] worker launched module=simulation.step_worker session=save_slot_6164 pid=29980
[simulation] api_step launched worker session=save_slot_6164 pid=29980
[simulation] api_step requested session=save_slot_6165 mode=buyer_seller_negotiation running=False pid=None
[simulation] launching worker module=simulation.step_worker session=save_slot_6165 payload=C:\Users\maxim\Research\simulation\.runtime\save_slots\save_slot_6165\step_payload.json
[simulation] worker launched module=simulation.step_worker session=save_slot_6165 pid=28636
[simulation] api_step launched worker session=save_slot_6165 pid=28636
[simulation] api_step requested session=save_slot_6166 mode=buyer_seller_negotiation running=False pid=None
[simulation] launching worker module=simulation.step_worker session=save_slot_6166 payload=C:\Users\maxim\Research\simulation\.runtime\save_slots\save_slot_6166\step_payload.json
[simulation] worker launched module=simulation.step_worker session=save_slot_6166 pid=21724
[simulation] api_step launched worker session=save_slot_6166 pid=21724
[simulation] api_step requested session=save_slot_6167 mode=buyer_seller_negotiation running=False pid=None
[simulation] launching worker module=simulation.step_worker session=save_slot_6167 payload=C:\Users\maxim\Research\simulation\.runtime\save_slots\save_slot_6167\step_payload.json
[simulation] worker launched module=simulation.step_worker session=save_slot_6167 pid=29624
[simulation] api_step launched worker session=save_slot_6167 pid=29624
[simulation] api_step requested session=save_slot_6168 mode=buyer_seller_negotiation running=False pid=None
[simulation] launching worker module=simulation.step_worker session=save_slot_6168 payload=C:\Users\maxim\Research\simulation\.runtime\save_slots\save_slot_6168\step_payload.json
[simulation] worker launched module=simulation.step_worker session=save_slot_6168 pid=31516
[simulation] api_step launched worker session=save_slot_6168 pid=31516
[simulation] api_step requested session=save_slot_6169 mode=buyer_seller_negotiation running=False pid=None
[simulation] launching worker module=simulation.step_worker session=save_slot_6169 payload=C:\Users\maxim\Research\simulation\.runtime\save_slots\save_slot_6169\step_payload.json
[simulation] worker launched module=simulation.step_worker session=save_slot_6169 pid=4544
[simulation] api_step launched worker session=save_slot_6169 pid=4544
[simulation] api_step requested session=save_slot_6170 mode=buyer_seller_negotiation running=False pid=None
[simulation] launching worker module=simulation.step_worker session=save_slot_6170 payload=C:\Users\maxim\Research\simulation\.runtime\save_slots\save_slot_6170\step_payload.json
[simulation] worker launched module=simulation.step_worker session=save_slot_6170 pid=25296
[simulation] api_step launched worker session=save_slot_6170 pid=25296
[simulation] api_step requested session=save_slot_6171 mode=buyer_seller_negotiation running=False pid=None
[simulation] launching worker module=simulation.step_worker session=save_slot_6171 payload=C:\Users\maxim\Research\simulation\.runtime\save_slots\save_slot_6171\step_payload.json
[simulation] worker launched module=simulation.step_worker session=save_slot_6171 pid=15656
[simulation] api_step launched worker session=save_slot_6171 pid=15656
[simulation] api_step requested session=save_slot_6172 mode=buyer_seller_negotiation running=False pid=None
[simulation] launching worker module=simulation.step_worker session=save_slot_6172 payload=C:\Users\maxim\Research\simulation\.runtime\save_slots\save_slot_6172\step_payload.json
[simulation] worker launched module=simulation.step_worker session=save_slot_6172 pid=27596
[simulation] api_step launched worker session=save_slot_6172 pid=27596
[simulation] api_step requested session=save_slot_6173 mode=buyer_seller_negotiation running=False pid=None
[simulation] launching worker module=simulation.step_worker session=save_slot_6173 payload=C:\Users\maxim\Research\simulation\.runtime\save_slots\save_slot_6173\step_payload.json
[simulation] worker launched module=simulation.step_worker session=save_slot_6173 pid=4760
[simulation] api_step launched worker session=save_slot_6173 pid=4760
[simulation] api_step requested session=save_slot_6174 mode=buyer_seller_negotiation running=False pid=None
[simulation] launching worker module=simulation.step_worker session=save_slot_6174 payload=C:\Users\maxim\Research\simulation\.runtime\save_slots\save_slot_6174\step_payload.json
[simulation] worker launched module=simulation.step_worker session=save_slot_6174 pid=4476
[simulation] api_step launched worker session=save_slot_6174 pid=4476
[simulation] api_step requested session=save_slot_6175 mode=buyer_seller_negotiation running=False pid=None
[simulation] launching worker module=simulation.step_worker session=save_slot_6175 payload=C:\Users\maxim\Research\simulation\.runtime\save_slots\save_slot_6175\step_payload.json
[simulation] worker launched module=simulation.step_worker session=save_slot_6175 pid=16472
[simulation] api_step launched worker session=save_slot_6175 pid=16472
[simulation] api_step requested session=save_slot_6176 mode=buyer_seller_negotiation running=False pid=None
[simulation] launching worker module=simulation.step_worker session=save_slot_6176 payload=C:\Users\maxim\Research\simulation\.runtime\save_slots\save_slot_6176\step_payload.json
[simulation] worker launched module=simulation.step_worker session=save_slot_6176 pid=25744
[simulation] api_step launched worker session=save_slot_6176 pid=25744
[simulation] api_step requested session=save_slot_6177 mode=buyer_seller_negotiation running=False pid=None
[simulation] launching worker module=simulation.step_worker session=save_slot_6177 payload=C:\Users\maxim\Research\simulation\.runtime\save_slots\save_slot_6177\step_payload.json
[simulation] worker launched module=simulation.step_worker session=save_slot_6177 pid=20624
[simulation] api_step launched worker session=save_slot_6177 pid=20624
[simulation] api_step requested session=save_slot_6178 mode=buyer_seller_negotiation running=False pid=None
[simulation] launching worker module=simulation.step_worker session=save_slot_6178 payload=C:\Users\maxim\Research\simulation\.runtime\save_slots\save_slot_6178\step_payload.json
[simulation] worker launched module=simulation.step_worker session=save_slot_6178 pid=35576
[simulation] api_step launched worker session=save_slot_6178 pid=35576
[simulation] api_step requested session=save_slot_6179 mode=buyer_seller_negotiation running=False pid=None
[simulation] launching worker module=simulation.step_worker session=save_slot_6179 payload=C:\Users\maxim\Research\simulation\.runtime\save_slots\save_slot_6179\step_payload.json
[simulation] worker launched module=simulation.step_worker session=save_slot_6179 pid=8792
[simulation] api_step launched worker session=save_slot_6179 pid=8792
[simulation] api_step requested session=save_slot_6180 mode=buyer_seller_negotiation running=False pid=None
[simulation] launching worker module=simulation.step_worker session=save_slot_6180 payload=C:\Users\maxim\Research\simulation\.runtime\save_slots\save_slot_6180\step_payload.json
[simulation] worker launched module=simulation.step_worker session=save_slot_6180 pid=27848
[simulation] api_step launched worker session=save_slot_6180 pid=27848
[simulation] api_step requested session=save_slot_6181 mode=buyer_seller_negotiation running=False pid=None
[simulation] launching worker module=simulation.step_worker session=save_slot_6181 payload=C:\Users\maxim\Research\simulation\.runtime\save_slots\save_slot_6181\step_payload.json
[simulation] worker launched module=simulation.step_worker session=save_slot_6181 pid=28532
[simulation] api_step launched worker session=save_slot_6181 pid=28532
[simulation] api_step requested session=save_slot_6182 mode=buyer_seller_negotiation running=False pid=None
[simulation] launching worker module=simulation.step_worker session=save_slot_6182 payload=C:\Users\maxim\Research\simulation\.runtime\save_slots\save_slot_6182\step_payload.json
[simulation] worker launched module=simulation.step_worker session=save_slot_6182 pid=29108
[simulation] api_step launched worker session=save_slot_6182 pid=29108
[simulation] api_step requested session=save_slot_6183 mode=buyer_seller_negotiation running=False pid=None
[simulation] launching worker module=simulation.step_worker session=save_slot_6183 payload=C:\Users\maxim\Research\simulation\.runtime\save_slots\save_slot_6183\step_payload.json
[simulation] worker launched module=simulation.step_worker session=save_slot_6183 pid=28544
[simulation] api_step launched worker session=save_slot_6183 pid=28544
[simulation] api_step requested session=save_slot_6184 mode=buyer_seller_negotiation running=False pid=None
[simulation] launching worker module=simulation.step_worker session=save_slot_6184 payload=C:\Users\maxim\Research\simulation\.runtime\save_slots\save_slot_6184\step_payload.json
[simulation] worker launched module=simulation.step_worker session=save_slot_6184 pid=26056
[simulation] api_step launched worker session=save_slot_6184 pid=26056
[simulation] api_step requested session=save_slot_6185 mode=buyer_seller_negotiation running=False pid=None
[simulation] launching worker module=simulation.step_worker session=save_slot_6185 payload=C:\Users\maxim\Research\simulation\.runtime\save_slots\save_slot_6185\step_payload.json
[simulation] worker launched module=simulation.step_worker session=save_slot_6185 pid=11384
[simulation] api_step launched worker session=save_slot_6185 pid=11384
[simulation] api_step requested session=save_slot_6186 mode=buyer_seller_negotiation running=False pid=None
[simulation] launching worker module=simulation.step_worker session=save_slot_6186 payload=C:\Users\maxim\Research\simulation\.runtime\save_slots\save_slot_6186\step_payload.json
[simulation] worker launched module=simulation.step_worker session=save_slot_6186 pid=19612
[simulation] api_step launched worker session=save_slot_6186 pid=19612
[simulation] api_step requested session=save_slot_6187 mode=buyer_seller_negotiation running=False pid=None
[simulation] launching worker module=simulation.step_worker session=save_slot_6187 payload=C:\Users\maxim\Research\simulation\.runtime\save_slots\save_slot_6187\step_payload.json
[simulation] worker launched module=simulation.step_worker session=save_slot_6187 pid=32696
[simulation] api_step launched worker session=save_slot_6187 pid=32696
[simulation] api_step requested session=save_slot_6188 mode=buyer_seller_negotiation running=False pid=None
[simulation] launching worker module=simulation.step_worker session=save_slot_6188 payload=C:\Users\maxim\Research\simulation\.runtime\save_slots\save_slot_6188\step_payload.json
[simulation] worker launched module=simulation.step_worker session=save_slot_6188 pid=16044
[simulation] api_step launched worker session=save_slot_6188 pid=16044
[simulation] api_step requested session=save_slot_6189 mode=buyer_seller_negotiation running=False pid=None
[simulation] launching worker module=simulation.step_worker session=save_slot_6189 payload=C:\Users\maxim\Research\simulation\.runtime\save_slots\save_slot_6189\step_payload.json
[simulation] worker launched module=simulation.step_worker session=save_slot_6189 pid=29828
[simulation] api_step launched worker session=save_slot_6189 pid=29828
[simulation] api_step requested session=save_slot_6190 mode=buyer_seller_negotiation running=False pid=None
[simulation] launching worker module=simulation.step_worker session=save_slot_6190 payload=C:\Users\maxim\Research\simulation\.runtime\save_slots\save_slot_6190\step_payload.json
[simulation] worker launched module=simulation.step_worker session=save_slot_6190 pid=27936
[simulation] api_step launched worker session=save_slot_6190 pid=27936
[simulation] api_step requested session=save_slot_6191 mode=buyer_seller_negotiation running=False pid=None
[simulation] launching worker module=simulation.step_worker session=save_slot_6191 payload=C:\Users\maxim\Research\simulation\.runtime\save_slots\save_slot_6191\step_payload.json
[simulation] worker launched module=simulation.step_worker session=save_slot_6191 pid=25228
[simulation] api_step launched worker session=save_slot_6191 pid=25228
[simulation] api_step requested session=save_slot_6192 mode=buyer_seller_negotiation running=False pid=None
[simulation] launching worker module=simulation.step_worker session=save_slot_6192 payload=C:\Users\maxim\Research\simulation\.runtime\save_slots\save_slot_6192\step_payload.json
[simulation] worker launched module=simulation.step_worker session=save_slot_6192 pid=22020
[simulation] api_step launched worker session=save_slot_6192 pid=22020
[simulation] api_step requested session=save_slot_6193 mode=buyer_seller_negotiation running=False pid=None
[simulation] launching worker module=simulation.step_worker session=save_slot_6193 payload=C:\Users\maxim\Research\simulation\.runtime\save_slots\save_slot_6193\step_payload.json
[simulation] worker launched module=simulation.step_worker session=save_slot_6193 pid=28972
[simulation] api_step launched worker session=save_slot_6193 pid=28972
[simulation] api_step requested session=save_slot_6194 mode=buyer_seller_negotiation running=False pid=None
[simulation] launching worker module=simulation.step_worker session=save_slot_6194 payload=C:\Users\maxim\Research\simulation\.runtime\save_slots\save_slot_6194\step_payload.json
[simulation] worker launched module=simulation.step_worker session=save_slot_6194 pid=11528
[simulation] api_step launched worker session=save_slot_6194 pid=11528
[simulation] api_step requested session=save_slot_6195 mode=buyer_seller_negotiation running=False pid=None
[simulation] launching worker module=simulation.step_worker session=save_slot_6195 payload=C:\Users\maxim\Research\simulation\.runtime\save_slots\save_slot_6195\step_payload.json
[simulation] worker launched module=simulation.step_worker session=save_slot_6195 pid=36380
[simulation] api_step launched worker session=save_slot_6195 pid=36380
[simulation] api_step requested session=save_slot_6196 mode=buyer_seller_negotiation running=False pid=None
[simulation] launching worker module=simulation.step_worker session=save_slot_6196 payload=C:\Users\maxim\Research\simulation\.runtime\save_slots\save_slot_6196\step_payload.json
[simulation] worker launched module=simulation.step_worker session=save_slot_6196 pid=11492
[simulation] api_step launched worker session=save_slot_6196 pid=11492
[simulation] api_step requested session=save_slot_6197 mode=buyer_seller_negotiation running=False pid=None
[simulation] launching worker module=simulation.step_worker session=save_slot_6197 payload=C:\Users\maxim\Research\simulation\.runtime\save_slots\save_slot_6197\step_payload.json
[simulation] worker launched module=simulation.step_worker session=save_slot_6197 pid=17024
[simulation] api_step launched worker session=save_slot_6197 pid=17024
[simulation] api_step requested session=save_slot_6198 mode=buyer_seller_negotiation running=False pid=None
[simulation] launching worker module=simulation.step_worker session=save_slot_6198 payload=C:\Users\maxim\Research\simulation\.runtime\save_slots\save_slot_6198\step_payload.json
[simulation] worker launched module=simulation.step_worker session=save_slot_6198 pid=9984
[simulation] api_step launched worker session=save_slot_6198 pid=9984
[simulation] api_step requested session=save_slot_6199 mode=buyer_seller_negotiation running=False pid=None
[simulation] launching worker module=simulation.step_worker session=save_slot_6199 payload=C:\Users\maxim\Research\simulation\.runtime\save_slots\save_slot_6199\step_payload.json
[simulation] worker launched module=simulation.step_worker session=save_slot_6199 pid=35056
[simulation] api_step launched worker session=save_slot_6199 pid=35056
[simulation] api_step requested session=save_slot_6200 mode=buyer_seller_negotiation running=False pid=None
[simulation] launching worker module=simulation.step_worker session=save_slot_6200 payload=C:\Users\maxim\Research\simulation\.runtime\save_slots\save_slot_6200\step_payload.json
[simulation] worker launched module=simulation.step_worker session=save_slot_6200 pid=16164
[simulation] api_step launched worker session=save_slot_6200 pid=16164
[simulation] api_step requested session=save_slot_6201 mode=buyer_seller_negotiation running=False pid=None
[simulation] launching worker module=simulation.step_worker session=save_slot_6201 payload=C:\Users\maxim\Research\simulation\.runtime\save_slots\save_slot_6201\step_payload.json
[simulation] worker launched module=simulation.step_worker session=save_slot_6201 pid=22052
[simulation] api_step launched worker session=save_slot_6201 pid=22052
[simulation] api_step requested session=save_slot_6202 mode=buyer_seller_negotiation running=False pid=None
[simulation] launching worker module=simulation.step_worker session=save_slot_6202 payload=C:\Users\maxim\Research\simulation\.runtime\save_slots\save_slot_6202\step_payload.json
[simulation] worker launched module=simulation.step_worker session=save_slot_6202 pid=32828
[simulation] api_step launched worker session=save_slot_6202 pid=32828
[simulation] api_step requested session=save_slot_6203 mode=buyer_seller_negotiation running=False pid=None
[simulation] launching worker module=simulation.step_worker session=save_slot_6203 payload=C:\Users\maxim\Research\simulation\.runtime\save_slots\save_slot_6203\step_payload.json
[simulation] worker launched module=simulation.step_worker session=save_slot_6203 pid=9196
[simulation] api_step launched worker session=save_slot_6203 pid=9196
[simulation] api_step requested session=save_slot_6204 mode=buyer_seller_negotiation running=False pid=None
[simulation] launching worker module=simulation.step_worker session=save_slot_6204 payload=C:\Users\maxim\Research\simulation\.runtime\save_slots\save_slot_6204\step_payload.json
[simulation] worker launched module=simulation.step_worker session=save_slot_6204 pid=10524
[simulation] api_step launched worker session=save_slot_6204 pid=10524
[simulation] api_step requested session=save_slot_6205 mode=buyer_seller_negotiation running=False pid=None
[simulation] launching worker module=simulation.step_worker session=save_slot_6205 payload=C:\Users\maxim\Research\simulation\.runtime\save_slots\save_slot_6205\step_payload.json
[simulation] worker launched module=simulation.step_worker session=save_slot_6205 pid=7980
[simulation] api_step launched worker session=save_slot_6205 pid=7980
[simulation] api_step requested session=save_slot_6206 mode=buyer_seller_negotiation running=False pid=None
[simulation] launching worker module=simulation.step_worker session=save_slot_6206 payload=C:\Users\maxim\Research\simulation\.runtime\save_slots\save_slot_6206\step_payload.json
[simulation] worker launched module=simulation.step_worker session=save_slot_6206 pid=33120
[simulation] api_step launched worker session=save_slot_6206 pid=33120
[simulation] api_step requested session=save_slot_6207 mode=buyer_seller_negotiation running=False pid=None
[simulation] launching worker module=simulation.step_worker session=save_slot_6207 payload=C:\Users\maxim\Research\simulation\.runtime\save_slots\save_slot_6207\step_payload.json
[simulation] worker launched module=simulation.step_worker session=save_slot_6207 pid=26104
[simulation] api_step launched worker session=save_slot_6207 pid=26104
[simulation] api_step requested session=save_slot_6208 mode=buyer_seller_negotiation running=False pid=None
[simulation] launching worker module=simulation.step_worker session=save_slot_6208 payload=C:\Users\maxim\Research\simulation\.runtime\save_slots\save_slot_6208\step_payload.json
[simulation] worker launched module=simulation.step_worker session=save_slot_6208 pid=18776
[simulation] api_step launched worker session=save_slot_6208 pid=18776
[simulation] api_step requested session=save_slot_6209 mode=buyer_seller_negotiation running=False pid=None
[simulation] launching worker module=simulation.step_worker session=save_slot_6209 payload=C:\Users\maxim\Research\simulation\.runtime\save_slots\save_slot_6209\step_payload.json
[simulation] worker launched module=simulation.step_worker session=save_slot_6209 pid=32348
[simulation] api_step launched worker session=save_slot_6209 pid=32348
[simulation] api_step requested session=save_slot_6210 mode=buyer_seller_negotiation running=False pid=None
[simulation] launching worker module=simulation.step_worker session=save_slot_6210 payload=C:\Users\maxim\Research\simulation\.runtime\save_slots\save_slot_6210\step_payload.json
[simulation] worker launched module=simulation.step_worker session=save_slot_6210 pid=31940
[simulation] api_step launched worker session=save_slot_6210 pid=31940
[simulation] api_step requested session=save_slot_6211 mode=buyer_seller_negotiation running=False pid=None
[simulation] launching worker module=simulation.step_worker session=save_slot_6211 payload=C:\Users\maxim\Research\simulation\.runtime\save_slots\save_slot_6211\step_payload.json
[simulation] worker launched module=simulation.step_worker session=save_slot_6211 pid=17456
[simulation] api_step launched worker session=save_slot_6211 pid=17456
[simulation] api_step requested session=save_slot_6212 mode=buyer_seller_negotiation running=False pid=None
[simulation] launching worker module=simulation.step_worker session=save_slot_6212 payload=C:\Users\maxim\Research\simulation\.runtime\save_slots\save_slot_6212\step_payload.json
[simulation] worker launched module=simulation.step_worker session=save_slot_6212 pid=28392
[simulation] api_step launched worker session=save_slot_6212 pid=28392
[simulation] api_step requested session=save_slot_6213 mode=buyer_seller_negotiation running=False pid=None
[simulation] launching worker module=simulation.step_worker session=save_slot_6213 payload=C:\Users\maxim\Research\simulation\.runtime\save_slots\save_slot_6213\step_payload.json
[simulation] worker launched module=simulation.step_worker session=save_slot_6213 pid=19252
[simulation] api_step launched worker session=save_slot_6213 pid=19252
[simulation] api_step requested session=save_slot_6214 mode=buyer_seller_negotiation running=False pid=None
[simulation] launching worker module=simulation.step_worker session=save_slot_6214 payload=C:\Users\maxim\Research\simulation\.runtime\save_slots\save_slot_6214\step_payload.json
[simulation] worker launched module=simulation.step_worker session=save_slot_6214 pid=24056
[simulation] api_step launched worker session=save_slot_6214 pid=24056
[simulation] api_step requested session=save_slot_6215 mode=buyer_seller_negotiation running=False pid=None
[simulation] launching worker module=simulation.step_worker session=save_slot_6215 payload=C:\Users\maxim\Research\simulation\.runtime\save_slots\save_slot_6215\step_payload.json
[simulation] worker launched module=simulation.step_worker session=save_slot_6215 pid=10828
[simulation] api_step launched worker session=save_slot_6215 pid=10828
[simulation] api_step requested session=save_slot_6216 mode=buyer_seller_negotiation running=False pid=None
[simulation] launching worker module=simulation.step_worker session=save_slot_6216 payload=C:\Users\maxim\Research\simulation\.runtime\save_slots\save_slot_6216\step_payload.json
[simulation] worker launched module=simulation.step_worker session=save_slot_6216 pid=32112
[simulation] api_step launched worker session=save_slot_6216 pid=32112
[simulation] api_step requested session=save_slot_6217 mode=buyer_seller_negotiation running=False pid=None
[simulation] launching worker module=simulation.step_worker session=save_slot_6217 payload=C:\Users\maxim\Research\simulation\.runtime\save_slots\save_slot_6217\step_payload.json
[simulation] worker launched module=simulation.step_worker session=save_slot_6217 pid=25860
[simulation] api_step launched worker session=save_slot_6217 pid=25860
[simulation] api_step requested session=save_slot_6218 mode=buyer_seller_negotiation running=False pid=None
[simulation] launching worker module=simulation.step_worker session=save_slot_6218 payload=C:\Users\maxim\Research\simulation\.runtime\save_slots\save_slot_6218\step_payload.json
[simulation] worker launched module=simulation.step_worker session=save_slot_6218 pid=23276
[simulation] api_step launched worker session=save_slot_6218 pid=23276
[simulation] api_step requested session=save_slot_6219 mode=buyer_seller_negotiation running=False pid=None
[simulation] launching worker module=simulation.step_worker session=save_slot_6219 payload=C:\Users\maxim\Research\simulation\.runtime\save_slots\save_slot_6219\step_payload.json
[simulation] worker launched module=simulation.step_worker session=save_slot_6219 pid=16492
[simulation] api_step launched worker session=save_slot_6219 pid=16492
[simulation] api_step requested session=save_slot_6220 mode=buyer_seller_negotiation running=False pid=None
[simulation] launching worker module=simulation.step_worker session=save_slot_6220 payload=C:\Users\maxim\Research\simulation\.runtime\save_slots\save_slot_6220\step_payload.json
[simulation] worker launched module=simulation.step_worker session=save_slot_6220 pid=27104
[simulation] api_step launched worker session=save_slot_6220 pid=27104
[simulation] api_step requested session=save_slot_6221 mode=buyer_seller_negotiation running=False pid=None
[simulation] launching worker module=simulation.step_worker session=save_slot_6221 payload=C:\Users\maxim\Research\simulation\.runtime\save_slots\save_slot_6221\step_payload.json
[simulation] worker launched module=simulation.step_worker session=save_slot_6221 pid=23784
[simulation] api_step launched worker session=save_slot_6221 pid=23784
[simulation] api_step requested session=save_slot_6222 mode=buyer_seller_negotiation running=False pid=None
[simulation] launching worker module=simulation.step_worker session=save_slot_6222 payload=C:\Users\maxim\Research\simulation\.runtime\save_slots\save_slot_6222\step_payload.json
[simulation] worker launched module=simulation.step_worker session=save_slot_6222 pid=3436
[simulation] api_step launched worker session=save_slot_6222 pid=3436
[simulation] api_step requested session=save_slot_6223 mode=buyer_seller_negotiation running=False pid=None
[simulation] launching worker module=simulation.step_worker session=save_slot_6223 payload=C:\Users\maxim\Research\simulation\.runtime\save_slots\save_slot_6223\step_payload.json
[simulation] worker launched module=simulation.step_worker session=save_slot_6223 pid=25104
[simulation] api_step launched worker session=save_slot_6223 pid=25104
[simulation] api_step requested session=save_slot_6224 mode=buyer_seller_negotiation running=False pid=None
[simulation] launching worker module=simulation.step_worker session=save_slot_6224 payload=C:\Users\maxim\Research\simulation\.runtime\save_slots\save_slot_6224\step_payload.json
[simulation] worker launched module=simulation.step_worker session=save_slot_6224 pid=21664
[simulation] api_step launched worker session=save_slot_6224 pid=21664
[simulation] api_step requested session=save_slot_6225 mode=buyer_seller_negotiation running=False pid=None
[simulation] launching worker module=simulation.step_worker session=save_slot_6225 payload=C:\Users\maxim\Research\simulation\.runtime\save_slots\save_slot_6225\step_payload.json
[simulation] worker launched module=simulation.step_worker session=save_slot_6225 pid=3972
[simulation] api_step launched worker session=save_slot_6225 pid=3972
[simulation] api_step requested session=save_slot_6226 mode=buyer_seller_negotiation running=False pid=None
[simulation] launching worker module=simulation.step_worker session=save_slot_6226 payload=C:\Users\maxim\Research\simulation\.runtime\save_slots\save_slot_6226\step_payload.json
[simulation] worker launched module=simulation.step_worker session=save_slot_6226 pid=10604
[simulation] api_step launched worker session=save_slot_6226 pid=10604
[simulation] api_step requested session=save_slot_6227 mode=buyer_seller_negotiation running=False pid=None
[simulation] launching worker module=simulation.step_worker session=save_slot_6227 payload=C:\Users\maxim\Research\simulation\.runtime\save_slots\save_slot_6227\step_payload.json
[simulation] worker launched module=simulation.step_worker session=save_slot_6227 pid=27936
[simulation] api_step launched worker session=save_slot_6227 pid=27936
[simulation] api_step requested session=save_slot_6228 mode=buyer_seller_negotiation running=False pid=None
[simulation] launching worker module=simulation.step_worker session=save_slot_6228 payload=C:\Users\maxim\Research\simulation\.runtime\save_slots\save_slot_6228\step_payload.json
[simulation] worker launched module=simulation.step_worker session=save_slot_6228 pid=32552
[simulation] api_step launched worker session=save_slot_6228 pid=32552
[simulation] api_step requested session=save_slot_6229 mode=buyer_seller_negotiation running=False pid=None
[simulation] launching worker module=simulation.step_worker session=save_slot_6229 payload=C:\Users\maxim\Research\simulation\.runtime\save_slots\save_slot_6229\step_payload.json
[simulation] worker launched module=simulation.step_worker session=save_slot_6229 pid=22796
[simulation] api_step launched worker session=save_slot_6229 pid=22796
[simulation] api_step requested session=save_slot_6230 mode=buyer_seller_negotiation running=False pid=None
[simulation] launching worker module=simulation.step_worker session=save_slot_6230 payload=C:\Users\maxim\Research\simulation\.runtime\save_slots\save_slot_6230\step_payload.json
[simulation] worker launched module=simulation.step_worker session=save_slot_6230 pid=27776
[simulation] api_step launched worker session=save_slot_6230 pid=27776
[simulation] api_step requested session=save_slot_6231 mode=buyer_seller_negotiation running=False pid=None
[simulation] launching worker module=simulation.step_worker session=save_slot_6231 payload=C:\Users\maxim\Research\simulation\.runtime\save_slots\save_slot_6231\step_payload.json
[simulation] worker launched module=simulation.step_worker session=save_slot_6231 pid=22232
[simulation] api_step launched worker session=save_slot_6231 pid=22232
[simulation] api_step requested session=save_slot_6232 mode=buyer_seller_negotiation running=False pid=None
[simulation] launching worker module=simulation.step_worker session=save_slot_6232 payload=C:\Users\maxim\Research\simulation\.runtime\save_slots\save_slot_6232\step_payload.json
[simulation] worker launched module=simulation.step_worker session=save_slot_6232 pid=36284
[simulation] api_step launched worker session=save_slot_6232 pid=36284
[simulation] api_step requested session=save_slot_6233 mode=buyer_seller_negotiation running=False pid=None
[simulation] launching worker module=simulation.step_worker session=save_slot_6233 payload=C:\Users\maxim\Research\simulation\.runtime\save_slots\save_slot_6233\step_payload.json
[simulation] worker launched module=simulation.step_worker session=save_slot_6233 pid=6896
[simulation] api_step launched worker session=save_slot_6233 pid=6896
[simulation] api_step requested session=save_slot_6234 mode=buyer_seller_negotiation running=False pid=None
[simulation] launching worker module=simulation.step_worker session=save_slot_6234 payload=C:\Users\maxim\Research\simulation\.runtime\save_slots\save_slot_6234\step_payload.json
[simulation] worker launched module=simulation.step_worker session=save_slot_6234 pid=2332
[simulation] api_step launched worker session=save_slot_6234 pid=2332
[simulation] api_step requested session=save_slot_6235 mode=buyer_seller_negotiation running=False pid=None
[simulation] launching worker module=simulation.step_worker session=save_slot_6235 payload=C:\Users\maxim\Research\simulation\.runtime\save_slots\save_slot_6235\step_payload.json
[simulation] worker launched module=simulation.step_worker session=save_slot_6235 pid=26588
[simulation] api_step launched worker session=save_slot_6235 pid=26588
[simulation] api_step requested session=save_slot_6236 mode=buyer_seller_negotiation running=False pid=None
[simulation] launching worker module=simulation.step_worker session=save_slot_6236 payload=C:\Users\maxim\Research\simulation\.runtime\save_slots\save_slot_6236\step_payload.json
[simulation] worker launched module=simulation.step_worker session=save_slot_6236 pid=16484
[simulation] api_step launched worker session=save_slot_6236 pid=16484
[simulation] api_step requested session=save_slot_6237 mode=buyer_seller_negotiation running=False pid=None
[simulation] launching worker module=simulation.step_worker session=save_slot_6237 payload=C:\Users\maxim\Research\simulation\.runtime\save_slots\save_slot_6237\step_payload.json
[simulation] worker launched module=simulation.step_worker session=save_slot_6237 pid=29136
[simulation] api_step launched worker session=save_slot_6237 pid=29136
[simulation] api_step requested session=save_slot_6238 mode=buyer_seller_negotiation running=False pid=None
[simulation] launching worker module=simulation.step_worker session=save_slot_6238 payload=C:\Users\maxim\Research\simulation\.runtime\save_slots\save_slot_6238\step_payload.json
[simulation] worker launched module=simulation.step_worker session=save_slot_6238 pid=15440
[simulation] api_step launched worker session=save_slot_6238 pid=15440
[simulation] api_step requested session=save_slot_6239 mode=buyer_seller_negotiation running=False pid=None
[simulation] launching worker module=simulation.step_worker session=save_slot_6239 payload=C:\Users\maxim\Research\simulation\.runtime\save_slots\save_slot_6239\step_payload.json
[simulation] worker launched module=simulation.step_worker session=save_slot_6239 pid=24012
[simulation] api_step launched worker session=save_slot_6239 pid=24012
[simulation] api_step requested session=save_slot_6240 mode=buyer_seller_negotiation running=False pid=None
[simulation] launching worker module=simulation.step_worker session=save_slot_6240 payload=C:\Users\maxim\Research\simulation\.runtime\save_slots\save_slot_6240\step_payload.json
[simulation] worker launched module=simulation.step_worker session=save_slot_6240 pid=11592
[simulation] api_step launched worker session=save_slot_6240 pid=11592
[simulation] api_step requested session=save_slot_6241 mode=buyer_seller_negotiation running=False pid=None
[simulation] launching worker module=simulation.step_worker session=save_slot_6241 payload=C:\Users\maxim\Research\simulation\.runtime\save_slots\save_slot_6241\step_payload.json
[simulation] worker launched module=simulation.step_worker session=save_slot_6241 pid=1660
[simulation] api_step launched worker session=save_slot_6241 pid=1660
[simulation] api_step requested session=save_slot_6242 mode=buyer_seller_negotiation running=False pid=None
[simulation] launching worker module=simulation.step_worker session=save_slot_6242 payload=C:\Users\maxim\Research\simulation\.runtime\save_slots\save_slot_6242\step_payload.json
[simulation] worker launched module=simulation.step_worker session=save_slot_6242 pid=23500
[simulation] api_step launched worker session=save_slot_6242 pid=23500
[simulation] api_step requested session=save_slot_6243 mode=buyer_seller_negotiation running=False pid=None
[simulation] launching worker module=simulation.step_worker session=save_slot_6243 payload=C:\Users\maxim\Research\simulation\.runtime\save_slots\save_slot_6243\step_payload.json
[simulation] worker launched module=simulation.step_worker session=save_slot_6243 pid=29508
[simulation] api_step launched worker session=save_slot_6243 pid=29508
[simulation] api_step requested session=save_slot_6244 mode=buyer_seller_negotiation running=False pid=None
[simulation] launching worker module=simulation.step_worker session=save_slot_6244 payload=C:\Users\maxim\Research\simulation\.runtime\save_slots\save_slot_6244\step_payload.json
[simulation] worker launched module=simulation.step_worker session=save_slot_6244 pid=7336
[simulation] api_step launched worker session=save_slot_6244 pid=7336
[simulation] api_step requested session=save_slot_6245 mode=buyer_seller_negotiation running=False pid=None
[simulation] launching worker module=simulation.step_worker session=save_slot_6245 payload=C:\Users\maxim\Research\simulation\.runtime\save_slots\save_slot_6245\step_payload.json
[simulation] worker launched module=simulation.step_worker session=save_slot_6245 pid=24276
[simulation] api_step launched worker session=save_slot_6245 pid=24276
[simulation] api_step requested session=save_slot_6246 mode=buyer_seller_negotiation running=False pid=None
[simulation] launching worker module=simulation.step_worker session=save_slot_6246 payload=C:\Users\maxim\Research\simulation\.runtime\save_slots\save_slot_6246\step_payload.json
[simulation] worker launched module=simulation.step_worker session=save_slot_6246 pid=36032
[simulation] api_step launched worker session=save_slot_6246 pid=36032
[simulation] api_step requested session=save_slot_6247 mode=buyer_seller_negotiation running=False pid=None
[simulation] launching worker module=simulation.step_worker session=save_slot_6247 payload=C:\Users\maxim\Research\simulation\.runtime\save_slots\save_slot_6247\step_payload.json
[simulation] worker launched module=simulation.step_worker session=save_slot_6247 pid=35124
[simulation] api_step launched worker session=save_slot_6247 pid=35124
[simulation] api_step requested session=save_slot_6248 mode=buyer_seller_negotiation running=False pid=None
[simulation] launching worker module=simulation.step_worker session=save_slot_6248 payload=C:\Users\maxim\Research\simulation\.runtime\save_slots\save_slot_6248\step_payload.json
[simulation] worker launched module=simulation.step_worker session=save_slot_6248 pid=24760
[simulation] api_step launched worker session=save_slot_6248 pid=24760
[simulation] api_step requested session=save_slot_6249 mode=buyer_seller_negotiation running=False pid=None
[simulation] launching worker module=simulation.step_worker session=save_slot_6249 payload=C:\Users\maxim\Research\simulation\.runtime\save_slots\save_slot_6249\step_payload.json
[simulation] worker launched module=simulation.step_worker session=save_slot_6249 pid=33796
[simulation] api_step launched worker session=save_slot_6249 pid=33796
[simulation] api_step requested session=save_slot_6250 mode=buyer_seller_negotiation running=False pid=None
[simulation] launching worker module=simulation.step_worker session=save_slot_6250 payload=C:\Users\maxim\Research\simulation\.runtime\save_slots\save_slot_6250\step_payload.json
[simulation] worker launched module=simulation.step_worker session=save_slot_6250 pid=36536
[simulation] api_step launched worker session=save_slot_6250 pid=36536
[simulation] api_step requested session=save_slot_6251 mode=buyer_seller_negotiation running=False pid=None
[simulation] launching worker module=simulation.step_worker session=save_slot_6251 payload=C:\Users\maxim\Research\simulation\.runtime\save_slots\save_slot_6251\step_payload.json
[simulation] worker launched module=simulation.step_worker session=save_slot_6251 pid=36296
[simulation] api_step launched worker session=save_slot_6251 pid=36296
[simulation] api_step requested session=save_slot_6252 mode=buyer_seller_negotiation running=False pid=None
[simulation] launching worker module=simulation.step_worker session=save_slot_6252 payload=C:\Users\maxim\Research\simulation\.runtime\save_slots\save_slot_6252\step_payload.json
[simulation] worker launched module=simulation.step_worker session=save_slot_6252 pid=31688
[simulation] api_step launched worker session=save_slot_6252 pid=31688
[simulation] api_step requested session=save_slot_6253 mode=buyer_seller_negotiation running=False pid=None
[simulation] launching worker module=simulation.step_worker session=save_slot_6253 payload=C:\Users\maxim\Research\simulation\.runtime\save_slots\save_slot_6253\step_payload.json
[simulation] worker launched module=simulation.step_worker session=save_slot_6253 pid=30556
[simulation] api_step launched worker session=save_slot_6253 pid=30556
[simulation] api_step requested session=save_slot_6254 mode=buyer_seller_negotiation running=False pid=None
[simulation] launching worker module=simulation.step_worker session=save_slot_6254 payload=C:\Users\maxim\Research\simulation\.runtime\save_slots\save_slot_6254\step_payload.json
[simulation] worker launched module=simulation.step_worker session=save_slot_6254 pid=25484
[simulation] api_step launched worker session=save_slot_6254 pid=25484
[simulation] api_step requested session=save_slot_6255 mode=buyer_seller_negotiation running=False pid=None
[simulation] launching worker module=simulation.step_worker session=save_slot_6255 payload=C:\Users\maxim\Research\simulation\.runtime\save_slots\save_slot_6255\step_payload.json
[simulation] worker launched module=simulation.step_worker session=save_slot_6255 pid=35476
[simulation] api_step launched worker session=save_slot_6255 pid=35476
[simulation] api_step requested session=save_slot_6256 mode=buyer_seller_negotiation running=False pid=None
[simulation] launching worker module=simulation.step_worker session=save_slot_6256 payload=C:\Users\maxim\Research\simulation\.runtime\save_slots\save_slot_6256\step_payload.json
[simulation] worker launched module=simulation.step_worker session=save_slot_6256 pid=18168
[simulation] api_step launched worker session=save_slot_6256 pid=18168
[simulation] api_step requested session=save_slot_6257 mode=buyer_seller_negotiation running=False pid=None
[simulation] launching worker module=simulation.step_worker session=save_slot_6257 payload=C:\Users\maxim\Research\simulation\.runtime\save_slots\save_slot_6257\step_payload.json
[simulation] worker launched module=simulation.step_worker session=save_slot_6257 pid=25660
[simulation] api_step launched worker session=save_slot_6257 pid=25660
[simulation] api_step requested session=save_slot_6258 mode=buyer_seller_negotiation running=False pid=None
[simulation] launching worker module=simulation.step_worker session=save_slot_6258 payload=C:\Users\maxim\Research\simulation\.runtime\save_slots\save_slot_6258\step_payload.json
[simulation] worker launched module=simulation.step_worker session=save_slot_6258 pid=9940
[simulation] api_step launched worker session=save_slot_6258 pid=9940
[simulation] api_step requested session=save_slot_6259 mode=buyer_seller_negotiation running=False pid=None
[simulation] launching worker module=simulation.step_worker session=save_slot_6259 payload=C:\Users\maxim\Research\simulation\.runtime\save_slots\save_slot_6259\step_payload.json
[simulation] worker launched module=simulation.step_worker session=save_slot_6259 pid=17236
[simulation] api_step launched worker session=save_slot_6259 pid=17236
[simulation] api_step requested session=save_slot_6260 mode=buyer_seller_negotiation running=False pid=None
[simulation] launching worker module=simulation.step_worker session=save_slot_6260 payload=C:\Users\maxim\Research\simulation\.runtime\save_slots\save_slot_6260\step_payload.json
[simulation] worker launched module=simulation.step_worker session=save_slot_6260 pid=20056
[simulation] api_step launched worker session=save_slot_6260 pid=20056
[simulation] api_step requested session=save_slot_6261 mode=buyer_seller_negotiation running=False pid=None
[simulation] launching worker module=simulation.step_worker session=save_slot_6261 payload=C:\Users\maxim\Research\simulation\.runtime\save_slots\save_slot_6261\step_payload.json
[simulation] worker launched module=simulation.step_worker session=save_slot_6261 pid=9652
[simulation] api_step launched worker session=save_slot_6261 pid=9652
[simulation] api_step requested session=save_slot_6262 mode=buyer_seller_negotiation running=False pid=None
[simulation] launching worker module=simulation.step_worker session=save_slot_6262 payload=C:\Users\maxim\Research\simulation\.runtime\save_slots\save_slot_6262\step_payload.json
[simulation] worker launched module=simulation.step_worker session=save_slot_6262 pid=32024
[simulation] api_step launched worker session=save_slot_6262 pid=32024
[simulation] api_step requested session=save_slot_6263 mode=buyer_seller_negotiation running=False pid=None
[simulation] launching worker module=simulation.step_worker session=save_slot_6263 payload=C:\Users\maxim\Research\simulation\.runtime\save_slots\save_slot_6263\step_payload.json
[simulation] worker launched module=simulation.step_worker session=save_slot_6263 pid=25116
[simulation] api_step launched worker session=save_slot_6263 pid=25116
[simulation] api_step requested session=save_slot_6264 mode=buyer_seller_negotiation running=False pid=None
[simulation] launching worker module=simulation.step_worker session=save_slot_6264 payload=C:\Users\maxim\Research\simulation\.runtime\save_slots\save_slot_6264\step_payload.json
[simulation] worker launched module=simulation.step_worker session=save_slot_6264 pid=11040
[simulation] api_step launched worker session=save_slot_6264 pid=11040
[simulation] api_step requested session=save_slot_6265 mode=buyer_seller_negotiation running=False pid=None
[simulation] launching worker module=simulation.step_worker session=save_slot_6265 payload=C:\Users\maxim\Research\simulation\.runtime\save_slots\save_slot_6265\step_payload.json
[simulation] worker launched module=simulation.step_worker session=save_slot_6265 pid=23532
[simulation] api_step launched worker session=save_slot_6265 pid=23532
[simulation] api_step requested session=save_slot_6266 mode=buyer_seller_negotiation running=False pid=None
[simulation] launching worker module=simulation.step_worker session=save_slot_6266 payload=C:\Users\maxim\Research\simulation\.runtime\save_slots\save_slot_6266\step_payload.json
[simulation] worker launched module=simulation.step_worker session=save_slot_6266 pid=31648
[simulation] api_step launched worker session=save_slot_6266 pid=31648
[simulation] api_step requested session=save_slot_6267 mode=buyer_seller_negotiation running=False pid=None
[simulation] launching worker module=simulation.step_worker session=save_slot_6267 payload=C:\Users\maxim\Research\simulation\.runtime\save_slots\save_slot_6267\step_payload.json
[simulation] worker launched module=simulation.step_worker session=save_slot_6267 pid=1376
[simulation] api_step launched worker session=save_slot_6267 pid=1376
[simulation] api_step requested session=save_slot_6268 mode=buyer_seller_negotiation running=False pid=None
[simulation] launching worker module=simulation.step_worker session=save_slot_6268 payload=C:\Users\maxim\Research\simulation\.runtime\save_slots\save_slot_6268\step_payload.json
[simulation] worker launched module=simulation.step_worker session=save_slot_6268 pid=31944
[simulation] api_step launched worker session=save_slot_6268 pid=31944
[simulation] api_step requested session=save_slot_6269 mode=buyer_seller_negotiation running=False pid=None
[simulation] launching worker module=simulation.step_worker session=save_slot_6269 payload=C:\Users\maxim\Research\simulation\.runtime\save_slots\save_slot_6269\step_payload.json
[simulation] worker launched module=simulation.step_worker session=save_slot_6269 pid=13136
[simulation] api_step launched worker session=save_slot_6269 pid=13136
[simulation] api_step requested session=save_slot_6270 mode=buyer_seller_negotiation running=False pid=None
[simulation] launching worker module=simulation.step_worker session=save_slot_6270 payload=C:\Users\maxim\Research\simulation\.runtime\save_slots\save_slot_6270\step_payload.json
[simulation] worker launched module=simulation.step_worker session=save_slot_6270 pid=24844
[simulation] api_step launched worker session=save_slot_6270 pid=24844
[simulation] api_step requested session=save_slot_6271 mode=buyer_seller_negotiation running=False pid=None
[simulation] launching worker module=simulation.step_worker session=save_slot_6271 payload=C:\Users\maxim\Research\simulation\.runtime\save_slots\save_slot_6271\step_payload.json
[simulation] worker launched module=simulation.step_worker session=save_slot_6271 pid=21144
[simulation] api_step launched worker session=save_slot_6271 pid=21144
[simulation] api_step requested session=save_slot_6272 mode=buyer_seller_negotiation running=False pid=None
[simulation] launching worker module=simulation.step_worker session=save_slot_6272 payload=C:\Users\maxim\Research\simulation\.runtime\save_slots\save_slot_6272\step_payload.json
[simulation] worker launched module=simulation.step_worker session=save_slot_6272 pid=22196
[simulation] api_step launched worker session=save_slot_6272 pid=22196
[simulation] api_step requested session=save_slot_6273 mode=buyer_seller_negotiation running=False pid=None
[simulation] launching worker module=simulation.step_worker session=save_slot_6273 payload=C:\Users\maxim\Research\simulation\.runtime\save_slots\save_slot_6273\step_payload.json
[simulation] worker launched module=simulation.step_worker session=save_slot_6273 pid=27808
[simulation] api_step launched worker session=save_slot_6273 pid=27808
[simulation] api_step requested session=save_slot_6274 mode=buyer_seller_negotiation running=False pid=None
[simulation] launching worker module=simulation.step_worker session=save_slot_6274 payload=C:\Users\maxim\Research\simulation\.runtime\save_slots\save_slot_6274\step_payload.json
[simulation] worker launched module=simulation.step_worker session=save_slot_6274 pid=15940
[simulation] api_step launched worker session=save_slot_6274 pid=15940
[simulation] api_step requested session=save_slot_6275 mode=buyer_seller_negotiation running=False pid=None
[simulation] launching worker module=simulation.step_worker session=save_slot_6275 payload=C:\Users\maxim\Research\simulation\.runtime\save_slots\save_slot_6275\step_payload.json
[simulation] worker launched module=simulation.step_worker session=save_slot_6275 pid=1996
[simulation] api_step launched worker session=save_slot_6275 pid=1996
[simulation] api_step requested session=save_slot_6276 mode=buyer_seller_negotiation running=False pid=None
[simulation] launching worker module=simulation.step_worker session=save_slot_6276 payload=C:\Users\maxim\Research\simulation\.runtime\save_slots\save_slot_6276\step_payload.json
[simulation] worker launched module=simulation.step_worker session=save_slot_6276 pid=15092
[simulation] api_step launched worker session=save_slot_6276 pid=15092
[simulation] api_step requested session=save_slot_6277 mode=buyer_seller_negotiation running=False pid=None
[simulation] launching worker module=simulation.step_worker session=save_slot_6277 payload=C:\Users\maxim\Research\simulation\.runtime\save_slots\save_slot_6277\step_payload.json
[simulation] worker launched module=simulation.step_worker session=save_slot_6277 pid=27152
[simulation] api_step launched worker session=save_slot_6277 pid=27152
[simulation] api_step requested session=save_slot_6278 mode=buyer_seller_negotiation running=False pid=None
[simulation] launching worker module=simulation.step_worker session=save_slot_6278 payload=C:\Users\maxim\Research\simulation\.runtime\save_slots\save_slot_6278\step_payload.json
[simulation] worker launched module=simulation.step_worker session=save_slot_6278 pid=12256
[simulation] api_step launched worker session=save_slot_6278 pid=12256
[simulation] api_step requested session=save_slot_6279 mode=buyer_seller_negotiation running=False pid=None
[simulation] launching worker module=simulation.step_worker session=save_slot_6279 payload=C:\Users\maxim\Research\simulation\.runtime\save_slots\save_slot_6279\step_payload.json
[simulation] worker launched module=simulation.step_worker session=save_slot_6279 pid=35180
[simulation] api_step launched worker session=save_slot_6279 pid=35180
[simulation] api_step requested session=save_slot_6280 mode=buyer_seller_negotiation running=False pid=None
[simulation] launching worker module=simulation.step_worker session=save_slot_6280 payload=C:\Users\maxim\Research\simulation\.runtime\save_slots\save_slot_6280\step_payload.json
[simulation] worker launched module=simulation.step_worker session=save_slot_6280 pid=3400
[simulation] api_step launched worker session=save_slot_6280 pid=3400
[simulation] api_step requested session=save_slot_6281 mode=buyer_seller_negotiation running=False pid=None
[simulation] launching worker module=simulation.step_worker session=save_slot_6281 payload=C:\Users\maxim\Research\simulation\.runtime\save_slots\save_slot_6281\step_payload.json
[simulation] worker launched module=simulation.step_worker session=save_slot_6281 pid=10140
[simulation] api_step launched worker session=save_slot_6281 pid=10140
[simulation] api_step requested session=save_slot_6282 mode=buyer_seller_negotiation running=False pid=None
[simulation] launching worker module=simulation.step_worker session=save_slot_6282 payload=C:\Users\maxim\Research\simulation\.runtime\save_slots\save_slot_6282\step_payload.json
[simulation] worker launched module=simulation.step_worker session=save_slot_6282 pid=27908
[simulation] api_step launched worker session=save_slot_6282 pid=27908
[simulation] api_step requested session=save_slot_6283 mode=buyer_seller_negotiation running=False pid=None
[simulation] launching worker module=simulation.step_worker session=save_slot_6283 payload=C:\Users\maxim\Research\simulation\.runtime\save_slots\save_slot_6283\step_payload.json
[simulation] worker launched module=simulation.step_worker session=save_slot_6283 pid=1304
[simulation] api_step launched worker session=save_slot_6283 pid=1304
[simulation] api_step requested session=save_slot_6284 mode=buyer_seller_negotiation running=False pid=None
[simulation] launching worker module=simulation.step_worker session=save_slot_6284 payload=C:\Users\maxim\Research\simulation\.runtime\save_slots\save_slot_6284\step_payload.json
[simulation] worker launched module=simulation.step_worker session=save_slot_6284 pid=35976
[simulation] api_step launched worker session=save_slot_6284 pid=35976
[simulation] api_step requested session=save_slot_6285 mode=buyer_seller_negotiation running=False pid=None
[simulation] launching worker module=simulation.step_worker session=save_slot_6285 payload=C:\Users\maxim\Research\simulation\.runtime\save_slots\save_slot_6285\step_payload.json
[simulation] worker launched module=simulation.step_worker session=save_slot_6285 pid=19032
[simulation] api_step launched worker session=save_slot_6285 pid=19032
[simulation] api_step requested session=save_slot_6286 mode=buyer_seller_negotiation running=False pid=None
[simulation] launching worker module=simulation.step_worker session=save_slot_6286 payload=C:\Users\maxim\Research\simulation\.runtime\save_slots\save_slot_6286\step_payload.json
[simulation] worker launched module=simulation.step_worker session=save_slot_6286 pid=26196
[simulation] api_step launched worker session=save_slot_6286 pid=26196
[simulation] api_step requested session=save_slot_6287 mode=buyer_seller_negotiation running=False pid=None
[simulation] launching worker module=simulation.step_worker session=save_slot_6287 payload=C:\Users\maxim\Research\simulation\.runtime\save_slots\save_slot_6287\step_payload.json
[simulation] worker launched module=simulation.step_worker session=save_slot_6287 pid=35336
[simulation] api_step launched worker session=save_slot_6287 pid=35336
[simulation] api_step requested session=save_slot_6288 mode=buyer_seller_negotiation running=False pid=None
[simulation] launching worker module=simulation.step_worker session=save_slot_6288 payload=C:\Users\maxim\Research\simulation\.runtime\save_slots\save_slot_6288\step_payload.json
[simulation] worker launched module=simulation.step_worker session=save_slot_6288 pid=21244
[simulation] api_step launched worker session=save_slot_6288 pid=21244
[simulation] api_step requested session=save_slot_6289 mode=buyer_seller_negotiation running=False pid=None
[simulation] launching worker module=simulation.step_worker session=save_slot_6289 payload=C:\Users\maxim\Research\simulation\.runtime\save_slots\save_slot_6289\step_payload.json
[simulation] worker launched module=simulation.step_worker session=save_slot_6289 pid=23044
[simulation] api_step launched worker session=save_slot_6289 pid=23044
[simulation] api_step requested session=save_slot_6290 mode=buyer_seller_negotiation running=False pid=None
[simulation] launching worker module=simulation.step_worker session=save_slot_6290 payload=C:\Users\maxim\Research\simulation\.runtime\save_slots\save_slot_6290\step_payload.json
[simulation] worker launched module=simulation.step_worker session=save_slot_6290 pid=3704
[simulation] api_step launched worker session=save_slot_6290 pid=3704
[simulation] api_step requested session=save_slot_6291 mode=buyer_seller_negotiation running=False pid=None
[simulation] launching worker module=simulation.step_worker session=save_slot_6291 payload=C:\Users\maxim\Research\simulation\.runtime\save_slots\save_slot_6291\step_payload.json
[simulation] worker launched module=simulation.step_worker session=save_slot_6291 pid=21260
[simulation] api_step launched worker session=save_slot_6291 pid=21260
[simulation] api_step requested session=save_slot_6292 mode=buyer_seller_negotiation running=False pid=None
[simulation] launching worker module=simulation.step_worker session=save_slot_6292 payload=C:\Users\maxim\Research\simulation\.runtime\save_slots\save_slot_6292\step_payload.json
[simulation] worker launched module=simulation.step_worker session=save_slot_6292 pid=6100
[simulation] api_step launched worker session=save_slot_6292 pid=6100
[simulation] api_step requested session=save_slot_6293 mode=buyer_seller_negotiation running=False pid=None
[simulation] launching worker module=simulation.step_worker session=save_slot_6293 payload=C:\Users\maxim\Research\simulation\.runtime\save_slots\save_slot_6293\step_payload.json
[simulation] worker launched module=simulation.step_worker session=save_slot_6293 pid=4608
[simulation] api_step launched worker session=save_slot_6293 pid=4608
[simulation] api_step requested session=save_slot_6294 mode=buyer_seller_negotiation running=False pid=None
[simulation] launching worker module=simulation.step_worker session=save_slot_6294 payload=C:\Users\maxim\Research\simulation\.runtime\save_slots\save_slot_6294\step_payload.json
[simulation] worker launched module=simulation.step_worker session=save_slot_6294 pid=2320
[simulation] api_step launched worker session=save_slot_6294 pid=2320
[simulation] api_step requested session=save_slot_6295 mode=buyer_seller_negotiation running=False pid=None
[simulation] launching worker module=simulation.step_worker session=save_slot_6295 payload=C:\Users\maxim\Research\simulation\.runtime\save_slots\save_slot_6295\step_payload.json
[simulation] worker launched module=simulation.step_worker session=save_slot_6295 pid=14224
[simulation] api_step launched worker session=save_slot_6295 pid=14224
[simulation] api_step requested session=save_slot_6296 mode=buyer_seller_negotiation running=False pid=None
[simulation] launching worker module=simulation.step_worker session=save_slot_6296 payload=C:\Users\maxim\Research\simulation\.runtime\save_slots\save_slot_6296\step_payload.json
[simulation] worker launched module=simulation.step_worker session=save_slot_6296 pid=28456
[simulation] api_step launched worker session=save_slot_6296 pid=28456
[simulation] api_step requested session=save_slot_6297 mode=buyer_seller_negotiation running=False pid=None
[simulation] launching worker module=simulation.step_worker session=save_slot_6297 payload=C:\Users\maxim\Research\simulation\.runtime\save_slots\save_slot_6297\step_payload.json
[simulation] worker launched module=simulation.step_worker session=save_slot_6297 pid=20252
[simulation] api_step launched worker session=save_slot_6297 pid=20252
[simulation] api_step requested session=save_slot_6298 mode=buyer_seller_negotiation running=False pid=None
[simulation] launching worker module=simulation.step_worker session=save_slot_6298 payload=C:\Users\maxim\Research\simulation\.runtime\save_slots\save_slot_6298\step_payload.json
[simulation] worker launched module=simulation.step_worker session=save_slot_6298 pid=30996
[simulation] api_step launched worker session=save_slot_6298 pid=30996
[simulation] api_step requested session=save_slot_6299 mode=buyer_seller_negotiation running=False pid=None
[simulation] launching worker module=simulation.step_worker session=save_slot_6299 payload=C:\Users\maxim\Research\simulation\.runtime\save_slots\save_slot_6299\step_payload.json
[simulation] worker launched module=simulation.step_worker session=save_slot_6299 pid=21908
[simulation] api_step launched worker session=save_slot_6299 pid=21908
[simulation] api_step requested session=save_slot_6300 mode=buyer_seller_negotiation running=False pid=None
[simulation] launching worker module=simulation.step_worker session=save_slot_6300 payload=C:\Users\maxim\Research\simulation\.runtime\save_slots\save_slot_6300\step_payload.json
[simulation] worker launched module=simulation.step_worker session=save_slot_6300 pid=20192
[simulation] api_step launched worker session=save_slot_6300 pid=20192
[simulation] api_step requested session=save_slot_6301 mode=buyer_seller_negotiation running=False pid=None
[simulation] launching worker module=simulation.step_worker session=save_slot_6301 payload=C:\Users\maxim\Research\simulation\.runtime\save_slots\save_slot_6301\step_payload.json
[simulation] worker launched module=simulation.step_worker session=save_slot_6301 pid=29012
[simulation] api_step launched worker session=save_slot_6301 pid=29012
[simulation] api_step requested session=save_slot_6302 mode=buyer_seller_negotiation running=False pid=None
[simulation] launching worker module=simulation.step_worker session=save_slot_6302 payload=C:\Users\maxim\Research\simulation\.runtime\save_slots\save_slot_6302\step_payload.json
[simulation] worker launched module=simulation.step_worker session=save_slot_6302 pid=22192
[simulation] api_step launched worker session=save_slot_6302 pid=22192
[simulation] api_step requested session=save_slot_6303 mode=buyer_seller_negotiation running=False pid=None
[simulation] launching worker module=simulation.step_worker session=save_slot_6303 payload=C:\Users\maxim\Research\simulation\.runtime\save_slots\save_slot_6303\step_payload.json
[simulation] worker launched module=simulation.step_worker session=save_slot_6303 pid=21596
[simulation] api_step launched worker session=save_slot_6303 pid=21596
[simulation] api_step requested session=save_slot_6304 mode=buyer_seller_negotiation running=False pid=None
[simulation] launching worker module=simulation.step_worker session=save_slot_6304 payload=C:\Users\maxim\Research\simulation\.runtime\save_slots\save_slot_6304\step_payload.json
[simulation] worker launched module=simulation.step_worker session=save_slot_6304 pid=31956
[simulation] api_step launched worker session=save_slot_6304 pid=31956
[simulation] api_step requested session=save_slot_6305 mode=buyer_seller_negotiation running=False pid=None
[simulation] launching worker module=simulation.step_worker session=save_slot_6305 payload=C:\Users\maxim\Research\simulation\.runtime\save_slots\save_slot_6305\step_payload.json
[simulation] worker launched module=simulation.step_worker session=save_slot_6305 pid=35768
[simulation] api_step launched worker session=save_slot_6305 pid=35768
[simulation] api_step requested session=save_slot_6306 mode=buyer_seller_negotiation running=False pid=None
[simulation] launching worker module=simulation.step_worker session=save_slot_6306 payload=C:\Users\maxim\Research\simulation\.runtime\save_slots\save_slot_6306\step_payload.json
[simulation] worker launched module=simulation.step_worker session=save_slot_6306 pid=29848
[simulation] api_step launched worker session=save_slot_6306 pid=29848
[simulation] api_step requested session=save_slot_6307 mode=buyer_seller_negotiation running=False pid=None
[simulation] launching worker module=simulation.step_worker session=save_slot_6307 payload=C:\Users\maxim\Research\simulation\.runtime\save_slots\save_slot_6307\step_payload.json
[simulation] worker launched module=simulation.step_worker session=save_slot_6307 pid=1948
[simulation] api_step launched worker session=save_slot_6307 pid=1948
[simulation] api_step requested session=save_slot_6308 mode=buyer_seller_negotiation running=False pid=None
[simulation] launching worker module=simulation.step_worker session=save_slot_6308 payload=C:\Users\maxim\Research\simulation\.runtime\save_slots\save_slot_6308\step_payload.json
[simulation] worker launched module=simulation.step_worker session=save_slot_6308 pid=31752
[simulation] api_step launched worker session=save_slot_6308 pid=31752
[simulation] api_step requested session=save_slot_6309 mode=buyer_seller_negotiation running=False pid=None
[simulation] launching worker module=simulation.step_worker session=save_slot_6309 payload=C:\Users\maxim\Research\simulation\.runtime\save_slots\save_slot_6309\step_payload.json
[simulation] worker launched module=simulation.step_worker session=save_slot_6309 pid=31188
[simulation] api_step launched worker session=save_slot_6309 pid=31188
[simulation] api_step requested session=save_slot_6310 mode=buyer_seller_negotiation running=False pid=None
[simulation] launching worker module=simulation.step_worker session=save_slot_6310 payload=C:\Users\maxim\Research\simulation\.runtime\save_slots\save_slot_6310\step_payload.json
[simulation] worker launched module=simulation.step_worker session=save_slot_6310 pid=20144
[simulation] api_step launched worker session=save_slot_6310 pid=20144
[simulation] api_step requested session=save_slot_6311 mode=buyer_seller_negotiation running=False pid=None
[simulation] launching worker module=simulation.step_worker session=save_slot_6311 payload=C:\Users\maxim\Research\simulation\.runtime\save_slots\save_slot_6311\step_payload.json
[simulation] worker launched module=simulation.step_worker session=save_slot_6311 pid=3212
[simulation] api_step launched worker session=save_slot_6311 pid=3212
[simulation] api_step requested session=save_slot_6312 mode=buyer_seller_negotiation running=False pid=None
[simulation] launching worker module=simulation.step_worker session=save_slot_6312 payload=C:\Users\maxim\Research\simulation\.runtime\save_slots\save_slot_6312\step_payload.json
[simulation] worker launched module=simulation.step_worker session=save_slot_6312 pid=28124
[simulation] api_step launched worker session=save_slot_6312 pid=28124
[simulation] api_step requested session=save_slot_6313 mode=buyer_seller_negotiation running=False pid=None
[simulation] launching worker module=simulation.step_worker session=save_slot_6313 payload=C:\Users\maxim\Research\simulation\.runtime\save_slots\save_slot_6313\step_payload.json
[simulation] worker launched module=simulation.step_worker session=save_slot_6313 pid=17056
[simulation] api_step launched worker session=save_slot_6313 pid=17056
[simulation] api_step requested session=save_slot_6314 mode=buyer_seller_negotiation running=False pid=None
[simulation] launching worker module=simulation.step_worker session=save_slot_6314 payload=C:\Users\maxim\Research\simulation\.runtime\save_slots\save_slot_6314\step_payload.json
[simulation] worker launched module=simulation.step_worker session=save_slot_6314 pid=25748
[simulation] api_step launched worker session=save_slot_6314 pid=25748
[simulation] api_step requested session=save_slot_6315 mode=buyer_seller_negotiation running=False pid=None
[simulation] launching worker module=simulation.step_worker session=save_slot_6315 payload=C:\Users\maxim\Research\simulation\.runtime\save_slots\save_slot_6315\step_payload.json
[simulation] worker launched module=simulation.step_worker session=save_slot_6315 pid=10140
[simulation] api_step launched worker session=save_slot_6315 pid=10140
[simulation] api_step requested session=save_slot_6316 mode=buyer_seller_negotiation running=False pid=None
[simulation] launching worker module=simulation.step_worker session=save_slot_6316 payload=C:\Users\maxim\Research\simulation\.runtime\save_slots\save_slot_6316\step_payload.json
[simulation] worker launched module=simulation.step_worker session=save_slot_6316 pid=36604
[simulation] api_step launched worker session=save_slot_6316 pid=36604
[simulation] api_step requested session=save_slot_6317 mode=buyer_seller_negotiation running=False pid=None
[simulation] launching worker module=simulation.step_worker session=save_slot_6317 payload=C:\Users\maxim\Research\simulation\.runtime\save_slots\save_slot_6317\step_payload.json
[simulation] worker launched module=simulation.step_worker session=save_slot_6317 pid=22840
[simulation] api_step launched worker session=save_slot_6317 pid=22840
[simulation] api_step requested session=save_slot_6318 mode=buyer_seller_negotiation running=False pid=None
[simulation] launching worker module=simulation.step_worker session=save_slot_6318 payload=C:\Users\maxim\Research\simulation\.runtime\save_slots\save_slot_6318\step_payload.json
[simulation] worker launched module=simulation.step_worker session=save_slot_6318 pid=8040
[simulation] api_step launched worker session=save_slot_6318 pid=8040
[simulation] api_step requested session=save_slot_6319 mode=buyer_seller_negotiation running=False pid=None
[simulation] launching worker module=simulation.step_worker session=save_slot_6319 payload=C:\Users\maxim\Research\simulation\.runtime\save_slots\save_slot_6319\step_payload.json
[simulation] worker launched module=simulation.step_worker session=save_slot_6319 pid=28224
[simulation] api_step launched worker session=save_slot_6319 pid=28224
[simulation] api_step requested session=save_slot_6320 mode=buyer_seller_negotiation running=False pid=None
[simulation] launching worker module=simulation.step_worker session=save_slot_6320 payload=C:\Users\maxim\Research\simulation\.runtime\save_slots\save_slot_6320\step_payload.json
[simulation] worker launched module=simulation.step_worker session=save_slot_6320 pid=33152
[simulation] api_step launched worker session=save_slot_6320 pid=33152
[simulation] api_step requested session=save_slot_6321 mode=buyer_seller_negotiation running=False pid=None
[simulation] launching worker module=simulation.step_worker session=save_slot_6321 payload=C:\Users\maxim\Research\simulation\.runtime\save_slots\save_slot_6321\step_payload.json
[simulation] worker launched module=simulation.step_worker session=save_slot_6321 pid=18060
[simulation] api_step launched worker session=save_slot_6321 pid=18060
[simulation] api_step requested session=save_slot_6322 mode=buyer_seller_negotiation running=False pid=None
[simulation] launching worker module=simulation.step_worker session=save_slot_6322 payload=C:\Users\maxim\Research\simulation\.runtime\save_slots\save_slot_6322\step_payload.json
[simulation] worker launched module=simulation.step_worker session=save_slot_6322 pid=15888
[simulation] api_step launched worker session=save_slot_6322 pid=15888
[simulation] api_step requested session=save_slot_6323 mode=buyer_seller_negotiation running=False pid=None
[simulation] launching worker module=simulation.step_worker session=save_slot_6323 payload=C:\Users\maxim\Research\simulation\.runtime\save_slots\save_slot_6323\step_payload.json
[simulation] worker launched module=simulation.step_worker session=save_slot_6323 pid=34016
[simulation] api_step launched worker session=save_slot_6323 pid=34016
[simulation] api_step requested session=save_slot_6324 mode=buyer_seller_negotiation running=False pid=None
[simulation] launching worker module=simulation.step_worker session=save_slot_6324 payload=C:\Users\maxim\Research\simulation\.runtime\save_slots\save_slot_6324\step_payload.json
[simulation] worker launched module=simulation.step_worker session=save_slot_6324 pid=22108
[simulation] api_step launched worker session=save_slot_6324 pid=22108
[simulation] api_step requested session=save_slot_6325 mode=buyer_seller_negotiation running=False pid=None
[simulation] launching worker module=simulation.step_worker session=save_slot_6325 payload=C:\Users\maxim\Research\simulation\.runtime\save_slots\save_slot_6325\step_payload.json
[simulation] worker launched module=simulation.step_worker session=save_slot_6325 pid=17464
[simulation] api_step launched worker session=save_slot_6325 pid=17464
[simulation] api_step requested session=save_slot_6326 mode=buyer_seller_negotiation running=False pid=None
[simulation] launching worker module=simulation.step_worker session=save_slot_6326 payload=C:\Users\maxim\Research\simulation\.runtime\save_slots\save_slot_6326\step_payload.json
[simulation] worker launched module=simulation.step_worker session=save_slot_6326 pid=5532
[simulation] api_step launched worker session=save_slot_6326 pid=5532
[simulation] api_step requested session=save_slot_6327 mode=buyer_seller_negotiation running=False pid=None
[simulation] launching worker module=simulation.step_worker session=save_slot_6327 payload=C:\Users\maxim\Research\simulation\.runtime\save_slots\save_slot_6327\step_payload.json
[simulation] worker launched module=simulation.step_worker session=save_slot_6327 pid=21124
[simulation] api_step launched worker session=save_slot_6327 pid=21124
[simulation] api_step requested session=save_slot_6328 mode=buyer_seller_negotiation running=False pid=None
[simulation] launching worker module=simulation.step_worker session=save_slot_6328 payload=C:\Users\maxim\Research\simulation\.runtime\save_slots\save_slot_6328\step_payload.json
[simulation] worker launched module=simulation.step_worker session=save_slot_6328 pid=12632
[simulation] api_step launched worker session=save_slot_6328 pid=12632
[simulation] api_step requested session=save_slot_6329 mode=buyer_seller_negotiation running=False pid=None
[simulation] launching worker module=simulation.step_worker session=save_slot_6329 payload=C:\Users\maxim\Research\simulation\.runtime\save_slots\save_slot_6329\step_payload.json
[simulation] worker launched module=simulation.step_worker session=save_slot_6329 pid=9376
[simulation] api_step launched worker session=save_slot_6329 pid=9376
[simulation] api_step requested session=save_slot_6330 mode=buyer_seller_negotiation running=False pid=None
[simulation] launching worker module=simulation.step_worker session=save_slot_6330 payload=C:\Users\maxim\Research\simulation\.runtime\save_slots\save_slot_6330\step_payload.json
[simulation] worker launched module=simulation.step_worker session=save_slot_6330 pid=21292
[simulation] api_step launched worker session=save_slot_6330 pid=21292
[simulation] api_step requested session=save_slot_6331 mode=buyer_seller_negotiation running=False pid=None
[simulation] launching worker module=simulation.step_worker session=save_slot_6331 payload=C:\Users\maxim\Research\simulation\.runtime\save_slots\save_slot_6331\step_payload.json
[simulation] worker launched module=simulation.step_worker session=save_slot_6331 pid=10832
[simulation] api_step launched worker session=save_slot_6331 pid=10832
[simulation] api_step requested session=save_slot_6332 mode=buyer_seller_negotiation running=False pid=None
[simulation] launching worker module=simulation.step_worker session=save_slot_6332 payload=C:\Users\maxim\Research\simulation\.runtime\save_slots\save_slot_6332\step_payload.json
[simulation] worker launched module=simulation.step_worker session=save_slot_6332 pid=2868
[simulation] api_step launched worker session=save_slot_6332 pid=2868
[simulation] api_step requested session=save_slot_6333 mode=buyer_seller_negotiation running=False pid=None
[simulation] launching worker module=simulation.step_worker session=save_slot_6333 payload=C:\Users\maxim\Research\simulation\.runtime\save_slots\save_slot_6333\step_payload.json
[simulation] worker launched module=simulation.step_worker session=save_slot_6333 pid=28144
[simulation] api_step launched worker session=save_slot_6333 pid=28144
[simulation] api_step requested session=save_slot_6334 mode=buyer_seller_negotiation running=False pid=None
[simulation] launching worker module=simulation.step_worker session=save_slot_6334 payload=C:\Users\maxim\Research\simulation\.runtime\save_slots\save_slot_6334\step_payload.json
[simulation] worker launched module=simulation.step_worker session=save_slot_6334 pid=34272
[simulation] api_step launched worker session=save_slot_6334 pid=34272
[simulation] api_step requested session=save_slot_6335 mode=buyer_seller_negotiation running=False pid=None
[simulation] launching worker module=simulation.step_worker session=save_slot_6335 payload=C:\Users\maxim\Research\simulation\.runtime\save_slots\save_slot_6335\step_payload.json
[simulation] worker launched module=simulation.step_worker session=save_slot_6335 pid=27236
[simulation] api_step launched worker session=save_slot_6335 pid=27236
[simulation] api_step requested session=save_slot_6336 mode=buyer_seller_negotiation running=False pid=None
[simulation] launching worker module=simulation.step_worker session=save_slot_6336 payload=C:\Users\maxim\Research\simulation\.runtime\save_slots\save_slot_6336\step_payload.json
[simulation] worker launched module=simulation.step_worker session=save_slot_6336 pid=31764
[simulation] api_step launched worker session=save_slot_6336 pid=31764
[simulation] api_step requested session=save_slot_6337 mode=buyer_seller_negotiation running=False pid=None
[simulation] launching worker module=simulation.step_worker session=save_slot_6337 payload=C:\Users\maxim\Research\simulation\.runtime\save_slots\save_slot_6337\step_payload.json
[simulation] worker launched module=simulation.step_worker session=save_slot_6337 pid=19484
[simulation] api_step launched worker session=save_slot_6337 pid=19484
[simulation] api_step requested session=save_slot_6338 mode=buyer_seller_negotiation running=False pid=None
[simulation] launching worker module=simulation.step_worker session=save_slot_6338 payload=C:\Users\maxim\Research\simulation\.runtime\save_slots\save_slot_6338\step_payload.json
[simulation] worker launched module=simulation.step_worker session=save_slot_6338 pid=2232
[simulation] api_step launched worker session=save_slot_6338 pid=2232
[simulation] api_step requested session=save_slot_6339 mode=buyer_seller_negotiation running=False pid=None
[simulation] launching worker module=simulation.step_worker session=save_slot_6339 payload=C:\Users\maxim\Research\simulation\.runtime\save_slots\save_slot_6339\step_payload.json
[simulation] worker launched module=simulation.step_worker session=save_slot_6339 pid=19572
[simulation] api_step launched worker session=save_slot_6339 pid=19572
[simulation] api_step requested session=save_slot_6340 mode=buyer_seller_negotiation running=False pid=None
[simulation] launching worker module=simulation.step_worker session=save_slot_6340 payload=C:\Users\maxim\Research\simulation\.runtime\save_slots\save_slot_6340\step_payload.json
[simulation] worker launched module=simulation.step_worker session=save_slot_6340 pid=1288
[simulation] api_step launched worker session=save_slot_6340 pid=1288
[simulation] api_step requested session=save_slot_6341 mode=buyer_seller_negotiation running=False pid=None
[simulation] launching worker module=simulation.step_worker session=save_slot_6341 payload=C:\Users\maxim\Research\simulation\.runtime\save_slots\save_slot_6341\step_payload.json
[simulation] worker launched module=simulation.step_worker session=save_slot_6341 pid=36240
[simulation] api_step launched worker session=save_slot_6341 pid=36240
[simulation] api_step requested session=save_slot_6342 mode=buyer_seller_negotiation running=False pid=None
[simulation] launching worker module=simulation.step_worker session=save_slot_6342 payload=C:\Users\maxim\Research\simulation\.runtime\save_slots\save_slot_6342\step_payload.json
[simulation] worker launched module=simulation.step_worker session=save_slot_6342 pid=11616
[simulation] api_step launched worker session=save_slot_6342 pid=11616
[simulation] api_step requested session=save_slot_6343 mode=buyer_seller_negotiation running=False pid=None
[simulation] launching worker module=simulation.step_worker session=save_slot_6343 payload=C:\Users\maxim\Research\simulation\.runtime\save_slots\save_slot_6343\step_payload.json
[simulation] worker launched module=simulation.step_worker session=save_slot_6343 pid=29448
[simulation] api_step launched worker session=save_slot_6343 pid=29448
[simulation] api_step requested session=save_slot_6344 mode=buyer_seller_negotiation running=False pid=None
[simulation] launching worker module=simulation.step_worker session=save_slot_6344 payload=C:\Users\maxim\Research\simulation\.runtime\save_slots\save_slot_6344\step_payload.json
[simulation] worker launched module=simulation.step_worker session=save_slot_6344 pid=21520
[simulation] api_step launched worker session=save_slot_6344 pid=21520
[simulation] api_step requested session=save_slot_6345 mode=buyer_seller_negotiation running=False pid=None
[simulation] launching worker module=simulation.step_worker session=save_slot_6345 payload=C:\Users\maxim\Research\simulation\.runtime\save_slots\save_slot_6345\step_payload.json
[simulation] worker launched module=simulation.step_worker session=save_slot_6345 pid=14616
[simulation] api_step launched worker session=save_slot_6345 pid=14616
[simulation] api_step requested session=save_slot_6346 mode=buyer_seller_negotiation running=False pid=None
[simulation] launching worker module=simulation.step_worker session=save_slot_6346 payload=C:\Users\maxim\Research\simulation\.runtime\save_slots\save_slot_6346\step_payload.json
[simulation] worker launched module=simulation.step_worker session=save_slot_6346 pid=2268
[simulation] api_step launched worker session=save_slot_6346 pid=2268
[simulation] api_step requested session=save_slot_6347 mode=buyer_seller_negotiation running=False pid=None
[simulation] launching worker module=simulation.step_worker session=save_slot_6347 payload=C:\Users\maxim\Research\simulation\.runtime\save_slots\save_slot_6347\step_payload.json
[simulation] worker launched module=simulation.step_worker session=save_slot_6347 pid=33304
[simulation] api_step launched worker session=save_slot_6347 pid=33304
[simulation] api_step requested session=save_slot_6348 mode=buyer_seller_negotiation running=False pid=None
[simulation] launching worker module=simulation.step_worker session=save_slot_6348 payload=C:\Users\maxim\Research\simulation\.runtime\save_slots\save_slot_6348\step_payload.json
[simulation] worker launched module=simulation.step_worker session=save_slot_6348 pid=35612
[simulation] api_step launched worker session=save_slot_6348 pid=35612
[simulation] api_step requested session=save_slot_6349 mode=buyer_seller_negotiation running=False pid=None
[simulation] launching worker module=simulation.step_worker session=save_slot_6349 payload=C:\Users\maxim\Research\simulation\.runtime\save_slots\save_slot_6349\step_payload.json
[simulation] worker launched module=simulation.step_worker session=save_slot_6349 pid=32956
[simulation] api_step launched worker session=save_slot_6349 pid=32956
[simulation] api_step requested session=save_slot_6350 mode=buyer_seller_negotiation running=False pid=None
[simulation] launching worker module=simulation.step_worker session=save_slot_6350 payload=C:\Users\maxim\Research\simulation\.runtime\save_slots\save_slot_6350\step_payload.json
[simulation] worker launched module=simulation.step_worker session=save_slot_6350 pid=24408
[simulation] api_step launched worker session=save_slot_6350 pid=24408
[simulation] api_step requested session=save_slot_6351 mode=buyer_seller_negotiation running=False pid=None
[simulation] launching worker module=simulation.step_worker session=save_slot_6351 payload=C:\Users\maxim\Research\simulation\.runtime\save_slots\save_slot_6351\step_payload.json
[simulation] worker launched module=simulation.step_worker session=save_slot_6351 pid=5752
[simulation] api_step launched worker session=save_slot_6351 pid=5752
[simulation] api_step requested session=save_slot_6352 mode=buyer_seller_negotiation running=False pid=None
[simulation] launching worker module=simulation.step_worker session=save_slot_6352 payload=C:\Users\maxim\Research\simulation\.runtime\save_slots\save_slot_6352\step_payload.json
[simulation] worker launched module=simulation.step_worker session=save_slot_6352 pid=34432
[simulation] api_step launched worker session=save_slot_6352 pid=34432
[simulation] api_step requested session=save_slot_6353 mode=buyer_seller_negotiation running=False pid=None
[simulation] launching worker module=simulation.step_worker session=save_slot_6353 payload=C:\Users\maxim\Research\simulation\.runtime\save_slots\save_slot_6353\step_payload.json
[simulation] worker launched module=simulation.step_worker session=save_slot_6353 pid=20688
[simulation] api_step launched worker session=save_slot_6353 pid=20688
[simulation] api_step requested session=save_slot_6354 mode=buyer_seller_negotiation running=False pid=None
[simulation] launching worker module=simulation.step_worker session=save_slot_6354 payload=C:\Users\maxim\Research\simulation\.runtime\save_slots\save_slot_6354\step_payload.json
[simulation] worker launched module=simulation.step_worker session=save_slot_6354 pid=14896
[simulation] api_step launched worker session=save_slot_6354 pid=14896
[simulation] api_step requested session=save_slot_6355 mode=buyer_seller_negotiation running=False pid=None
[simulation] launching worker module=simulation.step_worker session=save_slot_6355 payload=C:\Users\maxim\Research\simulation\.runtime\save_slots\save_slot_6355\step_payload.json
[simulation] worker launched module=simulation.step_worker session=save_slot_6355 pid=1132
[simulation] api_step launched worker session=save_slot_6355 pid=1132
[simulation] api_step requested session=save_slot_6356 mode=buyer_seller_negotiation running=False pid=None
[simulation] launching worker module=simulation.step_worker session=save_slot_6356 payload=C:\Users\maxim\Research\simulation\.runtime\save_slots\save_slot_6356\step_payload.json
[simulation] worker launched module=simulation.step_worker session=save_slot_6356 pid=25152
[simulation] api_step launched worker session=save_slot_6356 pid=25152
[simulation] api_step requested session=save_slot_6357 mode=buyer_seller_negotiation running=False pid=None
[simulation] launching worker module=simulation.step_worker session=save_slot_6357 payload=C:\Users\maxim\Research\simulation\.runtime\save_slots\save_slot_6357\step_payload.json
[simulation] worker launched module=simulation.step_worker session=save_slot_6357 pid=28400
[simulation] api_step launched worker session=save_slot_6357 pid=28400
[simulation] api_step requested session=save_slot_6358 mode=buyer_seller_negotiation running=False pid=None
[simulation] launching worker module=simulation.step_worker session=save_slot_6358 payload=C:\Users\maxim\Research\simulation\.runtime\save_slots\save_slot_6358\step_payload.json
[simulation] worker launched module=simulation.step_worker session=save_slot_6358 pid=27188
[simulation] api_step launched worker session=save_slot_6358 pid=27188
[simulation] api_step requested session=save_slot_6359 mode=buyer_seller_negotiation running=False pid=None
[simulation] launching worker module=simulation.step_worker session=save_slot_6359 payload=C:\Users\maxim\Research\simulation\.runtime\save_slots\save_slot_6359\step_payload.json
[simulation] worker launched module=simulation.step_worker session=save_slot_6359 pid=11268
[simulation] api_step launched worker session=save_slot_6359 pid=11268
[simulation] api_step requested session=save_slot_6360 mode=buyer_seller_negotiation running=False pid=None
[simulation] launching worker module=simulation.step_worker session=save_slot_6360 payload=C:\Users\maxim\Research\simulation\.runtime\save_slots\save_slot_6360\step_payload.json
[simulation] worker launched module=simulation.step_worker session=save_slot_6360 pid=10212
[simulation] api_step launched worker session=save_slot_6360 pid=10212
[simulation] api_step requested session=save_slot_6361 mode=buyer_seller_negotiation running=False pid=None
[simulation] launching worker module=simulation.step_worker session=save_slot_6361 payload=C:\Users\maxim\Research\simulation\.runtime\save_slots\save_slot_6361\step_payload.json
[simulation] worker launched module=simulation.step_worker session=save_slot_6361 pid=24956
[simulation] api_step launched worker session=save_slot_6361 pid=24956
[simulation] api_step requested session=save_slot_6362 mode=buyer_seller_negotiation running=False pid=None
[simulation] launching worker module=simulation.step_worker session=save_slot_6362 payload=C:\Users\maxim\Research\simulation\.runtime\save_slots\save_slot_6362\step_payload.json
[simulation] worker launched module=simulation.step_worker session=save_slot_6362 pid=34000
[simulation] api_step launched worker session=save_slot_6362 pid=34000
[simulation] api_step requested session=save_slot_6363 mode=buyer_seller_negotiation running=False pid=None
[simulation] launching worker module=simulation.step_worker session=save_slot_6363 payload=C:\Users\maxim\Research\simulation\.runtime\save_slots\save_slot_6363\step_payload.json
[simulation] worker launched module=simulation.step_worker session=save_slot_6363 pid=29700
[simulation] api_step launched worker session=save_slot_6363 pid=29700
[simulation] api_step requested session=save_slot_6364 mode=buyer_seller_negotiation running=False pid=None
[simulation] launching worker module=simulation.step_worker session=save_slot_6364 payload=C:\Users\maxim\Research\simulation\.runtime\save_slots\save_slot_6364\step_payload.json
[simulation] worker launched module=simulation.step_worker session=save_slot_6364 pid=24784
[simulation] api_step launched worker session=save_slot_6364 pid=24784
[simulation] api_step requested session=save_slot_6365 mode=buyer_seller_negotiation running=False pid=None
[simulation] launching worker module=simulation.step_worker session=save_slot_6365 payload=C:\Users\maxim\Research\simulation\.runtime\save_slots\save_slot_6365\step_payload.json
[simulation] worker launched module=simulation.step_worker session=save_slot_6365 pid=7820
[simulation] api_step launched worker session=save_slot_6365 pid=7820
[simulation] api_step requested session=save_slot_6366 mode=buyer_seller_negotiation running=False pid=None
[simulation] launching worker module=simulation.step_worker session=save_slot_6366 payload=C:\Users\maxim\Research\simulation\.runtime\save_slots\save_slot_6366\step_payload.json
[simulation] worker launched module=simulation.step_worker session=save_slot_6366 pid=32380
[simulation] api_step launched worker session=save_slot_6366 pid=32380
[simulation] api_step requested session=save_slot_6367 mode=buyer_seller_negotiation running=False pid=None
[simulation] launching worker module=simulation.step_worker session=save_slot_6367 payload=C:\Users\maxim\Research\simulation\.runtime\save_slots\save_slot_6367\step_payload.json
[simulation] worker launched module=simulation.step_worker session=save_slot_6367 pid=25532
[simulation] api_step launched worker session=save_slot_6367 pid=25532
[simulation] api_step requested session=save_slot_6368 mode=buyer_seller_negotiation running=False pid=None
[simulation] launching worker module=simulation.step_worker session=save_slot_6368 payload=C:\Users\maxim\Research\simulation\.runtime\save_slots\save_slot_6368\step_payload.json
[simulation] worker launched module=simulation.step_worker session=save_slot_6368 pid=27236
[simulation] api_step launched worker session=save_slot_6368 pid=27236
[simulation] api_step requested session=save_slot_6369 mode=buyer_seller_negotiation running=False pid=None
[simulation] launching worker module=simulation.step_worker session=save_slot_6369 payload=C:\Users\maxim\Research\simulation\.runtime\save_slots\save_slot_6369\step_payload.json
[simulation] worker launched module=simulation.step_worker session=save_slot_6369 pid=9796
[simulation] api_step launched worker session=save_slot_6369 pid=9796
[simulation] api_step requested session=save_slot_6370 mode=buyer_seller_negotiation running=False pid=None
[simulation] launching worker module=simulation.step_worker session=save_slot_6370 payload=C:\Users\maxim\Research\simulation\.runtime\save_slots\save_slot_6370\step_payload.json
[simulation] worker launched module=simulation.step_worker session=save_slot_6370 pid=16776
[simulation] api_step launched worker session=save_slot_6370 pid=16776
[simulation] api_step requested session=save_slot_6371 mode=buyer_seller_negotiation running=False pid=None
[simulation] launching worker module=simulation.step_worker session=save_slot_6371 payload=C:\Users\maxim\Research\simulation\.runtime\save_slots\save_slot_6371\step_payload.json
[simulation] worker launched module=simulation.step_worker session=save_slot_6371 pid=29248
[simulation] api_step launched worker session=save_slot_6371 pid=29248
[simulation] api_step requested session=save_slot_6372 mode=buyer_seller_negotiation running=False pid=None
[simulation] launching worker module=simulation.step_worker session=save_slot_6372 payload=C:\Users\maxim\Research\simulation\.runtime\save_slots\save_slot_6372\step_payload.json
[simulation] worker launched module=simulation.step_worker session=save_slot_6372 pid=3100
[simulation] api_step launched worker session=save_slot_6372 pid=3100
[simulation] api_step requested session=save_slot_6373 mode=buyer_seller_negotiation running=False pid=None
[simulation] launching worker module=simulation.step_worker session=save_slot_6373 payload=C:\Users\maxim\Research\simulation\.runtime\save_slots\save_slot_6373\step_payload.json
[simulation] worker launched module=simulation.step_worker session=save_slot_6373 pid=21368
[simulation] api_step launched worker session=save_slot_6373 pid=21368
[simulation] api_step requested session=save_slot_6374 mode=buyer_seller_negotiation running=False pid=None
[simulation] launching worker module=simulation.step_worker session=save_slot_6374 payload=C:\Users\maxim\Research\simulation\.runtime\save_slots\save_slot_6374\step_payload.json
[simulation] worker launched module=simulation.step_worker session=save_slot_6374 pid=19640
[simulation] api_step launched worker session=save_slot_6374 pid=19640
[simulation] api_step requested session=save_slot_6375 mode=buyer_seller_negotiation running=False pid=None
[simulation] launching worker module=simulation.step_worker session=save_slot_6375 payload=C:\Users\maxim\Research\simulation\.runtime\save_slots\save_slot_6375\step_payload.json
[simulation] worker launched module=simulation.step_worker session=save_slot_6375 pid=20144
[simulation] api_step launched worker session=save_slot_6375 pid=20144
[simulation] api_step requested session=save_slot_6376 mode=buyer_seller_negotiation running=False pid=None
[simulation] launching worker module=simulation.step_worker session=save_slot_6376 payload=C:\Users\maxim\Research\simulation\.runtime\save_slots\save_slot_6376\step_payload.json
[simulation] worker launched module=simulation.step_worker session=save_slot_6376 pid=36336
[simulation] api_step launched worker session=save_slot_6376 pid=36336
[simulation] api_step requested session=save_slot_6377 mode=buyer_seller_negotiation running=False pid=None
[simulation] launching worker module=simulation.step_worker session=save_slot_6377 payload=C:\Users\maxim\Research\simulation\.runtime\save_slots\save_slot_6377\step_payload.json
[simulation] worker launched module=simulation.step_worker session=save_slot_6377 pid=25124
[simulation] api_step launched worker session=save_slot_6377 pid=25124
[simulation] api_step requested session=save_slot_6378 mode=buyer_seller_negotiation running=False pid=None
[simulation] launching worker module=simulation.step_worker session=save_slot_6378 payload=C:\Users\maxim\Research\simulation\.runtime\save_slots\save_slot_6378\step_payload.json
[simulation] worker launched module=simulation.step_worker session=save_slot_6378 pid=35900
[simulation] api_step launched worker session=save_slot_6378 pid=35900
[simulation] api_step requested session=save_slot_6379 mode=buyer_seller_negotiation running=False pid=None
[simulation] launching worker module=simulation.step_worker session=save_slot_6379 payload=C:\Users\maxim\Research\simulation\.runtime\save_slots\save_slot_6379\step_payload.json
[simulation] worker launched module=simulation.step_worker session=save_slot_6379 pid=9160
[simulation] api_step launched worker session=save_slot_6379 pid=9160
[simulation] api_step requested session=save_slot_6380 mode=buyer_seller_negotiation running=False pid=None
[simulation] launching worker module=simulation.step_worker session=save_slot_6380 payload=C:\Users\maxim\Research\simulation\.runtime\save_slots\save_slot_6380\step_payload.json
[simulation] worker launched module=simulation.step_worker session=save_slot_6380 pid=32908
[simulation] api_step launched worker session=save_slot_6380 pid=32908
[simulation] api_step requested session=save_slot_6381 mode=buyer_seller_negotiation running=False pid=None
[simulation] launching worker module=simulation.step_worker session=save_slot_6381 payload=C:\Users\maxim\Research\simulation\.runtime\save_slots\save_slot_6381\step_payload.json
[simulation] worker launched module=simulation.step_worker session=save_slot_6381 pid=9164
[simulation] api_step launched worker session=save_slot_6381 pid=9164
[simulation] api_step requested session=save_slot_6382 mode=buyer_seller_negotiation running=False pid=None
[simulation] launching worker module=simulation.step_worker session=save_slot_6382 payload=C:\Users\maxim\Research\simulation\.runtime\save_slots\save_slot_6382\step_payload.json
[simulation] worker launched module=simulation.step_worker session=save_slot_6382 pid=20556
[simulation] api_step launched worker session=save_slot_6382 pid=20556
[simulation] api_step requested session=save_slot_6383 mode=buyer_seller_negotiation running=False pid=None
[simulation] launching worker module=simulation.step_worker session=save_slot_6383 payload=C:\Users\maxim\Research\simulation\.runtime\save_slots\save_slot_6383\step_payload.json
[simulation] worker launched module=simulation.step_worker session=save_slot_6383 pid=20016
[simulation] api_step launched worker session=save_slot_6383 pid=20016
[simulation] api_step requested session=save_slot_6384 mode=buyer_seller_negotiation running=False pid=None
[simulation] launching worker module=simulation.step_worker session=save_slot_6384 payload=C:\Users\maxim\Research\simulation\.runtime\save_slots\save_slot_6384\step_payload.json
[simulation] worker launched module=simulation.step_worker session=save_slot_6384 pid=32348
[simulation] api_step launched worker session=save_slot_6384 pid=32348
[simulation] api_step requested session=save_slot_6385 mode=buyer_seller_negotiation running=False pid=None
[simulation] launching worker module=simulation.step_worker session=save_slot_6385 payload=C:\Users\maxim\Research\simulation\.runtime\save_slots\save_slot_6385\step_payload.json
[simulation] worker launched module=simulation.step_worker session=save_slot_6385 pid=27508
[simulation] api_step launched worker session=save_slot_6385 pid=27508
[simulation] api_step requested session=save_slot_6386 mode=buyer_seller_negotiation running=False pid=None
[simulation] launching worker module=simulation.step_worker session=save_slot_6386 payload=C:\Users\maxim\Research\simulation\.runtime\save_slots\save_slot_6386\step_payload.json
[simulation] worker launched module=simulation.step_worker session=save_slot_6386 pid=32500
[simulation] api_step launched worker session=save_slot_6386 pid=32500
[simulation] api_step requested session=save_slot_6387 mode=buyer_seller_negotiation running=False pid=None
[simulation] launching worker module=simulation.step_worker session=save_slot_6387 payload=C:\Users\maxim\Research\simulation\.runtime\save_slots\save_slot_6387\step_payload.json
[simulation] worker launched module=simulation.step_worker session=save_slot_6387 pid=35808
[simulation] api_step launched worker session=save_slot_6387 pid=35808
[simulation] api_step requested session=save_slot_6388 mode=buyer_seller_negotiation running=False pid=None
[simulation] launching worker module=simulation.step_worker session=save_slot_6388 payload=C:\Users\maxim\Research\simulation\.runtime\save_slots\save_slot_6388\step_payload.json
[simulation] worker launched module=simulation.step_worker session=save_slot_6388 pid=15860
[simulation] api_step launched worker session=save_slot_6388 pid=15860
[simulation] api_step requested session=save_slot_6389 mode=buyer_seller_negotiation running=False pid=None
[simulation] launching worker module=simulation.step_worker session=save_slot_6389 payload=C:\Users\maxim\Research\simulation\.runtime\save_slots\save_slot_6389\step_payload.json
[simulation] worker launched module=simulation.step_worker session=save_slot_6389 pid=24644
[simulation] api_step launched worker session=save_slot_6389 pid=24644
[simulation] api_step requested session=save_slot_6390 mode=buyer_seller_negotiation running=False pid=None
[simulation] launching worker module=simulation.step_worker session=save_slot_6390 payload=C:\Users\maxim\Research\simulation\.runtime\save_slots\save_slot_6390\step_payload.json
[simulation] worker launched module=simulation.step_worker session=save_slot_6390 pid=25024
[simulation] api_step launched worker session=save_slot_6390 pid=25024
[simulation] api_step requested session=save_slot_6391 mode=buyer_seller_negotiation running=False pid=None
[simulation] launching worker module=simulation.step_worker session=save_slot_6391 payload=C:\Users\maxim\Research\simulation\.runtime\save_slots\save_slot_6391\step_payload.json
[simulation] worker launched module=simulation.step_worker session=save_slot_6391 pid=32592
[simulation] api_step launched worker session=save_slot_6391 pid=32592
[simulation] api_step requested session=save_slot_6392 mode=buyer_seller_negotiation running=False pid=None
[simulation] launching worker module=simulation.step_worker session=save_slot_6392 payload=C:\Users\maxim\Research\simulation\.runtime\save_slots\save_slot_6392\step_payload.json
[simulation] worker launched module=simulation.step_worker session=save_slot_6392 pid=24736
[simulation] api_step launched worker session=save_slot_6392 pid=24736
[simulation] api_step requested session=save_slot_6393 mode=buyer_seller_negotiation running=False pid=None
[simulation] launching worker module=simulation.step_worker session=save_slot_6393 payload=C:\Users\maxim\Research\simulation\.runtime\save_slots\save_slot_6393\step_payload.json
[simulation] worker launched module=simulation.step_worker session=save_slot_6393 pid=23364
[simulation] api_step launched worker session=save_slot_6393 pid=23364
[simulation] api_step requested session=save_slot_6394 mode=buyer_seller_negotiation running=False pid=None
[simulation] launching worker module=simulation.step_worker session=save_slot_6394 payload=C:\Users\maxim\Research\simulation\.runtime\save_slots\save_slot_6394\step_payload.json
[simulation] worker launched module=simulation.step_worker session=save_slot_6394 pid=5640
[simulation] api_step launched worker session=save_slot_6394 pid=5640
[simulation] api_step requested session=save_slot_6395 mode=buyer_seller_negotiation running=False pid=None
[simulation] launching worker module=simulation.step_worker session=save_slot_6395 payload=C:\Users\maxim\Research\simulation\.runtime\save_slots\save_slot_6395\step_payload.json
[simulation] worker launched module=simulation.step_worker session=save_slot_6395 pid=11176
[simulation] api_step launched worker session=save_slot_6395 pid=11176
[simulation] api_step requested session=save_slot_6396 mode=buyer_seller_negotiation running=False pid=None
[simulation] launching worker module=simulation.step_worker session=save_slot_6396 payload=C:\Users\maxim\Research\simulation\.runtime\save_slots\save_slot_6396\step_payload.json
[simulation] worker launched module=simulation.step_worker session=save_slot_6396 pid=35956
[simulation] api_step launched worker session=save_slot_6396 pid=35956
[simulation] api_step requested session=save_slot_6397 mode=buyer_seller_negotiation running=False pid=None
[simulation] launching worker module=simulation.step_worker session=save_slot_6397 payload=C:\Users\maxim\Research\simulation\.runtime\save_slots\save_slot_6397\step_payload.json
[simulation] worker launched module=simulation.step_worker session=save_slot_6397 pid=26844
[simulation] api_step launched worker session=save_slot_6397 pid=26844
[simulation] api_step requested session=save_slot_6398 mode=buyer_seller_negotiation running=False pid=None
[simulation] launching worker module=simulation.step_worker session=save_slot_6398 payload=C:\Users\maxim\Research\simulation\.runtime\save_slots\save_slot_6398\step_payload.json
[simulation] worker launched module=simulation.step_worker session=save_slot_6398 pid=20948
[simulation] api_step launched worker session=save_slot_6398 pid=20948
[simulation] api_step requested session=save_slot_6399 mode=buyer_seller_negotiation running=False pid=None
[simulation] launching worker module=simulation.step_worker session=save_slot_6399 payload=C:\Users\maxim\Research\simulation\.runtime\save_slots\save_slot_6399\step_payload.json
[simulation] worker launched module=simulation.step_worker session=save_slot_6399 pid=18416
[simulation] api_step launched worker session=save_slot_6399 pid=18416
[simulation] api_step requested session=save_slot_6400 mode=buyer_seller_negotiation running=False pid=None
[simulation] launching worker module=simulation.step_worker session=save_slot_6400 payload=C:\Users\maxim\Research\simulation\.runtime\save_slots\save_slot_6400\step_payload.json
[simulation] worker launched module=simulation.step_worker session=save_slot_6400 pid=24508
[simulation] api_step launched worker session=save_slot_6400 pid=24508
[simulation] api_step requested session=save_slot_6401 mode=buyer_seller_negotiation running=False pid=None
[simulation] launching worker module=simulation.step_worker session=save_slot_6401 payload=C:\Users\maxim\Research\simulation\.runtime\save_slots\save_slot_6401\step_payload.json
[simulation] worker launched module=simulation.step_worker session=save_slot_6401 pid=29700
[simulation] api_step launched worker session=save_slot_6401 pid=29700
[simulation] api_step requested session=save_slot_6402 mode=buyer_seller_negotiation running=False pid=None
[simulation] launching worker module=simulation.step_worker session=save_slot_6402 payload=C:\Users\maxim\Research\simulation\.runtime\save_slots\save_slot_6402\step_payload.json
[simulation] worker launched module=simulation.step_worker session=save_slot_6402 pid=31824
[simulation] api_step launched worker session=save_slot_6402 pid=31824
[simulation] api_step requested session=save_slot_6403 mode=buyer_seller_negotiation running=False pid=None
[simulation] launching worker module=simulation.step_worker session=save_slot_6403 payload=C:\Users\maxim\Research\simulation\.runtime\save_slots\save_slot_6403\step_payload.json
[simulation] worker launched module=simulation.step_worker session=save_slot_6403 pid=33868
[simulation] api_step launched worker session=save_slot_6403 pid=33868
[simulation] api_step requested session=save_slot_6404 mode=buyer_seller_negotiation running=False pid=None
[simulation] launching worker module=simulation.step_worker session=save_slot_6404 payload=C:\Users\maxim\Research\simulation\.runtime\save_slots\save_slot_6404\step_payload.json
[simulation] worker launched module=simulation.step_worker session=save_slot_6404 pid=14224
[simulation] api_step launched worker session=save_slot_6404 pid=14224
[simulation] api_step requested session=save_slot_6405 mode=buyer_seller_negotiation running=False pid=None
[simulation] launching worker module=simulation.step_worker session=save_slot_6405 payload=C:\Users\maxim\Research\simulation\.runtime\save_slots\save_slot_6405\step_payload.json
[simulation] worker launched module=simulation.step_worker session=save_slot_6405 pid=14296
[simulation] api_step launched worker session=save_slot_6405 pid=14296
[simulation] api_step requested session=save_slot_6406 mode=buyer_seller_negotiation running=False pid=None
[simulation] launching worker module=simulation.step_worker session=save_slot_6406 payload=C:\Users\maxim\Research\simulation\.runtime\save_slots\save_slot_6406\step_payload.json
[simulation] worker launched module=simulation.step_worker session=save_slot_6406 pid=27876
[simulation] api_step launched worker session=save_slot_6406 pid=27876
[simulation] api_step requested session=save_slot_6407 mode=buyer_seller_negotiation running=False pid=None
[simulation] launching worker module=simulation.step_worker session=save_slot_6407 payload=C:\Users\maxim\Research\simulation\.runtime\save_slots\save_slot_6407\step_payload.json
[simulation] worker launched module=simulation.step_worker session=save_slot_6407 pid=16432
[simulation] api_step launched worker session=save_slot_6407 pid=16432
[simulation] api_step requested session=save_slot_6408 mode=buyer_seller_negotiation running=False pid=None
[simulation] launching worker module=simulation.step_worker session=save_slot_6408 payload=C:\Users\maxim\Research\simulation\.runtime\save_slots\save_slot_6408\step_payload.json
[simulation] worker launched module=simulation.step_worker session=save_slot_6408 pid=8428
[simulation] api_step launched worker session=save_slot_6408 pid=8428
[simulation] api_step requested session=save_slot_6409 mode=buyer_seller_negotiation running=False pid=None
[simulation] launching worker module=simulation.step_worker session=save_slot_6409 payload=C:\Users\maxim\Research\simulation\.runtime\save_slots\save_slot_6409\step_payload.json
[simulation] worker launched module=simulation.step_worker session=save_slot_6409 pid=24832
[simulation] api_step launched worker session=save_slot_6409 pid=24832
[simulation] api_step requested session=save_slot_6410 mode=buyer_seller_negotiation running=False pid=None
[simulation] launching worker module=simulation.step_worker session=save_slot_6410 payload=C:\Users\maxim\Research\simulation\.runtime\save_slots\save_slot_6410\step_payload.json
[simulation] worker launched module=simulation.step_worker session=save_slot_6410 pid=24604
[simulation] api_step launched worker session=save_slot_6410 pid=24604
[simulation] api_step requested session=save_slot_6411 mode=buyer_seller_negotiation running=False pid=None
[simulation] launching worker module=simulation.step_worker session=save_slot_6411 payload=C:\Users\maxim\Research\simulation\.runtime\save_slots\save_slot_6411\step_payload.json
[simulation] worker launched module=simulation.step_worker session=save_slot_6411 pid=12136
[simulation] api_step launched worker session=save_slot_6411 pid=12136
[simulation] api_step requested session=save_slot_6412 mode=buyer_seller_negotiation running=False pid=None
[simulation] launching worker module=simulation.step_worker session=save_slot_6412 payload=C:\Users\maxim\Research\simulation\.runtime\save_slots\save_slot_6412\step_payload.json
[simulation] worker launched module=simulation.step_worker session=save_slot_6412 pid=24996
[simulation] api_step launched worker session=save_slot_6412 pid=24996
[simulation] api_step requested session=save_slot_6413 mode=buyer_seller_negotiation running=False pid=None
[simulation] launching worker module=simulation.step_worker session=save_slot_6413 payload=C:\Users\maxim\Research\simulation\.runtime\save_slots\save_slot_6413\step_payload.json
[simulation] worker launched module=simulation.step_worker session=save_slot_6413 pid=7868
[simulation] api_step launched worker session=save_slot_6413 pid=7868
[simulation] api_step requested session=save_slot_6414 mode=buyer_seller_negotiation running=False pid=None
[simulation] launching worker module=simulation.step_worker session=save_slot_6414 payload=C:\Users\maxim\Research\simulation\.runtime\save_slots\save_slot_6414\step_payload.json
[simulation] worker launched module=simulation.step_worker session=save_slot_6414 pid=4544
[simulation] api_step launched worker session=save_slot_6414 pid=4544
[simulation] api_step requested session=save_slot_6415 mode=buyer_seller_negotiation running=False pid=None
[simulation] launching worker module=simulation.step_worker session=save_slot_6415 payload=C:\Users\maxim\Research\simulation\.runtime\save_slots\save_slot_6415\step_payload.json
[simulation] worker launched module=simulation.step_worker session=save_slot_6415 pid=22384
[simulation] api_step launched worker session=save_slot_6415 pid=22384
[simulation] api_step requested session=save_slot_6416 mode=buyer_seller_negotiation running=False pid=None
[simulation] launching worker module=simulation.step_worker session=save_slot_6416 payload=C:\Users\maxim\Research\simulation\.runtime\save_slots\save_slot_6416\step_payload.json
[simulation] worker launched module=simulation.step_worker session=save_slot_6416 pid=12364
[simulation] api_step launched worker session=save_slot_6416 pid=12364
[simulation] api_step requested session=save_slot_6417 mode=buyer_seller_negotiation running=False pid=None
[simulation] launching worker module=simulation.step_worker session=save_slot_6417 payload=C:\Users\maxim\Research\simulation\.runtime\save_slots\save_slot_6417\step_payload.json
[simulation] worker launched module=simulation.step_worker session=save_slot_6417 pid=14012
[simulation] api_step launched worker session=save_slot_6417 pid=14012
[simulation] api_step requested session=save_slot_6418 mode=buyer_seller_negotiation running=False pid=None
[simulation] launching worker module=simulation.step_worker session=save_slot_6418 payload=C:\Users\maxim\Research\simulation\.runtime\save_slots\save_slot_6418\step_payload.json
[simulation] worker launched module=simulation.step_worker session=save_slot_6418 pid=33304
[simulation] api_step launched worker session=save_slot_6418 pid=33304
[simulation] api_step requested session=save_slot_6419 mode=buyer_seller_negotiation running=False pid=None
[simulation] launching worker module=simulation.step_worker session=save_slot_6419 payload=C:\Users\maxim\Research\simulation\.runtime\save_slots\save_slot_6419\step_payload.json
[simulation] worker launched module=simulation.step_worker session=save_slot_6419 pid=29084
[simulation] api_step launched worker session=save_slot_6419 pid=29084
[simulation] api_step requested session=save_slot_6420 mode=buyer_seller_negotiation running=False pid=None
[simulation] launching worker module=simulation.step_worker session=save_slot_6420 payload=C:\Users\maxim\Research\simulation\.runtime\save_slots\save_slot_6420\step_payload.json
[simulation] worker launched module=simulation.step_worker session=save_slot_6420 pid=26972
[simulation] api_step launched worker session=save_slot_6420 pid=26972
[simulation] api_step requested session=save_slot_6421 mode=buyer_seller_negotiation running=False pid=None
[simulation] launching worker module=simulation.step_worker session=save_slot_6421 payload=C:\Users\maxim\Research\simulation\.runtime\save_slots\save_slot_6421\step_payload.json
[simulation] worker launched module=simulation.step_worker session=save_slot_6421 pid=15004
[simulation] api_step launched worker session=save_slot_6421 pid=15004
[simulation] api_step requested session=save_slot_6422 mode=buyer_seller_negotiation running=False pid=None
[simulation] launching worker module=simulation.step_worker session=save_slot_6422 payload=C:\Users\maxim\Research\simulation\.runtime\save_slots\save_slot_6422\step_payload.json
[simulation] worker launched module=simulation.step_worker session=save_slot_6422 pid=6668
[simulation] api_step launched worker session=save_slot_6422 pid=6668
[simulation] api_step requested session=save_slot_6423 mode=buyer_seller_negotiation running=False pid=None
[simulation] launching worker module=simulation.step_worker session=save_slot_6423 payload=C:\Users\maxim\Research\simulation\.runtime\save_slots\save_slot_6423\step_payload.json
[simulation] worker launched module=simulation.step_worker session=save_slot_6423 pid=25892
[simulation] api_step launched worker session=save_slot_6423 pid=25892
[simulation] api_step requested session=save_slot_6424 mode=buyer_seller_negotiation running=False pid=None
[simulation] launching worker module=simulation.step_worker session=save_slot_6424 payload=C:\Users\maxim\Research\simulation\.runtime\save_slots\save_slot_6424\step_payload.json
[simulation] worker launched module=simulation.step_worker session=save_slot_6424 pid=6984
[simulation] api_step launched worker session=save_slot_6424 pid=6984
[simulation] api_step requested session=save_slot_6425 mode=buyer_seller_negotiation running=False pid=None
[simulation] launching worker module=simulation.step_worker session=save_slot_6425 payload=C:\Users\maxim\Research\simulation\.runtime\save_slots\save_slot_6425\step_payload.json
[simulation] worker launched module=simulation.step_worker session=save_slot_6425 pid=20672
[simulation] api_step launched worker session=save_slot_6425 pid=20672
[simulation] api_step requested session=save_slot_6426 mode=buyer_seller_negotiation running=False pid=None
[simulation] launching worker module=simulation.step_worker session=save_slot_6426 payload=C:\Users\maxim\Research\simulation\.runtime\save_slots\save_slot_6426\step_payload.json
[simulation] worker launched module=simulation.step_worker session=save_slot_6426 pid=23488
[simulation] api_step launched worker session=save_slot_6426 pid=23488
[simulation] api_step requested session=save_slot_6427 mode=buyer_seller_negotiation running=False pid=None
[simulation] launching worker module=simulation.step_worker session=save_slot_6427 payload=C:\Users\maxim\Research\simulation\.runtime\save_slots\save_slot_6427\step_payload.json
[simulation] worker launched module=simulation.step_worker session=save_slot_6427 pid=7592
[simulation] api_step launched worker session=save_slot_6427 pid=7592
[simulation] api_step requested session=save_slot_6428 mode=buyer_seller_negotiation running=False pid=None
[simulation] launching worker module=simulation.step_worker session=save_slot_6428 payload=C:\Users\maxim\Research\simulation\.runtime\save_slots\save_slot_6428\step_payload.json
[simulation] worker launched module=simulation.step_worker session=save_slot_6428 pid=13572
[simulation] api_step launched worker session=save_slot_6428 pid=13572
[simulation] api_step requested session=save_slot_6429 mode=buyer_seller_negotiation running=False pid=None
[simulation] launching worker module=simulation.step_worker session=save_slot_6429 payload=C:\Users\maxim\Research\simulation\.runtime\save_slots\save_slot_6429\step_payload.json
[simulation] worker launched module=simulation.step_worker session=save_slot_6429 pid=30892
[simulation] api_step launched worker session=save_slot_6429 pid=30892
[simulation] api_step requested session=save_slot_6430 mode=buyer_seller_negotiation running=False pid=None
[simulation] launching worker module=simulation.step_worker session=save_slot_6430 payload=C:\Users\maxim\Research\simulation\.runtime\save_slots\save_slot_6430\step_payload.json
[simulation] worker launched module=simulation.step_worker session=save_slot_6430 pid=3252
[simulation] api_step launched worker session=save_slot_6430 pid=3252
[simulation] api_step requested session=save_slot_6431 mode=buyer_seller_negotiation running=False pid=None
[simulation] launching worker module=simulation.step_worker session=save_slot_6431 payload=C:\Users\maxim\Research\simulation\.runtime\save_slots\save_slot_6431\step_payload.json
[simulation] worker launched module=simulation.step_worker session=save_slot_6431 pid=14708
[simulation] api_step launched worker session=save_slot_6431 pid=14708
[simulation] api_step requested session=save_slot_6432 mode=buyer_seller_negotiation running=False pid=None
[simulation] launching worker module=simulation.step_worker session=save_slot_6432 payload=C:\Users\maxim\Research\simulation\.runtime\save_slots\save_slot_6432\step_payload.json
[simulation] worker launched module=simulation.step_worker session=save_slot_6432 pid=29392
[simulation] api_step launched worker session=save_slot_6432 pid=29392
[simulation] api_step requested session=save_slot_6433 mode=buyer_seller_negotiation running=False pid=None
[simulation] launching worker module=simulation.step_worker session=save_slot_6433 payload=C:\Users\maxim\Research\simulation\.runtime\save_slots\save_slot_6433\step_payload.json
[simulation] worker launched module=simulation.step_worker session=save_slot_6433 pid=11644
[simulation] api_step launched worker session=save_slot_6433 pid=11644
[simulation] api_step requested session=save_slot_6434 mode=buyer_seller_negotiation running=False pid=None
[simulation] launching worker module=simulation.step_worker session=save_slot_6434 payload=C:\Users\maxim\Research\simulation\.runtime\save_slots\save_slot_6434\step_payload.json
[simulation] worker launched module=simulation.step_worker session=save_slot_6434 pid=26288
[simulation] api_step launched worker session=save_slot_6434 pid=26288
[simulation] api_step requested session=save_slot_6435 mode=buyer_seller_negotiation running=False pid=None
[simulation] launching worker module=simulation.step_worker session=save_slot_6435 payload=C:\Users\maxim\Research\simulation\.runtime\save_slots\save_slot_6435\step_payload.json
[simulation] worker launched module=simulation.step_worker session=save_slot_6435 pid=23232
[simulation] api_step launched worker session=save_slot_6435 pid=23232
[simulation] api_step requested session=save_slot_6436 mode=buyer_seller_negotiation running=False pid=None
[simulation] launching worker module=simulation.step_worker session=save_slot_6436 payload=C:\Users\maxim\Research\simulation\.runtime\save_slots\save_slot_6436\step_payload.json
[simulation] worker launched module=simulation.step_worker session=save_slot_6436 pid=20888
[simulation] api_step launched worker session=save_slot_6436 pid=20888
[simulation] api_step requested session=save_slot_6437 mode=buyer_seller_negotiation running=False pid=None
[simulation] launching worker module=simulation.step_worker session=save_slot_6437 payload=C:\Users\maxim\Research\simulation\.runtime\save_slots\save_slot_6437\step_payload.json
[simulation] worker launched module=simulation.step_worker session=save_slot_6437 pid=18768
[simulation] api_step launched worker session=save_slot_6437 pid=18768
[simulation] api_step requested session=save_slot_6438 mode=buyer_seller_negotiation running=False pid=None
[simulation] launching worker module=simulation.step_worker session=save_slot_6438 payload=C:\Users\maxim\Research\simulation\.runtime\save_slots\save_slot_6438\step_payload.json
[simulation] worker launched module=simulation.step_worker session=save_slot_6438 pid=24012
[simulation] api_step launched worker session=save_slot_6438 pid=24012
[simulation] api_step requested session=save_slot_6439 mode=buyer_seller_negotiation running=False pid=None
[simulation] launching worker module=simulation.step_worker session=save_slot_6439 payload=C:\Users\maxim\Research\simulation\.runtime\save_slots\save_slot_6439\step_payload.json
[simulation] worker launched module=simulation.step_worker session=save_slot_6439 pid=29776
[simulation] api_step launched worker session=save_slot_6439 pid=29776
[simulation] api_step requested session=save_slot_6440 mode=buyer_seller_negotiation running=False pid=None
[simulation] launching worker module=simulation.step_worker session=save_slot_6440 payload=C:\Users\maxim\Research\simulation\.runtime\save_slots\save_slot_6440\step_payload.json
[simulation] worker launched module=simulation.step_worker session=save_slot_6440 pid=34452
[simulation] api_step launched worker session=save_slot_6440 pid=34452
[simulation] api_step requested session=save_slot_6441 mode=buyer_seller_negotiation running=False pid=None
[simulation] launching worker module=simulation.step_worker session=save_slot_6441 payload=C:\Users\maxim\Research\simulation\.runtime\save_slots\save_slot_6441\step_payload.json
[simulation] worker launched module=simulation.step_worker session=save_slot_6441 pid=29996
[simulation] api_step launched worker session=save_slot_6441 pid=29996
[simulation] api_step requested session=save_slot_6442 mode=buyer_seller_negotiation running=False pid=None
[simulation] launching worker module=simulation.step_worker session=save_slot_6442 payload=C:\Users\maxim\Research\simulation\.runtime\save_slots\save_slot_6442\step_payload.json
[simulation] worker launched module=simulation.step_worker session=save_slot_6442 pid=34600
[simulation] api_step launched worker session=save_slot_6442 pid=34600
[simulation] api_step requested session=save_slot_6443 mode=buyer_seller_negotiation running=False pid=None
[simulation] launching worker module=simulation.step_worker session=save_slot_6443 payload=C:\Users\maxim\Research\simulation\.runtime\save_slots\save_slot_6443\step_payload.json
[simulation] worker launched module=simulation.step_worker session=save_slot_6443 pid=34492
[simulation] api_step launched worker session=save_slot_6443 pid=34492
[simulation] api_step requested session=save_slot_6444 mode=buyer_seller_negotiation running=False pid=None
[simulation] launching worker module=simulation.step_worker session=save_slot_6444 payload=C:\Users\maxim\Research\simulation\.runtime\save_slots\save_slot_6444\step_payload.json
[simulation] worker launched module=simulation.step_worker session=save_slot_6444 pid=35420
[simulation] api_step launched worker session=save_slot_6444 pid=35420
[simulation] api_step requested session=save_slot_6445 mode=buyer_seller_negotiation running=False pid=None
[simulation] launching worker module=simulation.step_worker session=save_slot_6445 payload=C:\Users\maxim\Research\simulation\.runtime\save_slots\save_slot_6445\step_payload.json
[simulation] worker launched module=simulation.step_worker session=save_slot_6445 pid=28224
[simulation] api_step launched worker session=save_slot_6445 pid=28224
[simulation] api_step requested session=save_slot_6446 mode=buyer_seller_negotiation running=False pid=None
[simulation] launching worker module=simulation.step_worker session=save_slot_6446 payload=C:\Users\maxim\Research\simulation\.runtime\save_slots\save_slot_6446\step_payload.json
[simulation] worker launched module=simulation.step_worker session=save_slot_6446 pid=25448
[simulation] api_step launched worker session=save_slot_6446 pid=25448
[simulation] api_step requested session=save_slot_6447 mode=buyer_seller_negotiation running=False pid=None
[simulation] launching worker module=simulation.step_worker session=save_slot_6447 payload=C:\Users\maxim\Research\simulation\.runtime\save_slots\save_slot_6447\step_payload.json
[simulation] worker launched module=simulation.step_worker session=save_slot_6447 pid=26080
[simulation] api_step launched worker session=save_slot_6447 pid=26080
[simulation] api_step requested session=save_slot_6448 mode=buyer_seller_negotiation running=False pid=None
[simulation] launching worker module=simulation.step_worker session=save_slot_6448 payload=C:\Users\maxim\Research\simulation\.runtime\save_slots\save_slot_6448\step_payload.json
[simulation] worker launched module=simulation.step_worker session=save_slot_6448 pid=4256
[simulation] api_step launched worker session=save_slot_6448 pid=4256
[simulation] api_step requested session=save_slot_6449 mode=buyer_seller_negotiation running=False pid=None
[simulation] launching worker module=simulation.step_worker session=save_slot_6449 payload=C:\Users\maxim\Research\simulation\.runtime\save_slots\save_slot_6449\step_payload.json
[simulation] worker launched module=simulation.step_worker session=save_slot_6449 pid=1928
[simulation] api_step launched worker session=save_slot_6449 pid=1928
[simulation] api_step requested session=save_slot_6450 mode=buyer_seller_negotiation running=False pid=None
[simulation] launching worker module=simulation.step_worker session=save_slot_6450 payload=C:\Users\maxim\Research\simulation\.runtime\save_slots\save_slot_6450\step_payload.json
[simulation] worker launched module=simulation.step_worker session=save_slot_6450 pid=26996
[simulation] api_step launched worker session=save_slot_6450 pid=26996
[simulation] api_step requested session=save_slot_6451 mode=buyer_seller_negotiation running=False pid=None
[simulation] launching worker module=simulation.step_worker session=save_slot_6451 payload=C:\Users\maxim\Research\simulation\.runtime\save_slots\save_slot_6451\step_payload.json
[simulation] worker launched module=simulation.step_worker session=save_slot_6451 pid=29280
[simulation] api_step launched worker session=save_slot_6451 pid=29280
[simulation] api_step requested session=save_slot_6452 mode=buyer_seller_negotiation running=False pid=None
[simulation] launching worker module=simulation.step_worker session=save_slot_6452 payload=C:\Users\maxim\Research\simulation\.runtime\save_slots\save_slot_6452\step_payload.json
[simulation] worker launched module=simulation.step_worker session=save_slot_6452 pid=27112
[simulation] api_step launched worker session=save_slot_6452 pid=27112
[simulation] api_step requested session=save_slot_6453 mode=buyer_seller_negotiation running=False pid=None
[simulation] launching worker module=simulation.step_worker session=save_slot_6453 payload=C:\Users\maxim\Research\simulation\.runtime\save_slots\save_slot_6453\step_payload.json
[simulation] worker launched module=simulation.step_worker session=save_slot_6453 pid=15156
[simulation] api_step launched worker session=save_slot_6453 pid=15156
[simulation] api_step requested session=save_slot_6454 mode=buyer_seller_negotiation running=False pid=None
[simulation] launching worker module=simulation.step_worker session=save_slot_6454 payload=C:\Users\maxim\Research\simulation\.runtime\save_slots\save_slot_6454\step_payload.json
[simulation] worker launched module=simulation.step_worker session=save_slot_6454 pid=15592
[simulation] api_step launched worker session=save_slot_6454 pid=15592
[simulation] api_step requested session=save_slot_6455 mode=buyer_seller_negotiation running=False pid=None
[simulation] launching worker module=simulation.step_worker session=save_slot_6455 payload=C:\Users\maxim\Research\simulation\.runtime\save_slots\save_slot_6455\step_payload.json
[simulation] worker launched module=simulation.step_worker session=save_slot_6455 pid=33420
[simulation] api_step launched worker session=save_slot_6455 pid=33420
[simulation] api_step requested session=save_slot_6456 mode=buyer_seller_negotiation running=False pid=None
[simulation] launching worker module=simulation.step_worker session=save_slot_6456 payload=C:\Users\maxim\Research\simulation\.runtime\save_slots\save_slot_6456\step_payload.json
[simulation] worker launched module=simulation.step_worker session=save_slot_6456 pid=13720
[simulation] api_step launched worker session=save_slot_6456 pid=13720
[simulation] api_step requested session=save_slot_6457 mode=buyer_seller_negotiation running=False pid=None
[simulation] launching worker module=simulation.step_worker session=save_slot_6457 payload=C:\Users\maxim\Research\simulation\.runtime\save_slots\save_slot_6457\step_payload.json
[simulation] worker launched module=simulation.step_worker session=save_slot_6457 pid=2884
[simulation] api_step launched worker session=save_slot_6457 pid=2884
[simulation] api_step requested session=save_slot_6458 mode=buyer_seller_negotiation running=False pid=None
[simulation] launching worker module=simulation.step_worker session=save_slot_6458 payload=C:\Users\maxim\Research\simulation\.runtime\save_slots\save_slot_6458\step_payload.json
[simulation] worker launched module=simulation.step_worker session=save_slot_6458 pid=8368
[simulation] api_step launched worker session=save_slot_6458 pid=8368
[simulation] api_step requested session=save_slot_6459 mode=buyer_seller_negotiation running=False pid=None
[simulation] launching worker module=simulation.step_worker session=save_slot_6459 payload=C:\Users\maxim\Research\simulation\.runtime\save_slots\save_slot_6459\step_payload.json
[simulation] worker launched module=simulation.step_worker session=save_slot_6459 pid=7232
[simulation] api_step launched worker session=save_slot_6459 pid=7232
[simulation] api_step requested session=save_slot_6460 mode=buyer_seller_negotiation running=False pid=None
[simulation] launching worker module=simulation.step_worker session=save_slot_6460 payload=C:\Users\maxim\Research\simulation\.runtime\save_slots\save_slot_6460\step_payload.json
[simulation] worker launched module=simulation.step_worker session=save_slot_6460 pid=24896
[simulation] api_step launched worker session=save_slot_6460 pid=24896
[simulation] api_step requested session=save_slot_6461 mode=buyer_seller_negotiation running=False pid=None
[simulation] launching worker module=simulation.step_worker session=save_slot_6461 payload=C:\Users\maxim\Research\simulation\.runtime\save_slots\save_slot_6461\step_payload.json
[simulation] worker launched module=simulation.step_worker session=save_slot_6461 pid=33364
[simulation] api_step launched worker session=save_slot_6461 pid=33364
[simulation] api_step requested session=save_slot_6462 mode=buyer_seller_negotiation running=False pid=None
[simulation] launching worker module=simulation.step_worker session=save_slot_6462 payload=C:\Users\maxim\Research\simulation\.runtime\save_slots\save_slot_6462\step_payload.json
[simulation] worker launched module=simulation.step_worker session=save_slot_6462 pid=9984
[simulation] api_step launched worker session=save_slot_6462 pid=9984
[simulation] api_step requested session=save_slot_6463 mode=buyer_seller_negotiation running=False pid=None
[simulation] launching worker module=simulation.step_worker session=save_slot_6463 payload=C:\Users\maxim\Research\simulation\.runtime\save_slots\save_slot_6463\step_payload.json
[simulation] worker launched module=simulation.step_worker session=save_slot_6463 pid=18088
[simulation] api_step launched worker session=save_slot_6463 pid=18088
[simulation] api_step requested session=save_slot_6464 mode=buyer_seller_negotiation running=False pid=None
[simulation] launching worker module=simulation.step_worker session=save_slot_6464 payload=C:\Users\maxim\Research\simulation\.runtime\save_slots\save_slot_6464\step_payload.json
[simulation] worker launched module=simulation.step_worker session=save_slot_6464 pid=27384
[simulation] api_step launched worker session=save_slot_6464 pid=27384
[simulation] api_step requested session=save_slot_6465 mode=buyer_seller_negotiation running=False pid=None
[simulation] launching worker module=simulation.step_worker session=save_slot_6465 payload=C:\Users\maxim\Research\simulation\.runtime\save_slots\save_slot_6465\step_payload.json
[simulation] worker launched module=simulation.step_worker session=save_slot_6465 pid=29780
[simulation] api_step launched worker session=save_slot_6465 pid=29780
[simulation] api_step requested session=save_slot_6466 mode=buyer_seller_negotiation running=False pid=None
[simulation] launching worker module=simulation.step_worker session=save_slot_6466 payload=C:\Users\maxim\Research\simulation\.runtime\save_slots\save_slot_6466\step_payload.json
[simulation] worker launched module=simulation.step_worker session=save_slot_6466 pid=31296
[simulation] api_step launched worker session=save_slot_6466 pid=31296
[simulation] api_step requested session=save_slot_6467 mode=buyer_seller_negotiation running=False pid=None
[simulation] launching worker module=simulation.step_worker session=save_slot_6467 payload=C:\Users\maxim\Research\simulation\.runtime\save_slots\save_slot_6467\step_payload.json
[simulation] worker launched module=simulation.step_worker session=save_slot_6467 pid=1220
[simulation] api_step launched worker session=save_slot_6467 pid=1220
[simulation] api_step requested session=save_slot_6468 mode=buyer_seller_negotiation running=False pid=None
[simulation] launching worker module=simulation.step_worker session=save_slot_6468 payload=C:\Users\maxim\Research\simulation\.runtime\save_slots\save_slot_6468\step_payload.json
[simulation] worker launched module=simulation.step_worker session=save_slot_6468 pid=19096
[simulation] api_step launched worker session=save_slot_6468 pid=19096
[simulation] api_step requested session=save_slot_6469 mode=buyer_seller_negotiation running=False pid=None
[simulation] launching worker module=simulation.step_worker session=save_slot_6469 payload=C:\Users\maxim\Research\simulation\.runtime\save_slots\save_slot_6469\step_payload.json
[simulation] worker launched module=simulation.step_worker session=save_slot_6469 pid=34092
[simulation] api_step launched worker session=save_slot_6469 pid=34092
[simulation] api_step requested session=save_slot_6470 mode=buyer_seller_negotiation running=False pid=None
[simulation] launching worker module=simulation.step_worker session=save_slot_6470 payload=C:\Users\maxim\Research\simulation\.runtime\save_slots\save_slot_6470\step_payload.json
[simulation] worker launched module=simulation.step_worker session=save_slot_6470 pid=18524
[simulation] api_step launched worker session=save_slot_6470 pid=18524
[simulation] api_step requested session=save_slot_6471 mode=buyer_seller_negotiation running=False pid=None
[simulation] launching worker module=simulation.step_worker session=save_slot_6471 payload=C:\Users\maxim\Research\simulation\.runtime\save_slots\save_slot_6471\step_payload.json
[simulation] worker launched module=simulation.step_worker session=save_slot_6471 pid=35852
[simulation] api_step launched worker session=save_slot_6471 pid=35852
[simulation] api_step requested session=save_slot_6472 mode=buyer_seller_negotiation running=False pid=None
[simulation] launching worker module=simulation.step_worker session=save_slot_6472 payload=C:\Users\maxim\Research\simulation\.runtime\save_slots\save_slot_6472\step_payload.json
[simulation] worker launched module=simulation.step_worker session=save_slot_6472 pid=10608
[simulation] api_step launched worker session=save_slot_6472 pid=10608
[simulation] api_step requested session=save_slot_6473 mode=buyer_seller_negotiation running=False pid=None
[simulation] launching worker module=simulation.step_worker session=save_slot_6473 payload=C:\Users\maxim\Research\simulation\.runtime\save_slots\save_slot_6473\step_payload.json
[simulation] worker launched module=simulation.step_worker session=save_slot_6473 pid=19548
[simulation] api_step launched worker session=save_slot_6473 pid=19548
[simulation] api_step requested session=save_slot_6474 mode=buyer_seller_negotiation running=False pid=None
[simulation] launching worker module=simulation.step_worker session=save_slot_6474 payload=C:\Users\maxim\Research\simulation\.runtime\save_slots\save_slot_6474\step_payload.json
[simulation] worker launched module=simulation.step_worker session=save_slot_6474 pid=13996
[simulation] api_step launched worker session=save_slot_6474 pid=13996
[simulation] api_step requested session=save_slot_6475 mode=buyer_seller_negotiation running=False pid=None
[simulation] launching worker module=simulation.step_worker session=save_slot_6475 payload=C:\Users\maxim\Research\simulation\.runtime\save_slots\save_slot_6475\step_payload.json
[simulation] worker launched module=simulation.step_worker session=save_slot_6475 pid=11384
[simulation] api_step launched worker session=save_slot_6475 pid=11384
[simulation] api_step requested session=save_slot_6476 mode=buyer_seller_negotiation running=False pid=None
[simulation] launching worker module=simulation.step_worker session=save_slot_6476 payload=C:\Users\maxim\Research\simulation\.runtime\save_slots\save_slot_6476\step_payload.json
[simulation] worker launched module=simulation.step_worker session=save_slot_6476 pid=30384
[simulation] api_step launched worker session=save_slot_6476 pid=30384
[simulation] api_step requested session=save_slot_6477 mode=buyer_seller_negotiation running=False pid=None
[simulation] launching worker module=simulation.step_worker session=save_slot_6477 payload=C:\Users\maxim\Research\simulation\.runtime\save_slots\save_slot_6477\step_payload.json
[simulation] worker launched module=simulation.step_worker session=save_slot_6477 pid=32532
[simulation] api_step launched worker session=save_slot_6477 pid=32532
[simulation] api_step requested session=save_slot_6478 mode=buyer_seller_negotiation running=False pid=None
[simulation] launching worker module=simulation.step_worker session=save_slot_6478 payload=C:\Users\maxim\Research\simulation\.runtime\save_slots\save_slot_6478\step_payload.json
[simulation] worker launched module=simulation.step_worker session=save_slot_6478 pid=13416
[simulation] api_step launched worker session=save_slot_6478 pid=13416
[simulation] api_step requested session=save_slot_6479 mode=buyer_seller_negotiation running=False pid=None
[simulation] launching worker module=simulation.step_worker session=save_slot_6479 payload=C:\Users\maxim\Research\simulation\.runtime\save_slots\save_slot_6479\step_payload.json
[simulation] worker launched module=simulation.step_worker session=save_slot_6479 pid=18652
[simulation] api_step launched worker session=save_slot_6479 pid=18652
[simulation] api_step requested session=save_slot_6480 mode=buyer_seller_negotiation running=False pid=None
[simulation] launching worker module=simulation.step_worker session=save_slot_6480 payload=C:\Users\maxim\Research\simulation\.runtime\save_slots\save_slot_6480\step_payload.json
[simulation] worker launched module=simulation.step_worker session=save_slot_6480 pid=20408
[simulation] api_step launched worker session=save_slot_6480 pid=20408
[simulation] api_step requested session=save_slot_6481 mode=buyer_seller_negotiation running=False pid=None
[simulation] launching worker module=simulation.step_worker session=save_slot_6481 payload=C:\Users\maxim\Research\simulation\.runtime\save_slots\save_slot_6481\step_payload.json
[simulation] worker launched module=simulation.step_worker session=save_slot_6481 pid=16272
[simulation] api_step launched worker session=save_slot_6481 pid=16272
[simulation] api_step requested session=save_slot_6482 mode=buyer_seller_negotiation running=False pid=None
[simulation] launching worker module=simulation.step_worker session=save_slot_6482 payload=C:\Users\maxim\Research\simulation\.runtime\save_slots\save_slot_6482\step_payload.json
[simulation] worker launched module=simulation.step_worker session=save_slot_6482 pid=20688
[simulation] api_step launched worker session=save_slot_6482 pid=20688
[simulation] api_step requested session=save_slot_6483 mode=buyer_seller_negotiation running=False pid=None
[simulation] launching worker module=simulation.step_worker session=save_slot_6483 payload=C:\Users\maxim\Research\simulation\.runtime\save_slots\save_slot_6483\step_payload.json
[simulation] worker launched module=simulation.step_worker session=save_slot_6483 pid=34032
[simulation] api_step launched worker session=save_slot_6483 pid=34032
[simulation] api_step requested session=save_slot_6484 mode=buyer_seller_negotiation running=False pid=None
[simulation] launching worker module=simulation.step_worker session=save_slot_6484 payload=C:\Users\maxim\Research\simulation\.runtime\save_slots\save_slot_6484\step_payload.json
[simulation] worker launched module=simulation.step_worker session=save_slot_6484 pid=27960
[simulation] api_step launched worker session=save_slot_6484 pid=27960
[simulation] api_step requested session=save_slot_6485 mode=buyer_seller_negotiation running=False pid=None
[simulation] launching worker module=simulation.step_worker session=save_slot_6485 payload=C:\Users\maxim\Research\simulation\.runtime\save_slots\save_slot_6485\step_payload.json
[simulation] worker launched module=simulation.step_worker session=save_slot_6485 pid=34832
[simulation] api_step launched worker session=save_slot_6485 pid=34832
[simulation] api_step requested session=save_slot_6486 mode=buyer_seller_negotiation running=False pid=None
[simulation] launching worker module=simulation.step_worker session=save_slot_6486 payload=C:\Users\maxim\Research\simulation\.runtime\save_slots\save_slot_6486\step_payload.json
[simulation] worker launched module=simulation.step_worker session=save_slot_6486 pid=6100
[simulation] api_step launched worker session=save_slot_6486 pid=6100
[simulation] api_step requested session=save_slot_6487 mode=buyer_seller_negotiation running=False pid=None
[simulation] launching worker module=simulation.step_worker session=save_slot_6487 payload=C:\Users\maxim\Research\simulation\.runtime\save_slots\save_slot_6487\step_payload.json
[simulation] worker launched module=simulation.step_worker session=save_slot_6487 pid=26432
[simulation] api_step launched worker session=save_slot_6487 pid=26432
[simulation] api_step requested session=save_slot_6488 mode=buyer_seller_negotiation running=False pid=None
[simulation] launching worker module=simulation.step_worker session=save_slot_6488 payload=C:\Users\maxim\Research\simulation\.runtime\save_slots\save_slot_6488\step_payload.json
[simulation] worker launched module=simulation.step_worker session=save_slot_6488 pid=33272
[simulation] api_step launched worker session=save_slot_6488 pid=33272
[simulation] api_step requested session=save_slot_6489 mode=buyer_seller_negotiation running=False pid=None
[simulation] launching worker module=simulation.step_worker session=save_slot_6489 payload=C:\Users\maxim\Research\simulation\.runtime\save_slots\save_slot_6489\step_payload.json
[simulation] worker launched module=simulation.step_worker session=save_slot_6489 pid=9612
[simulation] api_step launched worker session=save_slot_6489 pid=9612
[simulation] api_step requested session=save_slot_6490 mode=buyer_seller_negotiation running=False pid=None
[simulation] launching worker module=simulation.step_worker session=save_slot_6490 payload=C:\Users\maxim\Research\simulation\.runtime\save_slots\save_slot_6490\step_payload.json
[simulation] worker launched module=simulation.step_worker session=save_slot_6490 pid=31652
[simulation] api_step launched worker session=save_slot_6490 pid=31652
[simulation] api_step requested session=save_slot_6491 mode=buyer_seller_negotiation running=False pid=None
[simulation] launching worker module=simulation.step_worker session=save_slot_6491 payload=C:\Users\maxim\Research\simulation\.runtime\save_slots\save_slot_6491\step_payload.json
[simulation] worker launched module=simulation.step_worker session=save_slot_6491 pid=35912
[simulation] api_step launched worker session=save_slot_6491 pid=35912
[simulation] api_step requested session=save_slot_6492 mode=buyer_seller_negotiation running=False pid=None
[simulation] launching worker module=simulation.step_worker session=save_slot_6492 payload=C:\Users\maxim\Research\simulation\.runtime\save_slots\save_slot_6492\step_payload.json
[simulation] worker launched module=simulation.step_worker session=save_slot_6492 pid=23384
[simulation] api_step launched worker session=save_slot_6492 pid=23384
[simulation] api_step requested session=save_slot_6493 mode=buyer_seller_negotiation running=False pid=None
[simulation] launching worker module=simulation.step_worker session=save_slot_6493 payload=C:\Users\maxim\Research\simulation\.runtime\save_slots\save_slot_6493\step_payload.json
[simulation] worker launched module=simulation.step_worker session=save_slot_6493 pid=28292
[simulation] api_step launched worker session=save_slot_6493 pid=28292
[simulation] api_step requested session=save_slot_6494 mode=buyer_seller_negotiation running=False pid=None
[simulation] launching worker module=simulation.step_worker session=save_slot_6494 payload=C:\Users\maxim\Research\simulation\.runtime\save_slots\save_slot_6494\step_payload.json
[simulation] worker launched module=simulation.step_worker session=save_slot_6494 pid=30408
[simulation] api_step launched worker session=save_slot_6494 pid=30408
[simulation] api_step requested session=save_slot_6495 mode=buyer_seller_negotiation running=False pid=None
[simulation] launching worker module=simulation.step_worker session=save_slot_6495 payload=C:\Users\maxim\Research\simulation\.runtime\save_slots\save_slot_6495\step_payload.json
[simulation] worker launched module=simulation.step_worker session=save_slot_6495 pid=35252
[simulation] api_step launched worker session=save_slot_6495 pid=35252
[simulation] api_step requested session=save_slot_6496 mode=buyer_seller_negotiation running=False pid=None
[simulation] launching worker module=simulation.step_worker session=save_slot_6496 payload=C:\Users\maxim\Research\simulation\.runtime\save_slots\save_slot_6496\step_payload.json
[simulation] worker launched module=simulation.step_worker session=save_slot_6496 pid=21476
[simulation] api_step launched worker session=save_slot_6496 pid=21476
[simulation] api_step requested session=save_slot_6497 mode=buyer_seller_negotiation running=False pid=None
[simulation] launching worker module=simulation.step_worker session=save_slot_6497 payload=C:\Users\maxim\Research\simulation\.runtime\save_slots\save_slot_6497\step_payload.json
[simulation] worker launched module=simulation.step_worker session=save_slot_6497 pid=31648
[simulation] api_step launched worker session=save_slot_6497 pid=31648
[simulation] api_step requested session=save_slot_6498 mode=buyer_seller_negotiation running=False pid=None
[simulation] launching worker module=simulation.step_worker session=save_slot_6498 payload=C:\Users\maxim\Research\simulation\.runtime\save_slots\save_slot_6498\step_payload.json
[simulation] worker launched module=simulation.step_worker session=save_slot_6498 pid=24956
[simulation] api_step launched worker session=save_slot_6498 pid=24956
[simulation] api_step requested session=save_slot_6499 mode=buyer_seller_negotiation running=False pid=None
[simulation] launching worker module=simulation.step_worker session=save_slot_6499 payload=C:\Users\maxim\Research\simulation\.runtime\save_slots\save_slot_6499\step_payload.json
[simulation] worker launched module=simulation.step_worker session=save_slot_6499 pid=26648
[simulation] api_step launched worker session=save_slot_6499 pid=26648
[simulation] api_step requested session=save_slot_6500 mode=buyer_seller_negotiation running=False pid=None
[simulation] launching worker module=simulation.step_worker session=save_slot_6500 payload=C:\Users\maxim\Research\simulation\.runtime\save_slots\save_slot_6500\step_payload.json
[simulation] worker launched module=simulation.step_worker session=save_slot_6500 pid=27984
[simulation] api_step launched worker session=save_slot_6500 pid=27984
[simulation] api_step requested session=save_slot_6501 mode=buyer_seller_negotiation running=False pid=None
[simulation] launching worker module=simulation.step_worker session=save_slot_6501 payload=C:\Users\maxim\Research\simulation\.runtime\save_slots\save_slot_6501\step_payload.json
[simulation] worker launched module=simulation.step_worker session=save_slot_6501 pid=16080
[simulation] api_step launched worker session=save_slot_6501 pid=16080
[simulation] api_step requested session=save_slot_6502 mode=buyer_seller_negotiation running=False pid=None
[simulation] launching worker module=simulation.step_worker session=save_slot_6502 payload=C:\Users\maxim\Research\simulation\.runtime\save_slots\save_slot_6502\step_payload.json
[simulation] worker launched module=simulation.step_worker session=save_slot_6502 pid=26556
[simulation] api_step launched worker session=save_slot_6502 pid=26556
[simulation] api_step requested session=save_slot_6503 mode=buyer_seller_negotiation running=False pid=None
[simulation] launching worker module=simulation.step_worker session=save_slot_6503 payload=C:\Users\maxim\Research\simulation\.runtime\save_slots\save_slot_6503\step_payload.json
[simulation] worker launched module=simulation.step_worker session=save_slot_6503 pid=36776
[simulation] api_step launched worker session=save_slot_6503 pid=36776
[simulation] api_step requested session=save_slot_6504 mode=buyer_seller_negotiation running=False pid=None
[simulation] launching worker module=simulation.step_worker session=save_slot_6504 payload=C:\Users\maxim\Research\simulation\.runtime\save_slots\save_slot_6504\step_payload.json
[simulation] worker launched module=simulation.step_worker session=save_slot_6504 pid=12540
[simulation] api_step launched worker session=save_slot_6504 pid=12540
[simulation] api_step requested session=save_slot_6505 mode=buyer_seller_negotiation running=False pid=None
[simulation] launching worker module=simulation.step_worker session=save_slot_6505 payload=C:\Users\maxim\Research\simulation\.runtime\save_slots\save_slot_6505\step_payload.json
[simulation] worker launched module=simulation.step_worker session=save_slot_6505 pid=22052
[simulation] api_step launched worker session=save_slot_6505 pid=22052
